source_id,source_name,iso3_country,lat,lon,capacity,capacity_units,capacity_factor
1054027,Abbeville County,USA,34.22316534205619,-82.45830243623014,201605.089,m^2,54.991962375513246
34157084,Abilene Urban Area,USA,,,2922695.433,m^2,57.51433325143187
1052820,Acadia Parish,USA,30.291811406961557,-92.41182816760912,512078.827,m^2,53.18190555455244
1054530,Accomack County,USA,37.75224956995661,-75.62807259875582,211725.066,m^2,53.388962386720905
1052256,Ada County,USA,43.45043165030778,-116.2403129337941,8879498.01,m^2,45.84809723415885
1052496,Adair County,USA,41.32990403033827,-94.4721487508976,105062.78,m^2,49.382422167012905
1052700,Adair County,USA,37.10447655950445,-85.28031371201332,32627.726,m^2,52.80263138779577
1053194,Adair County,USA,40.19204457685902,-92.6019183568453,361382.054,m^2,49.43855039630717
1053842,Adair County,USA,35.88471539769144,-94.65830096762376,102415.023,m^2,53.38264152906552
1051949,Adams County,USA,39.87337011026823,-104.3381536098023,13810476.195,m^2,44.6803246503116
1052257,Adams County,USA,44.890286377215205,-116.45263025723855,2871.98,m^2,41.480523193058445
1052300,Adams County,USA,39.98822991150662,-91.18807548949428,2105497.37,m^2,49.85168006930353
1052403,Adams County,USA,40.74562106269099,-84.93705398195544,687896.512,m^2,49.15110229836433
1052497,Adams County,USA,41.0284468868242,-94.7008922829577,24416.705,m^2,49.41732809566237
1053112,Adams County,USA,31.482175713001897,-91.35632728040568,274847.704,m^2,56.09846416981529
1053364,Adams County,USA,40.52576316187734,-98.50214356214234,738354.085,m^2,47.76122558731425
1053700,Adams County,USA,46.09646998923906,-102.52916066168432,50070.006,m^2,43.05747143309709
1053753,Adams County,USA,38.84502609481219,-83.47206332886188,64459.705,m^2,51.5176406407693
1053955,Adams County,USA,39.87174284353251,-77.21807341944566,731500.483,m^2,50.57395098124631
1054663,Adams County,USA,46.98306181523307,-118.5612711909618,393965.098,m^2,46.101575871068654
1054757,Adams County,USA,43.969050928320705,-89.76982962714159,114692.987,m^2,48.012338444023605
1054516,Addison County,USA,44.030201860926304,-73.14171838907193,187239.982,m^2,48.04348744810283
1054028,Aiken County,USA,33.54514026670487,-81.63440440633713,2367111.216,m^2,54.27849675483942
1053024,Aitkin County,USA,46.60791121093765,-93.41507956500854,173845.77,m^2,46.180747895102655
34157219,Akron Urban Area,USA,,,7285181.47,m^2,49.12644031679832
1052025,Alachua County,USA,29.67504110294082,-82.35765392931798,5086427.653,m^2,51.02929039773369
1053600,Alamance County,USA,36.04410847531669,-79.40005518733001,2173614.809,m^2,54.56333215937342
1051891,Alameda County,USA,37.65037008061687,-121.92772768201556,31225292.819,m^2,41.483798148877824
1051950,Alamosa County,USA,37.571617304313484,-105.78769139480823,168026.709,m^2,48.018355605596014
1053537,Albany County,USA,42.60024941985184,-73.97295693010787,4395178.69,m^2,48.853189177389275
1054831,Albany County,USA,41.65530928550006,-105.72340998407358,426218.338,m^2,42.79108069489024
34157249,Albany Urban Area,USA,,,7556474.162,m^2,48.78046377047878
1054531,Albemarle County,USA,38.024053875860545,-78.556223301284,649877.379,m^2,52.46625812928934
34157068,Albuquerque Urban Area,USA,,,12656598.046,m^2,50.77924435912041
1052937,Alcona County,USA,44.68504473926633,-83.59420216884814,12780.544,m^2,45.04195259607103
1053113,Alcorn County,USA,34.88309978601723,-88.58127718581336,431644.412,m^2,53.90170253379765
1051775,Aleutians East Borough,USA,55.125035176690695,-162.10140193847752,7503.501,m^2,36.54336555695801
1051776,Aleutians West Census Area,USA,52.65132302582897,-83.85066504300174,52834.237,m^2,36.69113961085498
1052301,Alexander County,USA,37.191020730790385,-89.3380839916596,41753.988,m^2,53.06982961723322
1053601,Alexander County,USA,35.92272671666916,-81.17745814237216,125687.848,m^2,53.03829272341428
1054532,Alexandria Independent City,USA,38.81741542723768,-77.08228698257193,1914911.786,m^2,53.02258074252617
1053843,Alfalfa County,USA,36.7317754273914,-98.32523950392246,43277.051,m^2,52.1705482658696
1052938,Alger County,USA,46.409142674259165,-86.6047677919953,36356.841,m^2,42.67584708473434
1052498,Allamakee County,USA,43.285203786071385,-91.37812788006762,210257.044,m^2,48.2774839733788
1052939,Allegan County,USA,42.59043834839652,-85.88898645225078,1350555.139,m^2,47.46142697473383
1052900,Allegany County,USA,39.62179938731816,-78.69326240378338,703746.422,m^2,49.14698368725774
1053538,Allegany County,USA,42.25728633396892,-78.02747234515732,150450.023,m^2,47.39636464528822
1053602,Alleghany County,USA,36.491374061626175,-81.12880377866563,93805.134,m^2,50.64478980436188
1054533,Alleghany County,USA,37.788926873534336,-80.00908135901624,150343.017,m^2,49.61341768869784
1053956,Allegheny County,USA,40.4698807366839,-79.98107939772778,20365325.766,m^2,49.49391864095753
1052404,Allen County,USA,41.09099017982626,-85.066811315943,10194841.213,m^2,48.82940770369407
1052595,Allen County,USA,37.885646450401765,-95.3009823362884,272029.234,m^2,51.519562595981874
1052701,Allen County,USA,36.751679873290584,-86.19058848689363,84564.844,m^2,52.51477900201648
1053754,Allen County,USA,40.771606165961416,-84.10583482261444,3839515.163,m^2,49.18971558467055
1054029,Allendale County,USA,32.98858464199016,-81.35661895963706,55854.333,m^2,53.79226437096653
1052821,Allen Parish,USA,30.653580975496457,-92.82801744516638,92836.068,m^2,54.1490943584556
34157239,Allentown Urban Area,USA,,,14466353.344,m^2,49.23824911413694
1052940,Alpena County,USA,45.03489458889091,-83.62757185336211,259784.651,m^2,44.92958110908562
1051892,Alpine County,USA,38.59877297399535,-119.82047830759308,5504.544,m^2,41.37543636675445
1051893,Amador County,USA,38.4468634262885,-120.64633434765194,204980.837,m^2,45.59690770020614
34157083,Amarillo Urban Area,USA,,,4223698.882,m^2,50.275208876265715
1054534,Amelia County,USA,37.33449874471067,-77.97932953140014,77221.911,m^2,54.160328433208555
34157133,Ames Urban Area,USA,,,2272664.659,m^2,49.72722209915792
1054535,Amherst County,USA,37.607596685191,-79.14487319104262,116232.244,m^2,52.92257705185491
1053114,Amite County,USA,31.17447177545418,-90.80605922441424,30455.378,m^2,55.77621991754626
1051777,Anchorage Municipality,USA,61.14815398303968,-149.22242970456426,3290770.503,m^2,36.885587197692224
34157064,Anchorage Urban Area,USA,,,3241699.864,m^2,36.89518830297239
1052596,Anderson County,USA,38.21412004651363,-95.29105535274888,121013.526,m^2,51.251364413594565
1052702,Anderson County,USA,38.00390942887936,-84.99119414736731,173397.211,m^2,52.101089048081626
1054030,Anderson County,USA,34.519854137930096,-82.63675262642892,2569152.641,m^2,54.686298480231095
1054139,Anderson County,USA,36.1184851359434,-84.19866223246875,1092453.382,m^2,53.39294397186461
1054234,Anderson County,USA,31.813158800951353,-95.65248626871706,556131.343,m^2,57.442126021298535
1053195,Andrew County,USA,39.98336574993302,-94.80338760973744,127443.775,m^2,49.712528430674624
1054235,Andrews County,USA,32.30499225617273,-102.63673583749996,368948.109,m^2,55.736708445902345
1052884,Androscoggin County,USA,44.16572503848666,-70.2066490419448,1359584.984,m^2,46.2161584641332
1054236,Angelina County,USA,31.256054404108216,-94.61335195084705,1554762.02,m^2,56.49558361028139
34157211,Ann Arbor Urban Area,USA,,,5645247.802,m^2,47.849931768504504
1052901,Anne Arundel County,USA,38.99145363960294,-76.56763702240188,7705399.864,m^2,52.3710683600417
1053025,Anoka County,USA,45.27497472079949,-93.24709433252922,4922722.517,m^2,47.356332909877075
1053603,Anson County,USA,34.97360553108599,-80.10312726503595,227603.542,m^2,55.353227776218
1053365,Antelope County,USA,42.17819665942754,-98.06602354487072,53350.394,m^2,46.69710915349566
34157020,Antioch Urban Area,USA,,,3252325.152,m^2,44.66157622914083
1052941,Antrim County,USA,44.99890535848524,-85.14221272015855,79166.593,m^2,44.97096959824961
1051801,Apache County,USA,35.39719133742317,-109.48764582371368,279771.175,m^2,47.62062521272966
1052499,Appanoose County,USA,40.7429488653328,-92.86968921753454,108284.332,m^2,49.736227435008786
34157195,Appleton Urban Area,USA,,,9595575.095,m^2,47.38633093736421
1052092,Appling County,USA,31.749226600208065,-82.2890478633004,369576.366,m^2,54.53134542429048
1054536,Appomattox County,USA,37.372584823776435,-78.81540565856919,52583.666,m^2,53.77135068901435
1054237,Aransas County,USA,28.05148877948652,-96.95681330562778,148813.853,m^2,45.79728240757263
1051951,Arapahoe County,USA,39.64889051079999,-104.33663372054237,9140811.955,m^2,44.3945592653864
1054238,Archer County,USA,33.614949928158296,-98.68795053255,22399.358,m^2,56.354149480534225
1051952,Archuleta County,USA,37.19322984342974,-107.04701045640826,34913.372,m^2,43.64795480081385
1052942,Arenac County,USA,44.06586570714304,-83.89692747332391,50626.439,m^2,46.99540919715883
1051816,Arkansas County,USA,34.29118901135553,-91.3741721930601,291487.761,m^2,54.49925002511512
1054537,Arlington County,USA,38.878117858190315,-77.09884301479774,2401045.222,m^2,52.647826516447005
1053957,Armstrong County,USA,40.814611642449904,-79.46588293305398,679960.025,m^2,48.86692747121421
1054239,Armstrong County,USA,34.96519770580075,-101.35593234592577,87.326,m^2,50.08682408446511
1052885,Aroostook County,USA,46.65881107256119,-68.59753795576374,598308.157,m^2,44.68776356996918
44483012,Arthur County,USA,41.56915637037752,-101.69549903488902,0.0,m^2,0.0
1052822,Ascension Parish,USA,30.204084329642388,-90.91117218377116,3228389.147,m^2,53.82230330952107
1053604,Ashe County,USA,36.435276706836554,-81.50122995060825,56240.228,m^2,48.80200759499054
1053755,Ashland County,USA,40.84631967453346,-82.27075615697035,908699.962,m^2,49.22667125851602
1054758,Ashland County,USA,46.3149035152564,-90.6801326060245,238041.778,m^2,45.61434846113441
1051817,Ashley County,USA,33.19107800187882,-91.76733819312972,406106.553,m^2,54.79754500784921
1053756,Ashtabula County,USA,41.707438751748455,-80.74783034518492,782578.384,m^2,47.94392694853683
1054664,Asotin County,USA,46.191849678040086,-117.2023634556006,297941.929,m^2,43.18901556148547
1052823,Assumption Parish,USA,29.901337068407816,-91.06185562618536,89467.731,m^2,52.71359955468189
1054240,Atascosa County,USA,28.891330320375477,-98.52706199163842,166577.334,m^2,52.79314092636397
1052597,Atchison County,USA,39.531704105135795,-95.31329724412949,299096.479,m^2,49.81077905300249
1053196,Atchison County,USA,40.43047111354947,-95.4278458192706,88191.188,m^2,49.55702660451745
1053757,Athens County,USA,39.333598991857535,-82.04455294295846,358509.801,m^2,51.36191314613461
1052093,Atkinson County,USA,31.29715341925679,-82.8803358181163,97446.437,m^2,54.68151020236891
34157159,Atlanta Urban Area,USA,,,121416885.544,m^2,53.92909419492662
34157240,Atlantic City Urban Area,USA,,,2415914.922,m^2,51.608542370682045
1053483,Atlantic County,USA,39.44081133088918,-74.57391625937319,2496921.139,m^2,51.65560228732558
1053844,Atoka County,USA,34.37511868366936,-96.03767621208252,71774.682,m^2,54.764685631069746
1053115,Attala County,USA,33.084581408032605,-89.58221102253101,132260.866,m^2,54.96498224198834
1053197,Audrain County,USA,39.21706698082448,-91.84281005657856,410524.188,m^2,50.54370079650459
1052500,Audubon County,USA,41.68334232974355,-94.90751403586344,77854.409,m^2,48.973705278528286
1053758,Auglaize County,USA,40.560846579104776,-84.22158560544632,770701.964,m^2,49.27874639618798
1054538,Augusta County,USA,38.16589764051893,-79.13163113921378,718448.008,m^2,50.53938456184013
1054073,Aurora County,USA,43.71856149301228,-98.56245004723884,64309.317,m^2,45.835855417341776
1054241,Austin County,USA,29.8865459265545,-96.27872577581287,307603.615,m^2,52.5542995650425
34157087,Austin Urban Area,USA,,,21092961.35,m^2,55.3366417427679
1051708,Autauga County,USA,32.53552333579636,-86.64290969665728,634976.428,m^2,55.97198972872738
1053605,Avery County,USA,36.07725174515745,-81.92338133908254,33624.305,m^2,49.4227941960436
1052824,Avoyelles Parish,USA,31.07616832282541,-92.0012343993708,115611.04,m^2,55.592996871233055
1051953,Baca County,USA,37.318786790978,-102.56028179618004,17137.447,m^2,48.52720180549647
1052094,Bacon County,USA,31.55369118034512,-82.45280257000108,84265.269,m^2,54.53810873136832
1054242,Bailey County,USA,34.06739664823655,-102.82940738659688,75315.154,m^2,51.39783253978343
1052026,Baker County,USA,30.33104743695214,-82.28490773752573,233649.041,m^2,51.338171364461104
1052095,Baker County,USA,31.326018027712525,-84.44407602958786,49468.207,m^2,55.500583415121554
1053919,Baker County,USA,44.709987800564214,-117.67342246536116,190166.369,m^2,42.3995840610492
34157023,Bakersfield Urban Area,USA,,,15490444.483,m^2,51.162983760586776
1051709,Baldwin County,USA,30.60438135411614,-87.75543479348913,1939644.661,m^2,53.2762223260645
1052096,Baldwin County,USA,33.06917905226425,-83.25033627691568,563859.663,m^2,54.88888134918778
1052703,Ballard County,USA,37.05940261589598,-88.99904373231695,206150.067,m^2,53.37716089609614
1052902,Baltimore County,USA,39.425017849641634,-76.6140631390832,25101808.761,m^2,51.9397616308292
34157230,Baltimore Urban Area,USA,,,35873451.317,m^2,51.97577678728703
1054031,Bamberg County,USA,33.21642206447672,-81.05349124754724,23498.597,m^2,53.72823866888733
1054243,Bandera County,USA,29.74582256557269,-99.24817416990916,54344.463,m^2,56.68901317508648
1052097,Banks County,USA,34.354108643574605,-83.49724794600202,103795.543,m^2,54.28625837045816
1053366,Banner County,USA,41.545989960500144,-103.70998747329828,1903.462,m^2,44.190669947705814
1052258,Bannock County,USA,42.67062007086058,-112.22435416445067,1423350.679,m^2,45.709034013114064
1052943,Baraga County,USA,46.66275960858838,-88.3667972663636,36666.17,m^2,44.46350996027128
1052598,Barber County,USA,37.22999417186523,-98.68515058990552,73404.419,m^2,50.89983103060867
1051710,Barbour County,USA,31.869798429030215,-85.39544329332479,344412.453,m^2,57.179237526002
1054702,Barbour County,USA,39.132600194443405,-80.00292642674464,12600.835,m^2,50.007681951235774
1053701,Barnes County,USA,46.93559222512598,-98.0727406723075,187297.437,m^2,44.14662325571492
1052923,Barnstable County,USA,41.79418329942357,-70.16121314778042,1588326.77,m^2,47.55056509939702
1054032,Barnwell County,USA,33.266355461446636,-81.43491229433907,610805.181,m^2,54.0703524664438
1052704,Barren County,USA,36.965601102178695,-85.93355157712236,509723.994,m^2,52.57661297969034
1054759,Barron County,USA,45.42369076948062,-91.8482182828966,809753.45,m^2,46.80445302826434
1052098,Barrow County,USA,33.99309041868239,-83.71276182476498,1344010.816,m^2,54.108292839810005
1052944,Barry County,USA,42.594835647988305,-85.30906439968801,261096.499,m^2,47.77371730671885
1053198,Barry County,USA,36.710164815041914,-93.82844348878253,396460.34,m^2,52.18685600431054
1052405,Bartholomew County,USA,39.206003685279434,-85.89822777034695,1858052.05,m^2,50.998439291299725
1052599,Barton County,USA,38.47873314892879,-98.75718581246473,631541.737,m^2,49.32452059459057
1053199,Barton County,USA,37.50202589087067,-94.34794914338626,234394.229,m^2,52.33637836279664
1052099,Bartow County,USA,34.23792671551421,-84.84078445418845,3260710.536,m^2,54.16512097687165
1054244,Bastrop County,USA,30.10119024776394,-97.3124032430228,281605.192,m^2,54.59850620225781
1053200,Bates County,USA,38.2567974668654,-94.34020082778336,120789.639,m^2,51.347285515109455
1052705,Bath County,USA,38.14482297777484,-83.74240883656766,12418.959,m^2,51.81986453131861
1054539,Bath County,USA,38.059117895592415,-79.74014863612287,10175.347,m^2,49.18476500113461
34157111,Baton Rouge Urban Area,USA,,,20464518.184,m^2,54.2120372385504
1051818,Baxter County,USA,36.28539490345805,-92.3382828804338,324497.437,m^2,53.15820629424571
1052027,Bay County,USA,30.18924161190865,-85.66814036552735,2571283.042,m^2,51.469992049206695
1052945,Bay County,USA,43.70724294366316,-83.99316924783503,1299930.505,m^2,47.56316227074001
1054760,Bayfield County,USA,46.522774805793816,-91.20362170084816,75064.852,m^2,45.046462304355174
1054245,Baylor County,USA,33.61462913873823,-99.2153858872534,61674.849,m^2,56.25935487900424
1054074,Beadle County,USA,44.414990190849046,-98.27733766475956,507941.834,m^2,45.62427025847216
1052259,Bear Lake County,USA,42.284848078409865,-111.3287611778602,38745.762,m^2,42.86918331868141
1053606,Beaufort County,USA,35.4858932433765,-76.84674810136795,346498.833,m^2,55.53930289571856
1054033,Beaufort County,USA,32.317859438025664,-80.64975179337782,735628.376,m^2,54.49139568944524
1052825,Beauregard Parish,USA,30.64976786301959,-93.34367182203748,324717.578,m^2,54.76367500807117
1053845,Beaver County,USA,36.74878908728866,-100.47722734206734,65270.914,m^2,50.067212050991046
1053958,Beaver County,USA,40.68439584332832,-80.34930040328558,2717163.583,m^2,49.291038921597384
1054487,Beaver County,USA,38.35711326251048,-113.23569099895612,91398.612,m^2,49.43339735837564
1053308,Beaverhead County,USA,45.13289215182548,-112.8988473334386,51584.669,m^2,43.04739857882969
1053026,Becker County,USA,46.935658861773554,-95.67551780322056,390614.71,m^2,45.329834183664005
1053846,Beckham County,USA,35.26791885624,-99.68191126515212,413298.29,m^2,51.15487255463845
1054541,Bedford City County,USA,37.338737201117866,-79.51953416624227,102034.999,m^2,53.01845582416285
1053959,Bedford County,USA,40.00668174068834,-78.49140690965964,340028.993,m^2,48.753305312997234
1054140,Bedford County,USA,35.51418596516871,-86.45842523059218,449849.243,m^2,53.14792499272917
1054540,Bedford County,USA,37.3171333343305,-79.52443735726828,229575.418,m^2,52.81164217677696
1054246,Bee County,USA,28.416108563799323,-97.74026817134607,353332.046,m^2,49.9533325997835
1053473,Belknap County,USA,43.51819009259186,-71.42336000510286,261364.334,m^2,46.97041664452963
1052706,Bell County,USA,36.73169199745434,-83.6737753875545,143110.636,m^2,52.333070562274635
1054247,Bell County,USA,31.03868498168557,-97.47900972783248,3634603.77,m^2,56.87359831027743
34157065,Bellingham Urban Area,USA,,,2587822.16,m^2,39.04148661629824
1053759,Belmont County,USA,40.01555699093278,-80.98786642496805,386792.789,m^2,50.097681606468626
1053027,Beltrami County,USA,47.97515535114964,-94.93725603647944,486059.002,m^2,45.059701071023476
1052260,Benewah County,USA,47.21886109414052,-116.65647283414496,82407.083,m^2,41.761027083072456
1052100,Ben Hill County,USA,31.759907720362687,-83.22065986138493,469685.248,m^2,55.51034195351181
1054075,Bennett County,USA,43.19385154510776,-101.66565649731356,21322.741,m^2,43.65523799215119
1054517,Bennington County,USA,43.0351654943757,-73.09382147308987,123711.517,m^2,47.74809582199206
1053702,Benson County,USA,48.06869818423831,-99.36708179996432,15563.968,m^2,43.16773524592186
1051954,Bent County,USA,37.95332976041924,-103.07070103800226,15277.041,m^2,48.89397829069125
1051819,Benton County,USA,36.339560841558104,-94.25827739052656,3344650.553,m^2,52.88207435403193
1052406,Benton County,USA,40.60784718807384,-87.31063544608392,86598.124,m^2,49.41267979431056
1052501,Benton County,USA,42.07999085649807,-92.06587465859512,175956.258,m^2,49.730031693445085
1053028,Benton County,USA,45.69937669692496,-93.99910235175282,611846.399,m^2,46.551039248659535
1053116,Benton County,USA,34.81942915408425,-89.18879314647813,57884.263,m^2,53.8857175913253
1053201,Benton County,USA,38.296962198639406,-93.288049813394,76012.251,m^2,51.45854136065513
1053920,Benton County,USA,44.493482293617234,-123.4285805913123,1020796.891,m^2,40.95477001212771
1054141,Benton County,USA,36.06970556706041,-88.06918684116332,88641.967,m^2,53.316170375596464
1054665,Benton County,USA,46.2407673351251,-119.51127484368617,3587444.031,m^2,46.2813916867488
1052946,Benzie County,USA,44.63807901854656,-86.015916633924,45055.904,m^2,44.7642846540156
1053484,Bergen County,USA,40.95936294539847,-74.07489356149448,11661115.49,m^2,50.68138388208347
1054034,Berkeley County,USA,33.194853329350885,-79.9510675725938,3795282.933,m^2,54.3844184108948
1054703,Berkeley County,USA,39.46508951065561,-78.02751253799865,1403064.708,m^2,50.89336126114006
1053960,Berks County,USA,40.41651547931591,-75.92704727873199,5003053.275,m^2,49.73155506524163
1052924,Berkshire County,USA,42.37088929585136,-73.20736932722022,885049.729,m^2,47.799585602720406
1053504,Bernalillo County,USA,35.05193304156963,-106.6656374075152,11503526.274,m^2,50.72083422165443
1052101,Berrien County,USA,31.276190177527397,-83.22984152863897,179093.709,m^2,54.90524288041854
1052947,Berrien County,USA,41.95522956603259,-86.41277453346518,1559242.433,m^2,48.16214053417824
1053607,Bertie County,USA,36.06608738084005,-76.96811100584678,137554.802,m^2,55.31151014269935
1051778,Bethel Census Area,USA,60.806741492402246,-160.51166135596844,17174.321,m^2,39.65401199849473
1054248,Bexar County,USA,29.448066611686983,-98.5200485202264,25766436.669,m^2,54.29191741611867
1051711,Bibb County,USA,32.99864618340225,-87.1263840507237,328903.823,m^2,55.46570881603891
1052102,Bibb County,USA,32.80680608107285,-83.6978846367563,4822838.139,m^2,55.17901704082049
1052826,Bienville Parish,USA,32.34770838563518,-93.05685238227034,67698.211,m^2,56.11928554507889
1053309,Big Horn County,USA,45.42424227105104,-107.48774267846623,37211.864,m^2,42.11256049952241
1054832,Big Horn County,USA,44.526630425442306,-107.99530633073184,98523.667,m^2,43.18974341464574
1053029,Big Stone County,USA,45.4266707444484,-96.41093947529832,45540.794,m^2,45.67175374676164
1053703,Billings County,USA,47.02443906133932,-103.37782111724424,11577.99,m^2,42.69422231319944
34157100,Billings Urban Area,USA,,,5199258.778,m^2,41.60727079201365
34157119,Biloxi Urban Area,USA,,,3959800.077,m^2,54.06721337512616
1052261,Bingham County,USA,43.21725276743591,-112.39876760195116,800801.845,m^2,46.05970190790457
34157243,Binghamton Urban Area,USA,,,1827748.851,m^2,47.898476873396206
34157135,Birmingham Urban Area,USA,,,21717408.697,m^2,54.751166385898216
34157126,Bismarck Urban Area,USA,,,2414700.389,m^2,42.88446740627912
1052407,Blackford County,USA,40.47389549377501,-85.32458224365398,234341.764,m^2,49.286407215062184
1052502,Black Hawk County,USA,42.469509870775475,-92.30964439785474,4004859.554,m^2,49.25578378022691
1053608,Bladen County,USA,34.61557073106179,-78.56563496397945,274129.632,m^2,54.36729838823116
1052262,Blaine County,USA,43.41099894957429,-113.97850079464278,130145.01,m^2,42.222512050212295
1053310,Blaine County,USA,48.43323383948959,-108.95969504248733,11435.066,m^2,41.021325019024815
1053367,Blaine County,USA,41.91395778054327,-99.97574332719483,2100.36,m^2,45.555553809823074
1053847,Blaine County,USA,35.873948286130236,-98.43274450547362,104337.162,m^2,52.39340379030053
1053961,Blair County,USA,40.482075964293266,-78.34860353709215,1575711.75,m^2,48.09096165145687
1054249,Blanco County,USA,30.266739042591375,-98.39874843983912,23978.51,m^2,56.77846129721989
1054542,Bland County,USA,37.134145032055976,-81.1308437770728,15043.605,m^2,49.80599749860489
1052103,Bleckley County,USA,32.43451907381033,-83.32768526037638,105980.023,m^2,55.23534769378187
1054142,Bledsoe County,USA,35.597749024619176,-85.20484130689708,32625.848,m^2,52.9234129332056
34157163,Bloomington Urban Area,USA,,,3171710.062,m^2,49.86875240994207
34157175,Bloomington Urban Area,USA,,,2075179.369,m^2,51.05111245976347
1051712,Blount County,USA,33.98158274314337,-86.56797446857765,158857.39,m^2,54.725878695350595
1054143,Blount County,USA,35.687686282677724,-83.92575631676094,1810748.638,m^2,53.390045151589945
1053030,Blue Earth County,USA,44.03586636809283,-94.06702670494757,1564049.857,m^2,48.26995179604431
1052263,Boise County,USA,43.98910344868587,-115.73107882619358,9310.786,m^2,42.867591200141426
34157062,Boise Urban Area,USA,,,8671835.356,m^2,45.83130634635633
1053117,Bolivar County,USA,33.79511999123447,-90.88059001814196,447312.977,m^2,54.87881798251518
1053202,Bollinger County,USA,37.322882020742945,-90.02671665379917,11284.591,m^2,52.535157011893475
1052302,Bond County,USA,38.8860333709594,-89.43605733655997,90733.741,m^2,51.63184644839013
1054076,Bon Homme County,USA,42.98825963574281,-97.88381958312954,54464.62,m^2,46.751643911221635
1052264,Bonner County,USA,48.30015916593638,-116.6022439728664,279706.885,m^2,42.12299795909564
1052265,Bonneville County,USA,43.38877941632336,-111.6148780601654,2006671.17,m^2,45.17786522542206
1051820,Boone County,USA,36.30822048434669,-93.09268164505087,620333.189,m^2,52.549711011834965
1052303,Boone County,USA,42.326129849043554,-88.82273736500352,1397879.429,m^2,49.70478175482186
1052408,Boone County,USA,40.0515636515003,-86.46798170225097,1710801.509,m^2,50.100434064440606
1052503,Boone County,USA,42.03552981415856,-93.9331159082282,449673.421,m^2,49.67633860441131
1052707,Boone County,USA,38.96913995822297,-84.72683407772493,6057788.335,m^2,51.42657687576666
1053203,Boone County,USA,38.99151321215139,-92.31077914961584,2949477.048,m^2,50.61795017772249
1053368,Boone County,USA,41.70719802167928,-98.06637395724862,63475.086,m^2,47.103962332559895
1054704,Boone County,USA,38.024429622712105,-81.7126842772668,17715.884,m^2,51.53386175931159
1054250,Borden County,USA,32.74347076443451,-101.43302069836702,3327.18,m^2,55.91337559134162
1054251,Bosque County,USA,31.90097290855581,-97.63341491551388,42139.335,m^2,57.59835130288601
1052827,Bossier Parish,USA,32.67940747746402,-93.60602483737848,1667014.048,m^2,56.79780549635777
34157257,Boston Urban Area,USA,,,25872056.358,m^2,48.65707174372877
1054543,Botetourt County,USA,37.55900406361667,-79.81284753130842,359869.535,m^2,51.05753746284748
1053704,Bottineau County,USA,48.79204141120736,-100.83413418398892,92719.444,m^2,43.13024413735699
1051955,Boulder County,USA,40.09190004715689,-105.35738625453254,5574448.988,m^2,44.06538757441043
1052266,Boundary County,USA,48.76744163310523,-116.4634478737806,55669.932,m^2,42.07337468994932
1052600,Bourbon County,USA,37.854782672556794,-94.84872145279417,138440.824,m^2,51.95817901228326
1052708,Bourbon County,USA,38.20688294776536,-84.21712996072624,179793.401,m^2,51.73021840217595
1054252,Bowie County,USA,33.446451520965574,-94.42428349991226,1290455.11,m^2,56.23076558548402
1053705,Bowman County,USA,46.11189269192346,-103.52033932353562,41086.353,m^2,42.71026360017887
1053369,Box Butte County,USA,42.220209476719354,-103.08584411577102,378959.304,m^2,44.08904717378307
1054488,Box Elder County,USA,41.5216060644563,-113.08096485244693,909447.961,m^2,46.90696835813786
1052709,Boyd County,USA,38.359090582680786,-82.68687773371481,1208022.462,m^2,52.09678007543538
1053370,Boyd County,USA,42.89973274902387,-98.7676381933035,6298.099,m^2,46.2705527493296
1052710,Boyle County,USA,37.624370747444935,-84.86661413604742,619578.853,m^2,52.17110489566693
1052711,Bracken County,USA,38.68898867569012,-84.0904118143167,17363.217,m^2,51.58908703381407
34157138,Bradenton Urban Area,USA,,,10029555.847,m^2,41.24254898752348
1052028,Bradford County,USA,29.950265791316436,-82.16780100801051,146718.943,m^2,51.080466092234595
1053962,Bradford County,USA,41.78952816319066,-76.51697931898875,402930.106,m^2,47.92361083587038
1051821,Bradley County,USA,33.46598450543286,-92.162074796477,215050.417,m^2,54.66521040505585
1054144,Bradley County,USA,35.15442618700706,-84.85981108150138,2014427.338,m^2,54.22467667136078
1052948,Branch County,USA,41.91684116801234,-85.0602675676564,617648.256,m^2,47.91095166955349
1052104,Brantley County,USA,31.196782270412964,-81.98181978111495,42287.616,m^2,53.42370787702953
1054705,Braxton County,USA,38.69964598331731,-80.71993568562281,30737.623,m^2,51.47427235996746
1054253,Brazoria County,USA,29.12383243671544,-95.4010235996231,7358787.549,m^2,49.65520539027591
1054254,Brazos County,USA,30.660840759681843,-96.30473672279392,3714631.28,m^2,54.67099791395716
1052712,Breathitt County,USA,37.52169373966836,-83.32392491068546,29597.371,m^2,52.14608942801035
1052713,Breckinridge County,USA,37.77325419513117,-86.42913200313689,38921.753,m^2,52.762860295629544
1052504,Bremer County,USA,42.773538598493595,-92.31863726629072,232059.55,m^2,48.84913111311299
1052029,Brevard County,USA,28.32922690856978,-80.63252217861995,6969993.829,m^2,40.5365923481078
1054255,Brewster County,USA,29.811189493633226,-103.25165306530305,24131.563,m^2,60.52729502021896
34157247,Bridgeport Urban Area,USA,,,11021077.796,m^2,49.43288816114986
1054256,Briscoe County,USA,34.53035958488437,-101.20865770339088,4056.041,m^2,51.264696781911226
1051779,Bristol Bay Borough,USA,58.7409259651889,-156.7849580805272,9063.178,m^2,37.125771887079786
1052925,Bristol County,USA,41.75548985818913,-71.088096529359,5707956.158,m^2,49.2961430692895
1054022,Bristol County,USA,41.70629767944121,-71.28660642479927,684835.373,m^2,49.491984014382965
1054544,Bristol Independent City,USA,36.61383955485464,-82.16404648709171,312823.977,m^2,50.93329982822896
1053311,Broadwater County,USA,46.332761991173264,-111.4958324268474,37902.715,m^2,42.76304692157277
34157258,Brockton Urban Area,USA,,,3196775.604,m^2,48.95461376712883
1053539,Bronx County,USA,40.84916264048523,-73.85440117524399,5139405.956,m^2,51.022097243917344
1054706,Brooke County,USA,40.27491332246946,-80.57587031487951,524043.541,m^2,49.76323960836682
1054077,Brookings County,USA,44.370861436778256,-96.79145295354144,869722.504,m^2,45.86453089524748
1052105,Brooks County,USA,30.84143006099886,-83.58020794809558,96600.138,m^2,54.33351916122521
1054257,Brooks County,USA,27.03324934584441,-98.21885230122982,19608.972,m^2,46.79696941787667
1053540,Broome County,USA,42.15988439956205,-75.81896782052524,1826963.05,m^2,47.89835470235701
1051956,Broomfield City and County,USA,39.954020265243265,-105.052833919137,1151145.07,m^2,44.950324771837835
1052030,Broward County,USA,26.15354042373835,-80.21312167227407,24017191.623,m^2,35.694057426224504
1052304,Brown County,USA,39.96168534612271,-90.74992417564503,193478.816,m^2,49.841587034520614
1052409,Brown County,USA,39.19627029437176,-86.22788987700008,32157.463,m^2,51.043143111134114
1052601,Brown County,USA,39.827097076956875,-95.56361258313622,105969.857,m^2,49.57746026778162
1053031,Brown County,USA,44.24215244492101,-94.7262963653552,700784.623,m^2,47.77607102118163
1053371,Brown County,USA,42.431085384999655,-99.92926797199728,49132.911,m^2,45.36115885745097
1053760,Brown County,USA,38.93410173053445,-83.86784573837743,156312.82,m^2,51.45917373891661
1054078,Brown County,USA,45.59010417733709,-98.35287044277658,1062312.002,m^2,44.36817216529951
1054258,Brown County,USA,31.77612509214048,-99.00001716220169,569668.506,m^2,57.76261634340726
1054761,Brown County,USA,44.45242583797532,-88.00412183462286,8358354.994,m^2,46.3068966498601
34157077,Brownsville Urban Area,USA,,,2138817.214,m^2,41.80724646814067
1054079,Brule County,USA,43.718656548699755,-99.08060506234338,41583.041,m^2,45.600364797754935
1053609,Brunswick County,USA,33.96714090510743,-78.21074050680411,764069.715,m^2,57.16716236161776
1054545,Brunswick County,USA,36.765349160570786,-77.86120998430194,50548.737,m^2,54.53962293855136
1052106,Bryan County,USA,32.01297528709625,-81.44345300298808,451018.092,m^2,54.09232377312261
1053848,Bryan County,USA,33.9637485378769,-96.26125157956352,632766.421,m^2,55.54058452479102
1052505,Buchanan County,USA,42.47068618773853,-91.8378790083288,261641.27,m^2,49.32948410623446
1053204,Buchanan County,USA,39.65900425180929,-94.80898137363896,2714806.823,m^2,49.801563266146246
1054546,Buchanan County,USA,37.26705180778275,-82.03532595984774,7660.103,m^2,50.722330887717824
1054547,Buckingham County,USA,37.57410285924587,-78.53187706555656,23275.798,m^2,54.030382073259105
1053963,Bucks County,USA,40.338663306268714,-75.1077003722747,7346053.166,m^2,50.65816358604339
1052506,Buena Vista County,USA,42.734938956962445,-95.15228303530316,424283.759,m^2,47.9321342771454
1054548,Buena Vista Independent City,USA,37.73162575804424,-79.35632047578342,91471.604,m^2,51.038807693806255
1053372,Buffalo County,USA,40.85536088777382,-99.0754680240321,815387.291,m^2,47.345953525537595
1054080,Buffalo County,USA,44.07672217628496,-99.2037434688877,8.556,m^2,45.23281907433381
1054762,Buffalo County,USA,44.38073148002302,-91.75554714860984,157042.618,m^2,48.27305967988894
34157233,Buffalo Urban Area,USA,,,17262465.08,m^2,47.55395850405394
1052714,Bullitt County,USA,37.96988667559022,-85.69554993791128,1091362.462,m^2,52.198317038139066
1052107,Bulloch County,USA,32.39711003523133,-81.74343814250197,846363.472,m^2,54.23703830876104
1051713,Bullock County,USA,32.10107989856565,-85.7161885949519,63177.281,m^2,56.49747611012256
1053610,Buncombe County,USA,35.61164167643403,-82.52999181118359,2670973.613,m^2,50.05313665260833
1052305,Bureau County,USA,41.40459610840493,-89.52909222330901,551057.749,m^2,49.96553928143745
1052108,Burke County,USA,33.06104425644465,-82.0002579017442,309585.868,m^2,54.36552393276556
1053611,Burke County,USA,35.749870552084445,-81.70489532524137,845696.393,m^2,52.52687980661637
1053706,Burke County,USA,48.79187146663373,-102.51918283231194,50817.526,m^2,42.900487264964454
1053707,Burleigh County,USA,46.976918426287085,-100.46893638448836,1732143.011,m^2,42.89905294026557
1054259,Burleson County,USA,30.492567342501484,-96.62382825138984,219622.268,m^2,54.24822319019126
1053485,Burlington County,USA,39.878285693402944,-74.66818166094889,6788966.702,m^2,51.34100122781837
1054260,Burnet County,USA,30.788106094918714,-98.18328414026976,413464.61,m^2,57.27973056992713
1054763,Burnett County,USA,45.86228701989381,-92.365915138321,97241.989,m^2,46.98105242376315
1053373,Burt County,USA,41.85258569571657,-96.32825796297028,42491.965,m^2,48.48691509088837
1051714,Butler County,USA,31.75290565842096,-86.6800832607762,172996.068,m^2,56.64011661236139
1052507,Butler County,USA,42.73107872807034,-92.79115263851634,87126.792,m^2,48.91146921833183
1052602,Butler County,USA,37.78215264132343,-96.83879424003112,912759.569,m^2,50.86421744432022
1052715,Butler County,USA,37.20715146708352,-86.68173149117985,65744.301,m^2,52.55019435068599
1053205,Butler County,USA,36.71515349461674,-90.40644235677628,410110.623,m^2,52.77971666927535
1053374,Butler County,USA,41.224664734977395,-97.13009073885785,126195.659,m^2,48.260371103573384
1053761,Butler County,USA,39.43852086626122,-84.57550628590597,8715818.414,m^2,51.118549151545
1053964,Butler County,USA,40.911128579333145,-79.91286393330213,2220493.389,m^2,48.95679810240589
1051894,Butte County,USA,39.6671811362143,-121.5997935504384,2207052.505,m^2,47.56698547731197
1052267,Butte County,USA,43.724498067023426,-113.1698481182168,507928.906,m^2,47.34800461818961
1054081,Butte County,USA,44.90571938445872,-103.50836440229692,47646.21,m^2,43.23698403293778
1052109,Butts County,USA,33.288605257819526,-83.9577591400504,130713.374,m^2,54.879361418671664
1053612,Cabarrus County,USA,35.3900956946472,-80.55173177205779,2845325.296,m^2,55.371185783743165
1054707,Cabell County,USA,38.42146205433741,-82.23982687659205,2221479.165,m^2,52.18470823875587
1054489,Cache County,USA,41.723404318016016,-111.74195504094992,1570700.033,m^2,44.55033497474943
1053849,Caddo County,USA,35.17416837247525,-98.3750558718079,145497.025,m^2,53.27644705450163
1052828,Caddo Parish,USA,32.58171781120124,-93.88368557062704,5378887.481,m^2,56.83703853908522
1051895,Calaveras County,USA,38.204733490589106,-120.5519603705116,72062.917,m^2,45.51468942063502
1052829,Calcasieu Parish,USA,30.230517671877433,-93.35822086927892,7635168.982,m^2,52.92900369889941
1052716,Caldwell County,USA,37.144986324375715,-87.86792299329566,83687.641,m^2,53.550150648887325
1053206,Caldwell County,USA,39.65572589046426,-93.98651474331812,43277.561,m^2,50.058133659611734
1053613,Caldwell County,USA,35.95388946039043,-81.54707114175439,842247.76,m^2,52.365138647563754
1054261,Caldwell County,USA,29.83688489629775,-97.62192814857563,144467.577,m^2,54.30976853719918
1052830,Caldwell Parish,USA,32.09294305405978,-92.11632588297108,19194.475,m^2,55.91042042045953
1054518,Caledonia County,USA,44.46478495177619,-72.10237709586775,150006.033,m^2,46.805659576371845
1051715,Calhoun County,USA,33.77161832970103,-85.82650941175001,2766884.469,m^2,54.34218028457913
1051822,Calhoun County,USA,33.557468537572646,-92.5034814967404,45224.973,m^2,55.010182758981415
1052031,Calhoun County,USA,30.405884993185683,-85.19735774555566,23019.405,m^2,54.670112802654984
1052110,Calhoun County,USA,31.529310403356323,-84.62475109012117,37817.639,m^2,56.27833308155487
1052306,Calhoun County,USA,39.16974021913858,-90.66732597520308,12654.199,m^2,51.015717233465345
1052508,Calhoun County,USA,42.38431525716204,-94.6412788822568,145005.128,m^2,48.805110140656545
1052949,Calhoun County,USA,42.24654084052793,-85.00626005421127,1959875.927,m^2,47.91943848341376
1053118,Calhoun County,USA,33.938441389501584,-89.33578329561063,69335.778,m^2,54.823089141654975
1054035,Calhoun County,USA,33.67463507256803,-80.78030143587367,361506.021,m^2,54.16819242963591
1054262,Calhoun County,USA,28.36104599411413,-96.58857324177288,1649789.01,m^2,49.00792114259507
1054708,Calhoun County,USA,38.843987262353096,-81.11843725066119,3094.606,m^2,51.62760428952829
1054263,Callahan County,USA,32.30012117659046,-99.374827575834,58016.971,m^2,57.18016169785906
1053207,Callaway County,USA,38.83679327504259,-91.92579120977716,432724.767,m^2,50.91388796102813
1052717,Calloway County,USA,36.62137110295205,-88.2721810578846,691062.179,m^2,53.15698226193912
1054764,Calumet County,USA,44.08175676656453,-88.21791679633179,616940.712,m^2,47.40511733159863
1052903,Calvert County,USA,38.53666521045519,-76.52495478047057,705707.719,m^2,53.422122299331114
1052268,Camas County,USA,43.464215967635454,-114.80659259058176,375.084,m^2,41.91311279606701
1053965,Cambria County,USA,40.49506799524763,-78.71374472937183,873403.214,m^2,48.31852451369614
1052111,Camden County,USA,30.91528922501024,-81.58181416367428,214988.537,m^2,51.318334986390454
1053208,Camden County,USA,38.02997281196795,-92.76534124634172,256777.901,m^2,51.83361537798379
1053486,Camden County,USA,39.80493428548779,-74.9598292883973,7757766.725,m^2,51.43390149398956
1053614,Camden County,USA,36.34849623790517,-76.16721077325458,5463.02,m^2,55.62191626609457
1053966,Cameron County,USA,41.43721683851097,-78.20462377862216,37913.567,m^2,47.9692024757259
1054264,Cameron County,USA,26.1672199881528,-97.37837827067531,3474391.873,m^2,42.19993538276388
1052831,Cameron Parish,USA,29.78590809885122,-93.23380414333135,359776.368,m^2,51.68550070803983
1052718,Campbell County,USA,38.94581015337114,-84.37980736843342,1501511.087,m^2,51.50231550571295
1054082,Campbell County,USA,45.77202531163966,-100.05391503637748,20566.36,m^2,43.42171084236588
1054145,Campbell County,USA,36.40391521186596,-84.14995219957575,207809.447,m^2,52.41892259113706
1054549,Campbell County,USA,37.20491469201392,-79.09685874727847,556465.566,m^2,53.53401873028025
1054833,Campbell County,USA,44.24790793832979,-105.54907094748542,1509843.234,m^2,42.786941930952814
1054265,Camp County,USA,32.97597083288656,-94.98135854370854,157089.736,m^2,56.677780138353526
1053850,Canadian County,USA,35.542524924712346,-97.9833693152126,1861215.955,m^2,53.186954356943495
1052112,Candler County,USA,32.40326974437057,-82.07374958461244,143474.237,m^2,54.74922531910729
1054146,Cannon County,USA,35.80931588686107,-86.06141794811673,29095.919,m^2,53.048955147283706
34157217,Canton Urban Area,USA,,,8139985.576,m^2,49.39718360405114
1052269,Canyon County,USA,43.626086814365706,-116.70653973802968,3993371.625,m^2,46.86268430476965
34157141,Cape Coral Urban Area,USA,,,7576978.822,m^2,40.24024202399968
1053209,Cape Girardeau County,USA,37.384613980560474,-89.68568426736327,1861439.482,m^2,52.72110648934866
1053487,Cape May County,USA,39.059448836174134,-74.78165798362507,857713.202,m^2,51.38840142745057
1053312,Carbon County,USA,45.2274821379015,-109.02551890774564,35146.704,m^2,40.22591833931285
1053967,Carbon County,USA,40.918653496128705,-75.70761662924946,216241.874,m^2,48.63788041810995
1054490,Carbon County,USA,39.64820576877921,-110.58942074771646,110884.765,m^2,48.63570446309735
1054834,Carbon County,USA,41.69460040873088,-106.9304904598762,193285.832,m^2,44.88550709190108
1052270,Caribou County,USA,42.771601560810254,-111.56228348943208,108324.228,m^2,42.76671132149679
1052719,Carlisle County,USA,36.85380232629304,-88.97236909163546,3163.878,m^2,53.21664014857715
1053032,Carlton County,USA,46.5927309604926,-92.67442639746324,359875.512,m^2,45.60573265957591
1052904,Caroline County,USA,38.87208275267868,-75.83096204966097,625518.731,m^2,53.02589015036226
1054550,Caroline County,USA,38.026993807439815,-77.34809146723936,216757.225,m^2,53.57234546622379
1051823,Carroll County,USA,36.34016426579398,-93.54083181386903,283056.044,m^2,52.465665382506366
1052113,Carroll County,USA,33.582604018099886,-85.07991694940168,1262050.774,m^2,53.948842915570374
1052307,Carroll County,USA,42.07020845407892,-89.93455045992751,172626.877,m^2,50.09462374737857
1052410,Carroll County,USA,40.58298368877901,-86.56345456162144,190154.564,m^2,49.64158631501476
1052509,Carroll County,USA,42.0354803485233,-94.86128635175704,511578.894,m^2,48.9138079003705
1052720,Carroll County,USA,38.66744076500929,-85.12282335236932,1373536.201,m^2,51.482216776316335
1052905,Carroll County,USA,39.5626190831006,-77.02236367041593,1694420.742,m^2,50.96769772958787
1053119,Carroll County,USA,33.44968308601703,-89.92031567722773,5127.528,m^2,55.23027860598713
1053210,Carroll County,USA,39.426187485913545,-93.50997202628356,190325.932,m^2,50.559255929454736
1053474,Carroll County,USA,43.87354952755228,-71.20280647507732,150518.276,m^2,46.682355948589255
1053762,Carroll County,USA,40.57969637600329,-81.08963048984954,161950.27,m^2,49.37327099238551
1054147,Carroll County,USA,35.97293042853896,-88.45096819283451,241621.317,m^2,52.77217820975621
1054551,Carroll County,USA,36.73135738364422,-80.7338465378421,92298.119,m^2,50.270942466335626
1053456,Carson City Independent City,USA,39.151052193548715,-119.74795319680466,974103.067,m^2,43.155187828804976
1054266,Carson County,USA,35.40345703935057,-101.35530391615023,164924.043,m^2,50.0359390777244
1052721,Carter County,USA,38.31827030726255,-83.04982368118836,100620.473,m^2,51.968984055560945
1053211,Carter County,USA,36.94215455154468,-90.96268618676964,4139.172,m^2,52.35770463271399
1053313,Carter County,USA,45.51671885498362,-104.53673705333031,1873.322,m^2,42.58276526939843
1053851,Carter County,USA,34.253605862820024,-97.28670199870189,1828313.399,m^2,54.67311213967644
1054148,Carter County,USA,36.29273152688134,-82.12814408425992,395855.815,m^2,50.409601695506225
1053615,Carteret County,USA,34.79685494796726,-76.51517732327939,523399.654,m^2,59.28900856514513
1053033,Carver County,USA,44.82167237124188,-93.80281166547576,1035636.099,m^2,47.68792462109801
1053314,Cascade County,USA,47.30784150797013,-111.34567433954469,974169.779,m^2,40.844547410251785
1052722,Casey County,USA,37.32219771249895,-84.9283945126012,157004.028,m^2,52.47390532553726
1052308,Cass County,USA,39.97367426174845,-90.24848331682662,133064.759,m^2,50.0532445559083
1052411,Cass County,USA,40.7616404924372,-86.34693500210044,782101.079,m^2,49.20054535048148
1052510,Cass County,USA,41.330783411484184,-94.92892201015984,145551.521,m^2,49.22507338827466
1052950,Cass County,USA,41.91618777081527,-85.99380081263624,316248.196,m^2,48.181168906968246
1053034,Cass County,USA,46.948891965495555,-94.32574334383084,66830.1,m^2,45.5566536485805
1053212,Cass County,USA,38.646161101026664,-94.35583821909418,977722.778,m^2,50.77059252065415
1053375,Cass County,USA,40.90958926568855,-96.14087321226728,280151.017,m^2,49.226325000276546
1053708,Cass County,USA,46.932779133375014,-97.24873774658604,4838546.818,m^2,45.388680775807266
1054267,Cass County,USA,33.078600961583206,-94.34610752913574,212525.698,m^2,56.590559382611694
1052271,Cassia County,USA,42.284284088151374,-113.60132537257331,159761.121,m^2,44.577161999257626
1054268,Castro County,USA,34.52897628479857,-102.2608368331541,88050.731,m^2,50.78102642895718
1053616,Caswell County,USA,36.39291665524813,-79.33592703014187,39665.076,m^2,54.54343319548915
1052832,Catahoula Parish,USA,31.66689563546431,-91.84700838715156,14959.862,m^2,56.41435729821572
1053617,Catawba County,USA,35.66457403639811,-81.21276509283835,3086510.162,m^2,53.904467824007114
1052114,Catoosa County,USA,34.90427493725513,-85.13856869606505,684324.19,m^2,53.81716144507474
1053505,Catron County,USA,33.91839663314022,-108.40334648169836,5696.176,m^2,46.46124838839248
1053541,Cattaraugus County,USA,42.24835659613805,-78.67946537085085,407049.364,m^2,47.58099388161678
1053709,Cavalier County,USA,48.77199819778739,-98.46725713008124,93865.891,m^2,43.231031280574534
1053542,Cayuga County,USA,42.91593873195363,-76.55367243929972,530601.71,m^2,47.746129301015635
1052906,Cecil County,USA,39.56327649816172,-75.94778494262184,1366244.05,m^2,51.96444469126874
1052511,Cedar County,USA,41.77314183697264,-91.13378096658964,302121.939,m^2,50.32221786117955
1053213,Cedar County,USA,37.72465842060465,-93.8574847718222,110600.959,m^2,51.93821274189856
1053376,Cedar County,USA,42.600670908859904,-97.2539160244459,78782.174,m^2,47.05497007482936
34157147,Cedar Rapids Urban Area,USA,,,5815710.233,m^2,49.9162131823152
1053968,Centre County,USA,40.91981229134818,-77.81880954265347,1390512.787,m^2,48.16862958197306
1052512,Cerro Gordo County,USA,43.082069337320114,-93.26145051728646,1374278.286,m^2,48.09074244952452
1051957,Chaffee County,USA,38.74709204687204,-106.19368559337032,129822.021,m^2,42.832214004741154
1051716,Chambers County,USA,32.914745495650266,-85.39279253226663,393927.579,m^2,55.686873779406035
1054269,Chambers County,USA,29.702294390499578,-94.64332251264082,2551285.713,m^2,52.02127872300753
1052309,Champaign County,USA,40.139752358538416,-88.19960084924318,4460483.768,m^2,50.106166000512616
1053763,Champaign County,USA,40.13751536262247,-83.76960788009166,284691.372,m^2,49.539922337372424
34157166,Champaign Urban Area,USA,,,4359028.444,m^2,50.115606751246055
1053214,Chariton County,USA,39.51515553973075,-92.96705141090854,125285.537,m^2,50.10559067963288
1054552,Charles City County,USA,37.355904886197166,-77.06082977127826,17905.844,m^2,53.90555731413721
1052907,Charles County,USA,38.48852603216229,-77.0019422132159,1309195.624,m^2,53.576275775116706
1054083,Charles Mix County,USA,43.207050869127805,-98.587737375887,79452.622,m^2,46.43570130385376
1054036,Charleston County,USA,32.77120184737516,-79.85420662695867,7423524.965,m^2,54.69329756985602
34157196,Charleston Urban Area,USA,,,10306926.172,m^2,54.54964481111643
1052951,Charlevoix County,USA,45.30164028891725,-85.12868573991109,270511.258,m^2,44.316679903207586
1052032,Charlotte County,USA,26.889226401307305,-82.0027836190987,1590951.317,m^2,41.068194446832344
1054553,Charlotte County,USA,37.01061960318108,-78.66228250793868,31511.818,m^2,54.675645626031475
1054554,Charlottesville Independent City,USA,38.03705891702337,-78.48816172238463,1275200.264,m^2,52.61322128223775
34157198,Charlotte Urban Area,USA,,,33755392.73,m^2,55.328617629269694
1052115,Charlton County,USA,30.78253443536097,-82.13826472568103,32891.746,m^2,52.09361576609523
1052603,Chase County,USA,38.30311695635063,-96.59478858031828,6401.378,m^2,50.324657597161114
1053377,Chase County,USA,40.524200875053744,-101.69661324418072,36994.162,m^2,47.11401658456273
1052116,Chatham County,USA,31.940717353536197,-81.01972851517353,11996407.863,m^2,53.99644333383065
1053618,Chatham County,USA,35.70255784677024,-79.25610651072749,557117.184,m^2,54.98528985241281
1052117,Chattahoochee County,USA,32.34657802852354,-84.78862422431546,32353.939,m^2,56.30424592195714
1052118,Chattooga County,USA,34.47437034195994,-85.3460485042577,219701.888,m^2,54.217985668835034
1052604,Chautauqua County,USA,37.15103930355185,-96.246358070301,23391.441,m^2,51.92083758328528
1053543,Chautauqua County,USA,42.227947851936904,-79.36759005289665,1097416.294,m^2,47.292561858025415
1053506,Chaves County,USA,33.36434167837271,-104.46408301989754,577978.76,m^2,54.95675724831134
1054149,Cheatham County,USA,36.261759943048965,-87.08784915866077,394594.963,m^2,52.611533110218645
1052952,Cheboygan County,USA,45.44661690399302,-84.5015884135249,179307.391,m^2,44.685094810174334
1054666,Chelan County,USA,47.86934537600738,-120.61800079259456,1572979.075,m^2,42.163622868282594
1053544,Chemung County,USA,42.14218680652104,-76.76070344971453,1180563.929,m^2,47.60697086824173
1053545,Chenango County,USA,42.492601737235795,-75.61040702287472,118277.142,m^2,47.7899206424856
1051717,Cherokee County,USA,34.17592266557563,-85.60383273484214,200105.724,m^2,54.447523010386256
1052119,Cherokee County,USA,34.24394273127523,-84.47607168132319,1896825.484,m^2,53.913226569134395
1052513,Cherokee County,USA,42.73489024421959,-95.62348628136311,213164.839,m^2,47.614358501216046
1052605,Cherokee County,USA,37.17001446027013,-94.8461335586069,405493.329,m^2,52.80825364207163
1053619,Cherokee County,USA,35.134615896485776,-84.06312190072089,56678.752,m^2,51.44541834654369
1053852,Cherokee County,USA,35.90754587668423,-94.99980191256417,283542.87,m^2,53.883974476240574
1054037,Cherokee County,USA,35.048802484031405,-81.61962503809296,671110.948,m^2,54.838183664975766
1054270,Cherokee County,USA,31.83802150487211,-95.16608886749572,364504.109,m^2,57.451214233088386
1053378,Cherry County,USA,42.54404498917643,-101.11884576481512,58109.427,m^2,44.598502545895
1054555,Chesapeake Independent City,USA,36.67823275425472,-76.3029500359666,5901585.338,m^2,54.72598649593568
1053475,Cheshire County,USA,42.91987071366029,-72.25131548562369,417666.467,m^2,47.19796229655181
1053969,Chester County,USA,39.97396926699705,-75.74865383398064,5064114.469,m^2,50.51414639122764
1054038,Chester County,USA,34.692258652279875,-81.16006702950352,495482.687,m^2,55.162539069705176
1054150,Chester County,USA,35.420906930247185,-88.61560319582901,72687.053,m^2,53.17265658025784
1054039,Chesterfield County,USA,34.63972123589058,-80.15792642080324,395803.724,m^2,55.016791673743825
1054556,Chesterfield County,USA,37.379646874517526,-77.58607351669944,4652572.339,m^2,54.06487630218446
1051958,Cheyenne County,USA,38.82687347522051,-102.60323740810946,112352.615,m^2,47.05273445571338
1052606,Cheyenne County,USA,39.786432093478695,-101.72947798135334,38586.278,m^2,47.71293898831082
1053379,Cheyenne County,USA,41.21914447041531,-102.99530384996754,211789.168,m^2,44.90630811675883
34157094,Cheyenne Urban Area,USA,,,967577.083,m^2,43.0611423286469
34157177,Chicago Urban Area,USA,,,205777558.369,m^2,48.26458557421683
1052514,Chickasaw County,USA,43.05961246300531,-92.31785867604508,239166.109,m^2,48.390761464451465
1053120,Chickasaw County,USA,33.92190049154947,-88.94799272268075,236997.957,m^2,54.57146149576302
1051824,Chicot County,USA,33.26757780310008,-91.29369391471242,47426.583,m^2,55.55002518313411
34157044,Chico Urban Area,USA,,,1365313.106,m^2,47.49556817701858
1054271,Childress County,USA,34.52938495303703,-100.20876101306484,45372.191,m^2,52.92679731952994
1051718,Chilton County,USA,32.84778061410106,-86.71917408074101,342244.464,m^2,55.52426821431362
1052953,Chippewa County,USA,46.30398885221522,-84.59236493493867,152880.989,m^2,44.64343270960917
1053035,Chippewa County,USA,45.02319899724129,-95.5665749267323,181531.071,m^2,46.35660298616318
1054765,Chippewa County,USA,45.06947367961533,-91.28010017737664,1166650.395,m^2,47.50886361205063
1053036,Chisago County,USA,45.503352027185294,-92.90636125580448,342687.985,m^2,47.25851166039568
1054519,Chittenden County,USA,44.46078451176717,-73.08157093561469,1745457.06,m^2,47.813245218991526
1051719,Choctaw County,USA,32.019863945650684,-88.26291027184851,259855.45,m^2,55.71690709584886
1053121,Choctaw County,USA,33.34788118399197,-89.24875496317982,51349.562,m^2,54.9728544909497
1053853,Choctaw County,USA,34.02682937960632,-95.55246297263676,77526.879,m^2,55.47225357801389
1053315,Chouteau County,USA,47.880939670936726,-110.43685319869552,14368.725,m^2,40.800266899115954
1053620,Chowan County,USA,36.124567192425715,-76.59832473129144,88609.424,m^2,55.76016961807584
1052310,Christian County,USA,39.54406772275672,-89.27776179147584,486558.354,m^2,50.646738504052074
1052723,Christian County,USA,36.89437819399201,-87.49014530177895,1042797.931,m^2,52.55917851260102
1053215,Christian County,USA,36.969887171470795,-93.18721702513852,619620.366,m^2,52.01244606282034
1053457,Churchill County,USA,39.58071092537406,-118.33611218455223,155919.754,m^2,47.095022937247585
1053507,Cibola County,USA,34.91401860972116,-107.9987514015617,115303.857,m^2,46.65961526334717
1053854,Cimarron County,USA,36.74857309662153,-102.51688303742088,8463.705,m^2,49.08382711826558
34157190,Cincinnati Urban Area,USA,,,43402051.759,m^2,51.30936275751562
1052033,Citrus County,USA,28.839375023253943,-82.60529452500775,1075851.815,m^2,47.43852890186368
34157058,Ciudad Juárez Urban Area,USA,,,17322603.947,m^2,60.47900275128307
1053921,Clackamas County,USA,45.18842012649025,-122.2203975448387,5706771.163,m^2,41.14784119827165
1053122,Claiborne County,USA,31.974438355486637,-90.9118291893329,35260.052,m^2,56.09668927884734
1054151,Claiborne County,USA,36.48693245243253,-83.6625351393558,277964.705,m^2,52.15755370452518
1052833,Claiborne Parish,USA,32.82278666968501,-92.99581570981964,31538.496,m^2,55.92579414693713
1054667,Clallam County,USA,48.11347889950874,-124.04003348426228,556359.331,m^2,37.64985303895262
1052954,Clare County,USA,43.98730202522661,-84.84843683052712,177182.786,m^2,46.98847949597091
1054040,Clarendon County,USA,33.66528063878103,-80.2168629999086,54803.563,m^2,54.35132889078763
1053970,Clarion County,USA,41.1933517095582,-79.41956971783031,448275.841,m^2,47.78099618355297
1051825,Clark County,USA,34.051092308723646,-93.17643111034084,273682.479,m^2,54.97756497229039
1052272,Clark County,USA,44.28484816423509,-112.34852351937812,4313.438,m^2,44.89832959231128
1052311,Clark County,USA,39.33442750632798,-87.78820891930631,159099.311,m^2,51.13615084103037
1052412,Clark County,USA,38.477122201739576,-85.70768035863419,2910969.81,m^2,52.17281429208639
1052607,Clark County,USA,37.23545023565012,-99.81939191215228,5156.121,m^2,49.05479642545239
1052724,Clark County,USA,37.97125089981655,-84.14857584594081,568036.871,m^2,51.886037712858254
1053216,Clark County,USA,40.410677874265254,-91.73842436310638,27615.877,m^2,49.40740285017927
1053458,Clark County,USA,36.215673372466135,-115.01864068135323,42441841.984,m^2,56.01472448093171
1053764,Clark County,USA,39.91668707626194,-83.78316158933193,1247440.927,m^2,49.65264772092892
1054084,Clark County,USA,44.85932187814731,-97.72933030480598,43843.316,m^2,45.234824254625266
1054668,Clark County,USA,45.78464017961485,-122.48056959343248,5391151.867,m^2,40.69623774095029
1054766,Clark County,USA,44.73477160120608,-90.61215401884527,331077.842,m^2,46.79517782105152
1051720,Clarke County,USA,31.677047890151524,-87.83080816622585,197951.699,m^2,55.8101729654768
1052120,Clarke County,USA,33.95139527251125,-83.3671465123201,2165086.99,m^2,54.291548840261605
1052515,Clarke County,USA,41.02805497438266,-93.7864553901078,216097.854,m^2,49.7433145356455
1053123,Clarke County,USA,32.0406064560527,-88.68829426693868,89033.577,m^2,55.24964903971004
1054557,Clarke County,USA,39.113479167630715,-77.99689652472718,19008.853,m^2,51.294851562059
1053922,Clatsop County,USA,46.013178020878954,-123.77893387553824,572130.514,m^2,38.08074863316939
1051721,Clay County,USA,33.2691896812039,-85.86057479615681,102352.221,m^2,54.85473870664711
1051826,Clay County,USA,36.36741084271116,-90.41743510765887,147350.643,m^2,52.99572926872127
1052034,Clay County,USA,29.98431697241201,-81.85209254966776,1593936.413,m^2,50.90220502729678
1052121,Clay County,USA,31.6266086222239,-84.98191574068461,1805.04,m^2,56.5897187873953
1052312,Clay County,USA,38.754376530532674,-88.4916429332752,197487.434,m^2,52.18601969378973
1052413,Clay County,USA,39.39432086987683,-87.11415666025574,222800.681,m^2,50.87778261772907
1052516,Clay County,USA,43.08270043037427,-95.15135257751986,439553.365,m^2,47.386650594746335
1052608,Clay County,USA,39.34987771699296,-97.16612103638413,158460.466,m^2,49.78165175912079
1052725,Clay County,USA,37.160128101927505,-83.71479540856589,6828.199,m^2,52.158983942910865
1053037,Clay County,USA,46.89263218818167,-96.49065631963173,910949.471,m^2,45.45117099475213
1053124,Clay County,USA,33.65564179007357,-88.78333032086302,303293.987,m^2,54.93840121531984
1053217,Clay County,USA,39.310522591089665,-94.42356490204004,5375494.115,m^2,50.382785908416906
1053380,Clay County,USA,40.52469770406946,-98.0520490319622,149044.028,m^2,47.9691949549297
1053621,Clay County,USA,35.05732545550455,-83.74982543580933,17096.19,m^2,50.915094415773346
1054085,Clay County,USA,42.91453398437011,-96.97508471788085,227557.582,m^2,47.246747537508995
1054152,Clay County,USA,36.55212975879272,-85.5441127917149,59534.62,m^2,52.91330914684598
1054272,Clay County,USA,33.78447846996363,-98.20887322729996,25015.536,m^2,56.23181042373028
1054709,Clay County,USA,38.461857249834864,-81.07633438817464,314.806,m^2,51.7988253082851
1052122,Clayton County,USA,33.54211321099091,-84.35763661869053,8389352.357,m^2,54.075464011768645
1052517,Clayton County,USA,42.84402097917197,-91.33996838782944,121368.764,m^2,48.60608300336651
1051959,Clear Creek County,USA,39.68771813533879,-105.64209832779773,23357.118,m^2,40.48789649476447
1053971,Clearfield County,USA,41.00056252900371,-78.47405930359581,688090.591,m^2,48.20054335548966
1052273,Clearwater County,USA,46.67332509137539,-115.6573772035027,25673.961,m^2,41.8137045935374
1053038,Clearwater County,USA,47.57868749270043,-95.37810043312037,103689.895,m^2,44.97959628563613
1051722,Cleburne County,USA,33.67493601484904,-85.5188367054971,79248.513,m^2,54.33897615214559
1051827,Cleburne County,USA,35.53811345394571,-92.02616037061912,121431.661,m^2,53.57709218026755
1053765,Clermont County,USA,39.04743646680834,-84.15264633321038,1607431.091,m^2,51.35190654900677
1051828,Cleveland County,USA,33.897637139752945,-92.18588845767084,28324.444,m^2,54.5337598506788
1053622,Cleveland County,USA,35.333566722156796,-81.55507945868095,1229131.97,m^2,54.68986657551508
1053855,Cleveland County,USA,35.20270344395566,-97.32720249300034,3213570.385,m^2,53.50320571211015
34157218,Cleveland Urban Area,USA,,,30480311.249,m^2,49.01917996916843
1054558,Clifton Forge City Independent City,USA,37.822992858177166,-79.826293737833,24749.941,m^2,50.14576087272289
1052123,Clinch County,USA,30.914873841619368,-82.70620145347951,69463.731,m^2,53.65390548918255
1052313,Clinton County,USA,38.60688212666335,-89.42346973262903,352550.617,m^2,52.494651413416754
1052414,Clinton County,USA,40.30253153968098,-86.4753033661261,512810.483,m^2,49.8458464527918
1052518,Clinton County,USA,41.89846029899538,-90.53354971601648,1250455.39,m^2,50.66715128638056
1052726,Clinton County,USA,36.727914934695775,-85.13617966647475,27585.038,m^2,52.98451515636847
1052955,Clinton County,USA,42.944067098311635,-84.60316534249169,572775.773,m^2,47.97474873994015
1053218,Clinton County,USA,39.60017684596162,-94.40833819375705,116978.103,m^2,49.95942380771895
1053546,Clinton County,USA,44.746168503197744,-73.68053227273525,991737.658,m^2,47.59512972028334
1053766,Clinton County,USA,39.41487428577943,-83.80841034589581,645553.43,m^2,50.514130745149934
1053972,Clinton County,USA,41.23417192295829,-77.63756542328673,546604.87,m^2,48.18101548015846
1052609,Cloud County,USA,39.48093319409494,-97.6488130486258,162823.547,m^2,49.637787401843056
1053125,Coahoma County,USA,34.229784938522485,-90.60312004721402,332161.984,m^2,54.35962124130376
1053856,Coal County,USA,34.5877440651598,-96.30009868779172,71321.159,m^2,54.64906585435607
1052124,Cobb County,USA,33.94146328924954,-84.57637224081135,18191507.599,m^2,53.79440971691618
1051802,Cochise County,USA,31.87889964684539,-109.7494686290969,986542.852,m^2,53.92208377077168
1054273,Cochran County,USA,33.605109869959136,-102.82849269833127,22785.51,m^2,53.094738586057545
1054153,Cocke County,USA,35.92575624619095,-83.120533704649,226537.054,m^2,52.06948113662677
1051803,Coconino County,USA,35.83997996655973,-111.77025094187476,1704602.292,m^2,47.09441884465095
1054086,Codington County,USA,44.97903512044993,-97.18976375177311,961622.664,m^2,45.17383076050296
1051723,Coffee County,USA,31.402780698151524,-85.98768972421182,393085.375,m^2,56.99779762093667
1052125,Coffee County,USA,31.54933572902618,-82.84913457757807,728749.996,m^2,54.84764557446392
1054154,Coffee County,USA,35.49063661047935,-86.07478077946519,975782.279,m^2,53.24219424566943
1052610,Coffey County,USA,38.23734336275544,-95.7335285975586,116243.231,m^2,51.099843284638226
1054274,Coke County,USA,31.888138500235826,-100.52754474750265,69610.783,m^2,58.21042593357986
1051724,Colbert County,USA,34.70078423606515,-87.80552195290595,2206310.899,m^2,54.489294593291135
1053219,Cole County,USA,38.50708573412981,-92.28040244716728,1277254.751,m^2,51.23581907976007
1054275,Coleman County,USA,31.77573409559158,-99.45533832338228,68890.261,m^2,57.822265370717645
1052314,Coles County,USA,39.52130136664296,-88.22311907957847,1449698.44,m^2,50.865952087939064
1053381,Colfax County,USA,41.57424861096277,-97.08542752518804,169998.426,m^2,48.09180094996879
1053508,Colfax County,USA,36.60630352818381,-104.64633272953544,106465.696,m^2,45.281541662020416
34157097,College Station Urban Area,USA,,,3656746.547,m^2,54.652435614373466
1054041,Colleton County,USA,32.858137607053855,-80.66340368438303,117019.716,m^2,53.17331605043376
1052035,Collier County,USA,26.070568246194895,-81.4573655336013,3595603.478,m^2,38.20843589499943
1054276,Collin County,USA,33.18944693773096,-96.57406114805929,15141935.901,m^2,56.6557987947462
1054277,Collingsworth County,USA,34.96469715185593,-100.2701400833561,11825.109,m^2,51.96197920881744
1054559,Colonial Heights Independent City,USA,37.26514274936686,-77.39577894801688,319006.383,m^2,54.1777533617564
1054278,Colorado County,USA,29.620627657974413,-96.52717213028748,153056.068,m^2,52.48556756991824
34157085,Colorado Springs Urban Area,USA,,,8039561.657,m^2,43.91886525524286
1052126,Colquitt County,USA,31.188334409977777,-83.76869251935203,767248.647,m^2,55.08588053202523
1051829,Columbia County,USA,33.21396608639978,-93.22738257476182,583949.226,m^2,55.80644241148459
1052036,Columbia County,USA,30.223615867964252,-82.62171416830694,730103.946,m^2,52.094236273310045
1052127,Columbia County,USA,33.54442538694709,-82.26346113845534,1101990.122,m^2,54.86813576719157
1053547,Columbia County,USA,42.24959335468555,-73.63290571738,250120.766,m^2,49.24003160137451
1053923,Columbia County,USA,45.94028144673646,-123.09279258309202,640080.376,m^2,40.20073069229668
1053973,Columbia County,USA,41.049198689868064,-76.40566647193559,726013.739,m^2,48.43044158700143
1054669,Columbia County,USA,46.29811866990741,-117.9085272501036,28394.733,m^2,42.44948209233029
1054767,Columbia County,USA,43.46731782518091,-89.33438161067501,1067265.27,m^2,48.685849368076966
1053767,Columbiana County,USA,40.76859950571341,-80.77688053247479,924317.065,m^2,49.11775219253363
34157192,Columbia Urban Area,USA,,,11816213.62,m^2,54.51115426728381
1053623,Columbus County,USA,34.26616909540966,-78.65505131905599,518870.499,m^2,54.44653824306168
34157143,Columbus Urban Area,USA,,,3814075.792,m^2,56.07581058656635
34157204,Columbus Urban Area,USA,,,39990865.083,m^2,49.905117012894706
1051896,Colusa County,USA,39.17799522720852,-122.2364860607649,327414.048,m^2,49.64855612731681
1054279,Comal County,USA,29.809529308003697,-98.2825248659983,1989180.622,m^2,54.652777524895875
1052611,Comanche County,USA,37.192106917419075,-99.271029055835,11307.444,m^2,49.98393783776422
1053857,Comanche County,USA,34.66388115988251,-98.4707061220984,1233501.311,m^2,54.02037118791518
1054280,Comanche County,USA,31.94770418884329,-98.5591473875781,106002.322,m^2,57.78507465147791
1054281,Concho County,USA,31.32617336752202,-99.8661902460118,8439.473,m^2,58.73087952292756
1052834,Concordia Parish,USA,31.449008929784632,-91.64093764805892,106275.994,m^2,56.235796524283735
34157016,Concord Urban Area,USA,,,19115159.262,m^2,42.41923755204756
1051725,Conecuh County,USA,31.42951022836845,-86.9935911498635,46988.438,m^2,56.567352824113875
1051960,Conejos County,USA,37.19930366517146,-106.19023903137142,17973.23,m^2,47.04100904511877
1051897,Contra Costa County,USA,37.92456781163336,-121.95720918695837,17605481.646,m^2,42.39787562844618
1054835,Converse County,USA,42.971647030329386,-105.50670963767996,114004.336,m^2,43.61249623873955
1051830,Conway County,USA,35.26141370165388,-92.70150497987204,161538.412,m^2,54.00910358088699
1052128,Cook County,USA,31.154099079718073,-83.43049601334465,330199.509,m^2,54.759091719303555
1052315,Cook County,USA,41.84273764664612,-87.81640632939488,100127041.947,m^2,48.12468866451291
1053039,Cook County,USA,47.90377812645478,-90.53302255042196,35633.557,m^2,43.29190392079017
1054282,Cooke County,USA,33.63965898164145,-97.2114032233065,621471.674,m^2,55.63382455947622
1053220,Cooper County,USA,38.84585330240495,-92.8112002419323,141794.885,m^2,50.98256431464364
1051726,Coosa County,USA,32.936454139624075,-86.24836175657096,8557.547,m^2,55.43299616116627
1053476,Coos County,USA,44.691136260583754,-71.30575055640016,160558.84,m^2,45.634901441739366
1053924,Coos County,USA,43.20615147350843,-124.15232785931082,773565.161,m^2,37.50159836890587
1053126,Copiah County,USA,31.868943862270275,-90.4490484352686,97131.402,m^2,54.99798502856986
34157081,Corpus Christi Urban Area,USA,,,8257287.959,m^2,46.59957933749952
1054087,Corson County,USA,45.70805059581349,-101.19672887002022,2887.291,m^2,43.50377568454305
1053548,Cortland County,USA,42.59504573830048,-76.07088388514212,209449.671,m^2,47.700508118726056
1054283,Coryell County,USA,31.390878309827286,-97.80037988554842,441987.726,m^2,57.61354999029996
1053768,Coshocton County,USA,40.301713082744406,-81.92012202957554,795921.013,m^2,49.84865330349056
1051961,Costilla County,USA,37.277139751970914,-105.42675018570182,5351.75,m^2,47.29053991684963
1054284,Cottle County,USA,34.07794506377401,-100.27950209802208,7658.889,m^2,54.17012219396312
1053858,Cotton County,USA,34.29087964665054,-98.37266331435563,17115.999,m^2,55.03535183660621
1053040,Cottonwood County,USA,44.00920170605905,-95.18160350797422,174505.124,m^2,47.04597653533657
1051727,Covington County,USA,31.249253418012582,-86.4508624879223,326529.09,m^2,57.000071304519906
1053127,Covington County,USA,31.632465135107676,-89.55261974439054,151509.964,m^2,55.396571099442674
1054560,Covington Independent City,USA,37.77882072228232,-79.98890115515732,273121.966,m^2,49.54697871865787
1052129,Coweta County,USA,33.35348552014643,-84.76353418432173,1482039.326,m^2,54.11209057080042
1052612,Cowley County,USA,37.23869314714565,-96.83819784421355,594680.489,m^2,52.168362517102864
1054670,Cowlitz County,USA,46.19458387925187,-122.67695982129123,2870291.392,m^2,39.6725974161999
1053859,Craig County,USA,36.762135576195654,-95.2092653590681,195812.613,m^2,53.76290411384275
1054561,Craig County,USA,37.48296293585088,-80.21156856577936,220.248,m^2,50.329192546583855
1051831,Craighead County,USA,35.8309111958395,-90.63160633275704,1656668.789,m^2,53.591173400804614
1054285,Crane County,USA,31.428692691061094,-102.5164807913972,298762.432,m^2,59.62602388040543
1053624,Craven County,USA,35.12003345173883,-77.08125683478869,975025.142,m^2,56.18963928316835
1051832,Crawford County,USA,35.58826010041103,-94.2437087638305,721849.994,m^2,53.90089004419941
1052130,Crawford County,USA,32.71502739672694,-83.98681664277466,37684.79,m^2,55.32694081617544
1052316,Crawford County,USA,39.00350540621353,-87.75891458591823,493463.785,m^2,51.61089413278829
1052415,Crawford County,USA,38.29244706612421,-86.45132740176304,43317.028,m^2,52.29808430070503
1052519,Crawford County,USA,42.03585615446183,-95.38221563697483,250361.631,m^2,48.57317160152228
1052613,Crawford County,USA,37.50772624523229,-94.8509099031543,592478.228,m^2,52.475725162005446
1052956,Crawford County,USA,44.68377673662839,-84.6115140539349,158237.198,m^2,45.60758712373054
1053221,Crawford County,USA,37.9790489807912,-91.30412752605696,180666.941,m^2,51.51446010811685
1053769,Crawford County,USA,40.85084397047966,-82.91941246910307,656683.573,m^2,49.022028513571485
1053974,Crawford County,USA,41.68470106915123,-80.10648521764911,464654.846,m^2,47.995263477785834
1054768,Crawford County,USA,43.24047904662623,-90.93251387772663,514585.732,m^2,48.66233528021721
1053860,Creek County,USA,35.902092278349734,-96.37184938533314,812554.489,m^2,53.97534905625265
1051728,Crenshaw County,USA,31.73141173201853,-86.31346974008616,42175.446,m^2,56.866136780154015
1052131,Crisp County,USA,31.922939715087953,-83.76836469155248,828984.967,m^2,56.23281161623285
1051833,Crittenden County,USA,35.20753963458164,-90.30850760244348,1238166.159,m^2,53.98375735449252
1052727,Crittenden County,USA,37.353697653796466,-88.09690418686104,21366.839,m^2,52.956199230031174
1054155,Crockett County,USA,35.812826088435266,-89.13951057468789,31389.445,m^2,53.060439424781165
1054286,Crockett County,USA,30.722037025546197,-101.40976704231772,49345.192,m^2,60.47250305561685
1053925,Crook County,USA,44.14174093640703,-120.35617909228222,479779.407,m^2,41.86779178290159
1054836,Crook County,USA,44.58994859008724,-104.57045045764669,11385.717,m^2,42.27629098808621
1054287,Crosby County,USA,33.613817679165344,-101.30190770528549,24739.756,m^2,52.92637267724064
1051834,Cross County,USA,35.29599535881947,-90.7707481549022,149358.619,m^2,54.02299865935424
1051962,Crowley County,USA,38.32619435047706,-103.78508392187024,16596.376,m^2,48.7444621645111
1053041,Crow Wing County,USA,46.48265868095865,-94.07056930085628,546359.671,m^2,46.046716993136194
1054288,Culberson County,USA,31.450897068444384,-104.51892197364106,6508.301,m^2,59.702002565646545
1051729,Cullman County,USA,34.1323994255177,-86.86826378262292,1346785.01,m^2,54.518283967980906
1054562,Culpeper County,USA,38.48769392741216,-77.95628349151005,367808.323,m^2,52.61665748384927
1052317,Cumberland County,USA,39.273721333012205,-88.24072156187195,36206.534,m^2,51.17494394796254
1052728,Cumberland County,USA,36.78745404405268,-85.38852159366418,21612.677,m^2,52.97450246445639
1052886,Cumberland County,USA,43.784576740593344,-70.31247856721771,3475190.602,m^2,46.42812241842037
1053488,Cumberland County,USA,39.31848501815266,-75.13087028999969,2540038.284,m^2,52.081345220385664
1053625,Cumberland County,USA,35.04993996158001,-78.83111046322315,3660510.554,m^2,55.04410087790174
1053975,Cumberland County,USA,40.16476163319593,-77.26515905947316,7000225.978,m^2,50.075757278217395
1054156,Cumberland County,USA,35.95080577328639,-84.99838228334588,788557.817,m^2,52.424522860319314
1054563,Cumberland County,USA,37.51292786551104,-78.24671321269041,33423.168,m^2,54.057708323759144
1053382,Cuming County,USA,41.91880048170503,-96.78647315887888,183124.634,m^2,48.074521017199686
1053626,Currituck County,USA,36.3708729323535,-75.87950811125813,35460.763,m^2,55.46327976642804
1053509,Curry County,USA,34.573804062161585,-103.34559525264308,565785.033,m^2,50.833076567085506
1053926,Curry County,USA,42.46017344617875,-124.2784013039968,248422.446,m^2,38.69357671085809
1051963,Custer County,USA,38.10873244818901,-105.3653677111286,10977.127,m^2,45.147801332716654
1052274,Custer County,USA,44.24112459089716,-114.2809356411092,7679.913,m^2,42.303920890770506
1053316,Custer County,USA,46.2525607121878,-105.5709704128633,118640.362,m^2,42.51141697460432
1053383,Custer County,USA,41.394466210562896,-99.72588906920488,191571.372,m^2,46.101918328381544
1053861,Custer County,USA,35.638389126082444,-98.99987836640084,529511.924,m^2,52.00089841225181
1054088,Custer County,USA,43.67668712180275,-103.4524571069649,21335.793,m^2,41.46727529649355
1053770,Cuyahoga County,USA,41.42450616722871,-81.65884796813312,22951799.566,m^2,49.154407782178865
1052132,Dade County,USA,34.85547579699996,-85.50473834410153,200628.73,m^2,53.50855071953054
1053222,Dade County,USA,37.43250385009138,-93.85121975574454,44699.159,m^2,52.24902969650951
1054491,Daggett County,USA,40.88687838351876,-109.50943757146968,623.063,m^2,43.23806741854355
1053042,Dakota County,USA,44.67255996377258,-93.06755109791354,9206615.957,m^2,47.69054558435949
1053384,Dakota County,USA,42.39294634872898,-96.56481998790814,479058.147,m^2,47.85704235189638
1051730,Dale County,USA,31.432923448012424,-85.61066190378675,277339.507,m^2,56.87636339888641
1054289,Dallam County,USA,36.278241395864214,-102.60118940110432,183123.859,m^2,49.49416821758874
1051731,Dallas County,USA,32.32710398016697,-87.10646907934512,880051.563,m^2,55.63330427037717
1051835,Dallas County,USA,33.96955562261519,-92.6540133186384,92835.909,m^2,54.84381840867202
1052520,Dallas County,USA,41.68388968537985,-94.04070851589216,1247875.744,m^2,49.94329363853714
1053223,Dallas County,USA,37.68345181218582,-93.02323006932592,47938.663,m^2,51.89079783055276
1054290,Dallas County,USA,32.76799712751374,-96.77933120711305,83258217.986,m^2,56.975447897571584
34157098,Dallas Urban Area,USA,,,166851984.076,m^2,56.935856913897254
1054769,Dane County,USA,43.06830548426581,-89.41753632013648,12499945.099,m^2,48.88032419893431
1053317,Daniels County,USA,48.78498202742637,-105.54876453920076,5103.721,m^2,41.950244929140915
1054564,Danville Independent City,USA,36.58275802443696,-79.40847153438379,1217761.849,m^2,54.53029945677006
1053627,Dare County,USA,35.64188881078921,-75.61608249596958,379353.053,m^2,56.234785275340855
1053771,Darke County,USA,40.133531195810114,-84.62034273248689,706373.693,m^2,49.471091329274635
1054042,Darlington County,USA,34.3328070782188,-79.9584597582442,1344493.418,m^2,54.48077924617999
1053976,Dauphin County,USA,40.41615676743626,-76.77978893363537,5582616.884,m^2,50.22068318847581
34157153,Davenport Urban Area,USA,,,8593138.905,m^2,50.42631419292763
1053628,Davidson County,USA,35.79428687821747,-80.21415472399988,1643765.693,m^2,54.80524566344019
1054157,Davidson County,USA,36.16958846676635,-86.7847623528536,16154727.946,m^2,52.58771183747175
1053629,Davie County,USA,35.930118226083145,-80.54670181119846,385542.618,m^2,54.44183012732459
1052416,Daviess County,USA,38.70309990398101,-87.07174854010191,409298.898,m^2,51.813860950097165
1052729,Daviess County,USA,37.73145424121314,-87.08683196771018,1876050.26,m^2,52.88399226148664
1053224,Daviess County,USA,39.960682353562376,-93.9875791865908,20733.872,m^2,49.96235324497036
1052521,Davis County,USA,40.74734168867115,-92.41050368284712,30621.944,m^2,49.6488399299535
1054492,Davis County,USA,40.98928558310651,-112.1107423569486,4595327.729,m^2,47.344651889353855
1054089,Davison County,USA,43.67481139185479,-98.14499985686972,520376.683,m^2,46.238101529233965
34157032,Davis Urban Area,USA,,,1590964.102,m^2,46.815877648256325
1053385,Dawes County,USA,42.71990958035504,-103.1343263383094,42560.965,m^2,43.32319481008008
1052133,Dawson County,USA,34.4442270845913,-84.17076021992528,227313.455,m^2,53.82921321573332
1053318,Dawson County,USA,47.26614093552566,-104.89789668413452,73470.481,m^2,42.65171770142624
1053386,Dawson County,USA,40.87011152131939,-99.8186820826294,440113.413,m^2,46.71500645902832
1054291,Dawson County,USA,32.742514245841846,-101.9479841192588,162782.58,m^2,55.24683164500772
1054090,Day County,USA,45.36872058094808,-97.60677154986068,113490.952,m^2,45.147348997477785
34157171,Daytona Beach Urban Area,USA,,,3243323.026,m^2,44.55651284054368
34157197,Dayton Urban Area,USA,,,12803186.181,m^2,50.04623785647033
1054292,Deaf Smith County,USA,34.965902036890114,-102.60688153233458,376095.032,m^2,50.5650403699031
1052418,Dearborn County,USA,39.14516069120161,-84.97307797695488,610253.239,m^2,51.349814539861875
1053510,Debaca County,USA,34.34378131349583,-104.41067532173348,2375.365,m^2,51.75990089944072
1052134,Decatur County,USA,30.878621477555203,-84.57904321742113,450354.535,m^2,54.90731807330418
1052419,Decatur County,USA,39.30692006726307,-85.50147714949925,715666.864,m^2,50.78196944158086
1052522,Decatur County,USA,40.737082910509315,-93.78704153086156,46081.4,m^2,49.70664552292248
1052614,Decatur County,USA,39.785598254299295,-100.46036327877034,14198.458,m^2,48.20212617454656
1054158,Decatur County,USA,35.60321503419655,-88.10844699891177,38647.912,m^2,53.15233120485267
1053319,Deer Lodge County,USA,46.06014428657458,-113.06851512909311,39440.896,m^2,41.330048916738605
1053772,Defiance County,USA,41.32412112666802,-84.49144270826054,934919.996,m^2,48.852527523649194
1051732,De Kalb County,USA,34.459941029623394,-85.80384241086168,997557.788,m^2,54.28403111519791
1052318,De Kalb County,USA,41.895860997259355,-88.77054686158252,2005206.154,m^2,49.691872400866366
1052417,De Kalb County,USA,41.397937069444616,-85.00043296845686,1566062.499,m^2,48.56308153893161
1053225,De Kalb County,USA,39.89106902054879,-94.40739354985764,100803.363,m^2,49.89310329854769
1052135,DeKalb County,USA,33.771738240943165,-84.22681064727698,14880698.409,m^2,53.87469537895666
1054159,DeKalb County,USA,35.980027726975145,-85.83188512249487,72819.985,m^2,53.29894852354062
1052420,Delaware County,USA,40.22780604820259,-85.39739534068576,1489755.767,m^2,49.54830630972815
1052523,Delaware County,USA,42.47052440992627,-91.36684754744928,354548.43,m^2,49.24241293918577
1053549,Delaware County,USA,42.19812707675567,-74.96552279018387,187096.919,m^2,47.735836147039926
1053773,Delaware County,USA,40.27833404887551,-83.00462222781888,2353262.434,m^2,49.49437173907651
1053862,Delaware County,USA,36.409018058475375,-94.80226052098388,171869.304,m^2,53.42749181668881
1053977,Delaware County,USA,39.91738014500129,-75.39949274105494,6343118.375,m^2,51.290365755155875
1051898,Del Norte County,USA,41.7348678127504,-124.00191911733587,205419.632,m^2,35.62884169707791
1051964,Delta County,USA,38.85960353627735,-107.8617149302998,262135.756,m^2,49.01160962566282
1052957,Delta County,USA,45.91843010628803,-86.9269640256798,520453.802,m^2,44.39194263970426
1054293,Delta County,USA,33.38536933182399,-95.67290051189364,10539.226,m^2,56.21159295758531
34157165,Deltona Urban Area,USA,,,963089.934,m^2,47.46034223009541
1051780,Denali Borough,USA,63.65968345955742,-150.2034507213164,5473.521,m^2,38.789692594584
1053226,Dent County,USA,37.60890012846521,-91.50628029552202,151508.496,m^2,51.51523691450279
1054294,Denton County,USA,33.20532665242591,-97.11691449499084,13315095.67,m^2,56.80357312761238
1051965,Denver County,USA,39.75896709051702,-104.87630218341842,20400866.378,m^2,44.43278122195443
34157086,Denver Urban Area,USA,,,60890674.475,m^2,44.33705764554187
1053927,Deschutes County,USA,43.91516228072292,-121.22726322281405,2031452.178,m^2,41.06592880130304
1051836,Desha County,USA,33.832829380759556,-91.25372437076652,142373.093,m^2,54.89813874451685
1052524,Des Moines County,USA,40.92266860259698,-91.18217169928036,1101163.813,m^2,49.90500350741184
34157132,Des Moines Urban Area,USA,,,15774148.004,m^2,50.01760351347848
1052037,Desoto County,USA,27.18647585646753,-81.80918722226697,185385.285,m^2,42.619781575436264
1053128,Desoto County,USA,34.87705890023392,-89.99086117817426,3496309.676,m^2,53.772473403468624
1052835,De Soto Parish,USA,32.05601777629866,-93.73773128445356,249447.036,m^2,56.972989348328035
34157213,Detroit Urban Area,USA,,,86965125.721,m^2,48.13973088684981
1053387,Deuel County,USA,41.111363462433275,-102.33258772177534,62584.778,m^2,45.90849648775618
1054091,Deuel County,USA,44.7610148350276,-96.66961372363151,63553.2,m^2,45.6089691943128
1053863,Dewey County,USA,35.98665230027826,-99.00635365792448,59976.934,m^2,50.99096582696274
1054092,Dewey County,USA,45.156319974083026,-100.87238443967418,4306.084,m^2,43.618738742672
1054295,Dewitt County,USA,29.081388170349193,-97.35644343447822,169349.861,m^2,51.911017435083686
1052319,De Witt County,USA,40.174751725946294,-88.90546792392698,303670.624,m^2,50.08023860747228
1054296,Dickens County,USA,33.615533240299655,-100.78071924449787,2807.914,m^2,54.345353169648355
1054565,Dickenson County,USA,37.12585000505731,-82.34923317431229,6317.143,m^2,51.20733660770384
1053710,Dickey County,USA,46.1089452115426,-98.50677994188376,85110.846,m^2,44.21331227279776
1052525,Dickinson County,USA,43.37969326560427,-95.15004914946762,431988.422,m^2,47.28269468990537
1052615,Dickinson County,USA,38.86680151153162,-97.15346501556998,208794.026,m^2,50.10901264962437
1052958,Dickinson County,USA,46.009102169257496,-87.87189034561534,606997.915,m^2,44.449691701165065
1054160,Dickson County,USA,36.14928926438115,-87.35841999442786,570869.506,m^2,52.66699182737569
1051781,Dillingham Census Area,USA,59.674609128871154,-158.37489382306086,5664.624,m^2,37.7301127135711
1054043,Dillon County,USA,34.39214402494632,-79.3762823813312,342874.825,m^2,54.71435083051081
1054297,Dimmit County,USA,28.41898609551914,-99.7511558144393,88572.317,m^2,52.59786621591936
1054566,Dinwiddie County,USA,37.07671655095686,-77.63481476745525,690437.081,m^2,54.17904435668629
1052024,District of Columbia District,USA,38.90703616921518,-77.01561479417411,4998285.624,m^2,52.31187430376428
1053711,Divide County,USA,48.81515666070404,-103.48818248690276,38722.7,m^2,42.99908919057814
1052038,Dixie County,USA,29.555909135671595,-83.24079305446686,98822.79,m^2,51.19215234663989
1053388,Dixon County,USA,42.4949799209914,-96.8676412752719,49498.227,m^2,47.60854757484545
1054710,Doddridge County,USA,39.268445561569195,-80.70779587731552,17936.519,m^2,51.0734835449398
1052136,Dodge County,USA,32.172076844991025,-83.16855349989939,119968.868,m^2,55.35232743881521
1053043,Dodge County,USA,44.02449669687132,-92.8626464428779,570648.648,m^2,47.90348253659579
1053389,Dodge County,USA,41.57911287615599,-96.65383498221804,744180.112,m^2,48.773415495414376
1054770,Dodge County,USA,43.41707242485521,-88.70722134220932,1375214.95,m^2,48.48620234385905
1051966,Dolores County,USA,37.75093882694551,-108.51914684041972,660.965,m^2,49.69483406836973
1053511,Dona Ana County,USA,32.353487382249234,-106.82980473306796,2960155.714,m^2,58.702274303736175
1052616,Doniphan County,USA,39.789114186558656,-95.1480954682383,152934.521,m^2,49.75555957049095
1054298,Donley County,USA,34.96519537474858,-100.81294266251588,2097.806,m^2,50.34854700577651
1052137,Dooly County,USA,32.1571654490629,-83.79878444213826,78603.969,m^2,56.2059960992555
1054771,Door County,USA,44.94469729081081,-87.31984944779451,388833.754,m^2,45.71734452611334
1052908,Dorchester County,USA,38.42593805680087,-76.0820396068099,437058.309,m^2,53.45171348521371
1054044,Dorchester County,USA,33.07884947099174,-80.40494515364388,857895.426,m^2,53.8446849336623
1052138,Dougherty County,USA,31.533322573641797,-84.21636185771561,3381251.014,m^2,55.83050747530216
1051967,Douglas County,USA,39.33039529286952,-104.92793454722884,3203974.938,m^2,43.99825718955109
1052139,Douglas County,USA,33.70077174948104,-84.76821211486165,3015690.002,m^2,53.84016870444896
1052320,Douglas County,USA,39.769956852605,-88.21761524770669,425837.282,m^2,50.723833501736465
1052617,Douglas County,USA,38.88546227440479,-95.29398718363956,2358280.655,m^2,50.57366906993519
1053044,Douglas County,USA,45.93408329324688,-95.45345766362328,485286.321,m^2,45.91257068010372
1053227,Douglas County,USA,36.93355875736496,-92.49696484600358,63109.882,m^2,51.786751938468214
1053390,Douglas County,USA,41.29548734799247,-96.15380812774116,13578627.507,m^2,49.0595136835872
1053459,Douglas County,USA,38.912639562329815,-119.6163969185806,480425.831,m^2,42.32310973304015
1053928,Douglas County,USA,43.2959847361523,-123.2063138769402,1224933.452,m^2,40.5525984916934
1054093,Douglas County,USA,43.38692116043969,-98.36656187767214,99031.0,m^2,46.20687695772031
1054671,Douglas County,USA,47.73602592751194,-119.6929264462018,543651.241,m^2,42.387195280954025
1054772,Douglas County,USA,46.43158471139672,-91.9155106406917,781253.839,m^2,45.18140387403587
1051837,Drew County,USA,33.58848477553745,-91.71953778971928,177761.909,m^2,54.67903529321346
1052421,Dubois County,USA,38.365434831013545,-86.87945687847917,1076543.179,m^2,52.464892045913935
1052526,Dubuque County,USA,42.468593160412745,-90.8816742742136,2336316.66,m^2,49.41355892612605
34157164,Dubuque Urban Area,USA,,,2230301.066,m^2,49.402995234455936
1054493,Duchesne County,USA,40.29831951971033,-110.42296257260368,74853.527,m^2,49.76128905722772
1052926,Dukes County,USA,41.33419201945406,-70.71726479800209,28428.876,m^2,47.85784014112974
34157187,Duluth Urban Area,USA,,,2256227.834,m^2,45.285865665816445
1053391,Dundy County,USA,40.17685200966171,-101.68625567341996,31077.634,m^2,47.940971632525184
1053228,Dunklin County,USA,36.271543913344125,-90.0909159849659,217687.673,m^2,52.97567200325578
1053712,Dunn County,USA,47.35811932569356,-102.61948511583344,268088.176,m^2,42.77585376611314
1054773,Dunn County,USA,44.94654013030654,-91.89653077575616,931913.144,m^2,47.543278129791034
1052321,Dupage County,USA,41.85257606410218,-88.08512366837263,31118796.753,m^2,48.46425968300356
1053630,Duplin County,USA,34.93596758756913,-77.93300484612593,350217.134,m^2,54.74574765379697
1053631,Durham County,USA,36.03622831597915,-78.8767715375219,5098920.542,m^2,54.91818318101573
1053550,Dutchess County,USA,41.76513202243951,-73.74368524748697,1676807.364,m^2,49.17350095022603
1052039,Duval County,USA,30.349300674446567,-81.59334202584863,24513913.022,m^2,50.52405460860005
1054299,Duval County,USA,27.68259098453788,-98.50885954298208,6522.817,m^2,49.06659760652491
1054161,Dyer County,USA,36.05929022179893,-89.41407219177381,942581.089,m^2,53.47429791263296
1051968,Eagle County,USA,39.62784066403577,-106.69526872621542,221681.629,m^2,42.211481849946175
1052140,Early County,USA,31.323120966995507,-84.90516320791669,263135.687,m^2,55.86888796653417
1052836,East Baton Rouge Parish,USA,30.539562870115763,-91.09688100961326,13509758.709,m^2,54.38541786135168
1052837,East Carroll Parish,USA,32.73229545163789,-91.23525810201248,41642.214,m^2,56.0954633920281
1052838,East Feliciana Parish,USA,30.84590261338428,-91.04540891796508,165535.022,m^2,55.176741656517855
1054300,Eastland County,USA,32.32886925013088,-98.83260097387928,206729.627,m^2,57.33282007517964
1052959,Eaton County,USA,42.595789274453544,-84.83910951718423,2311381.889,m^2,47.970368301176904
1054774,Eau Claire County,USA,44.72678169103181,-91.2860513774668,1905924.801,m^2,47.76835452229366
1052141,Echols County,USA,30.71006215875007,-82.89386142975157,12795.971,m^2,53.65108517360659
1054301,Ector County,USA,31.86981884117431,-102.54390202495658,7810190.398,m^2,57.61992486652308
1053512,Eddy County,USA,32.47245521274371,-104.2999179709488,928550.736,m^2,58.45617337489246
1053713,Eddy County,USA,47.717951574827104,-98.90328842116796,7143.634,m^2,43.25526223767903
1052322,Edgar County,USA,39.678557011913945,-87.74455906707459,248487.712,m^2,50.90909260333967
1053632,Edgecombe County,USA,35.91267939054646,-77.59705926289863,552091.837,m^2,55.106866841793206
1054045,Edgefield County,USA,33.77256944552971,-81.96659640940987,61867.809,m^2,54.47724634955151
1052730,Edmonson County,USA,37.20898418409913,-86.23849266545785,6665.124,m^2,52.51791774616647
1054094,Edmunds County,USA,45.41956227588767,-99.21851711363708,64532.394,m^2,43.65436560435058
1052323,Edwards County,USA,38.416307949549605,-88.05317941100648,62992.922,m^2,52.43078190594175
1052618,Edwards County,USA,37.888194167619886,-99.31122364456992,32792.332,m^2,49.00605714775027
1054302,Edwards County,USA,29.982162647966405,-100.30641056693028,0.0,m^2,0.0
1052142,Effingham County,USA,32.368862443746764,-81.34068087040318,986935.943,m^2,53.904862245958356
1052324,Effingham County,USA,39.05961730157556,-88.59081184685546,1059007.169,m^2,51.52052773686181
1051970,Elbert County,USA,39.28572404845483,-104.1356469313537,43326.2,m^2,44.24868606062845
1052143,Elbert County,USA,34.116878869387214,-82.84012933863993,344658.352,m^2,54.72114762795593
1051899,El Dorado County,USA,38.77899083684595,-120.52527406572376,727684.421,m^2,45.102726949818816
1052619,Elk County,USA,37.45361554718223,-96.2443652313738,3755.918,m^2,51.34572080647128
1053978,Elk County,USA,41.425645660309904,-78.65056261137416,426275.74,m^2,47.96046425255165
1052422,Elkhart County,USA,41.59953336381644,-85.8591797433151,9585251.187,m^2,48.21796951558594
1053460,Elko County,USA,41.14605511864911,-115.35752654528623,331009.877,m^2,45.29044662615914
1052731,Elliott County,USA,38.118567036491136,-83.09775512799362,613.106,m^2,52.00058554311978
1052620,Ellis County,USA,38.91469575202732,-99.31683064024006,483829.535,m^2,48.809121266232744
1053864,Ellis County,USA,36.21737361754868,-99.7556723892122,6715.853,m^2,50.42002587013147
1054304,Ellis County,USA,32.350041629605066,-96.79597580654324,3835985.96,m^2,57.13427874746445
1052621,Ellsworth County,USA,38.69699073133998,-98.20548343464148,85281.811,m^2,49.70552009032735
1051733,Elmore County,USA,32.59750033267977,-86.14884765043148,478875.754,m^2,56.08708752876221
1052275,Elmore County,USA,43.35478264461722,-115.46949870074064,178947.819,m^2,45.61979195175327
1051969,El Paso County,USA,38.83144080493362,-104.52608605344577,8095541.495,m^2,43.93019303225744
1054303,El Paso County,USA,31.768914212238155,-106.23558662507452,17017512.14,m^2,60.633814939649575
1052144,Emanuel County,USA,32.58974807831321,-82.30191054773331,167552.25,m^2,54.82119299502095
1054494,Emery County,USA,38.996604915868566,-110.7017601415594,30493.754,m^2,48.21515458542756
1052527,Emmet County,USA,43.379867283954006,-94.67818275736992,214001.178,m^2,47.69429026694423
1052960,Emmet County,USA,45.519501542527706,-84.89172149175094,299868.027,m^2,44.67820749692664
1053714,Emmons County,USA,46.285262242995614,-100.2383860022826,27893.721,m^2,43.20497319091992
1054567,Emporia Independent City,USA,36.6954863855028,-77.53492005197481,233545.15,m^2,54.50747388245914
1054305,Erath County,USA,32.23666624826894,-98.2194630794365,552066.987,m^2,57.39096454974222
1053551,Erie County,USA,42.762044332965026,-78.73036455281968,14105307.258,m^2,47.595156184580006
1053774,Erie County,USA,41.36499129256265,-82.62002153099705,1557678.659,m^2,49.277232695912545
1053979,Erie County,USA,41.99096823934631,-80.03509650562813,2889869.042,m^2,47.73171684919556
34157224,Erie Urban Area,USA,,,2870554.498,m^2,47.713577739223254
1051734,Escambia County,USA,31.1273165024572,-87.1613329804176,567992.867,m^2,55.926413593500286
1052040,Escambia County,USA,30.494058625627375,-87.29142141714414,4649534.928,m^2,53.95255313543909
1053461,Esmeralda County,USA,37.78380923856599,-117.631275716937,5330.412,m^2,47.38205958563803
1052927,Essex County,USA,42.64672691533164,-70.79693123827877,5715791.998,m^2,48.319500502579345
1053489,Essex County,USA,40.78647971355672,-74.2472560754965,8817097.249,m^2,50.7198566397484
1053552,Essex County,USA,44.11753968608172,-73.77442300372006,105936.051,m^2,47.72938576877856
1054520,Essex County,USA,44.726850192991726,-71.73694681766365,11308.588,m^2,45.999779813359545
1054568,Essex County,USA,37.93975348047069,-76.94176518763842,68191.418,m^2,53.7651394197434
1052732,Estill County,USA,37.692792850855405,-83.96441732158752,11001.909,m^2,52.13825255235251
1051735,Etowah County,USA,34.0449577990137,-86.03483242388397,1656544.319,m^2,54.290446256995075
34157051,Eugene Urban Area,USA,,,6517478.033,m^2,41.14776662477782
1053462,Eureka County,USA,39.98214834278403,-116.26773327810724,6154.193,m^2,46.26567496339487
1052839,Evangeline Parish,USA,30.72976803863554,-92.405724714776,138453.884,m^2,54.58026441497301
1052145,Evans County,USA,32.15661945753482,-81.88684790784522,96727.397,m^2,54.68154094956159
34157154,Evansville Urban Area,USA,,,6000687.969,m^2,52.883132165074585
1051782,Fairbanks North Star Borough,USA,64.8081651223932,-146.56353478939192,597976.233,m^2,40.59837602107507
1054570,Fairfax City County,USA,38.85221475297712,-77.29968264347858,706239.491,m^2,52.949488109268025
1054569,Fairfax County,USA,38.83273641699581,-77.27444832928467,12864948.12,m^2,52.52879360667022
1052013,Fairfield County,USA,41.22466846620257,-73.36726217635503,7574378.429,m^2,49.9462511861777
1053775,Fairfield County,USA,39.751504889021675,-82.63048230293485,878060.801,m^2,50.18239855351429
1054046,Fairfield County,USA,34.39511342250257,-81.12134068836893,183317.994,m^2,54.93350752027104
34157021,Fairfield Urban Area,USA,,,3336137.953,m^2,44.146270609271774
1053320,Fallon County,USA,46.33275228228979,-104.41614081978378,14806.295,m^2,42.596489398597015
1054095,Fall River County,USA,43.2386713552067,-103.52646886978192,86512.586,m^2,42.7617482270152
1054571,Falls Church Independent City,USA,38.88435409376399,-77.1743284889342,137429.799,m^2,52.247320910365296
1054306,Falls County,USA,31.25344657270562,-96.93571062557233,62466.374,m^2,56.43423874739391
1052146,Fannin County,USA,34.86467799025893,-84.3210191216622,134395.477,m^2,52.55167602850205
1054307,Fannin County,USA,33.59348437938991,-96.1065810102652,177610.113,m^2,55.72748117107498
34157144,Fargo Urban Area,USA,,,5498530.823,m^2,45.40888032064779
1053045,Faribault County,USA,43.67722555855518,-93.94833931733832,218180.816,m^2,48.30837463271748
1054096,Faulk County,USA,45.071660391298,-99.14621586699276,7711.978,m^2,44.09655071630131
1051838,Faulkner County,USA,35.14689052852947,-92.33169247966072,1629215.59,m^2,54.82544157338931
1054572,Fauquier County,USA,38.738507319396554,-77.80882111742473,273313.609,m^2,52.48969824257818
1051736,Fayette County,USA,33.72148923008198,-87.73870548792584,134844.78,m^2,55.36365493718037
1052147,Fayette County,USA,33.41386457295505,-84.49426665016804,1849619.387,m^2,54.12198312289856
1052325,Fayette County,USA,38.99979386377415,-89.02526486274829,196901.642,m^2,51.568465818075815
1052423,Fayette County,USA,39.64071679435115,-85.17896918459677,252782.081,m^2,49.961198590654845
1052528,Fayette County,USA,42.86232707892494,-91.84396787315067,195145.278,m^2,48.67425028342218
1052733,Fayette County,USA,38.04252189564464,-84.45889353570949,5891653.412,m^2,51.923211366765315
1053776,Fayette County,USA,39.55966539202985,-83.45620386077387,505778.873,m^2,50.408260745996
1053980,Fayette County,USA,39.92059291049946,-79.64728124585108,715286.036,m^2,49.865715147275715
1054162,Fayette County,USA,35.19798043099018,-89.41469150046137,260177.268,m^2,53.825912012420694
1054308,Fayette County,USA,29.877938120959453,-96.9190376170572,278388.85,m^2,53.67438239354773
1054711,Fayette County,USA,38.03024408473714,-81.08194651608359,248854.444,m^2,51.36480124100175
34157208,Fayetteville Urban Area,USA,,,3825942.389,m^2,55.038092131344946
1054163,Fentress County,USA,36.38048128544345,-84.9324524291286,53978.25,m^2,52.33015557192017
1053321,Fergus County,USA,47.263620293777215,-109.2223869481968,154346.367,m^2,40.5278699433204
1054672,Ferry County,USA,48.46942998137829,-118.51584022112736,30323.862,m^2,42.86915205589578
1053046,Fillmore County,USA,43.676472653724296,-92.09061976439462,282116.405,m^2,47.838763998853594
1053392,Fillmore County,USA,40.52478228430606,-97.59656504096294,62938.273,m^2,48.366533794150975
1052622,Finney County,USA,38.04334156631053,-100.73742620121509,961661.484,m^2,48.69800861131296
1054309,Fisher County,USA,32.74232526902695,-100.4018912602392,17316.439,m^2,57.75401530303084
1052041,Flagler County,USA,29.497834340173224,-81.23845899384781,518525.304,m^2,47.17372034943158
1053322,Flathead County,USA,48.29557395247663,-114.05183852590216,1059463.341,m^2,40.09644334168614
1052734,Fleming County,USA,38.370168266209255,-83.69664960929933,65499.607,m^2,51.72247790738652
34157214,Flint Urban Area,USA,,,5201300.99,m^2,48.00558356131587
1054047,Florence County,USA,34.02444599391434,-79.7023156599924,2217178.789,m^2,54.32335705923082
1054775,Florence County,USA,45.84908858611631,-88.39811743819773,53116.069,m^2,44.24342467813271
1052148,Floyd County,USA,34.262348492632626,-85.21461795926561,1764803.053,m^2,54.297967161324934
1052424,Floyd County,USA,38.31836246372676,-85.90572543935559,800871.833,m^2,52.18576166356446
1052529,Floyd County,USA,43.059445830024686,-92.78907098063269,252416.24,m^2,48.31664243948805
1052735,Floyd County,USA,37.55736013304187,-82.7451099031809,30049.69,m^2,51.9596107647034
1054310,Floyd County,USA,34.072110812142824,-101.3037974053072,71283.127,m^2,52.401418304783405
1054573,Floyd County,USA,36.93251041654187,-80.36127686068625,17438.31,m^2,50.841358824335614
1054574,Fluvanna County,USA,37.84291342672559,-78.27815926375109,79019.373,m^2,53.52814202917049
1054311,Foard County,USA,33.97386830209186,-99.7802793129278,1029.48,m^2,54.77762074056805
1054776,Fond du Lac County,USA,43.75370277400075,-88.48829909027599,2122860.149,m^2,48.22380380743583
1052326,Ford County,USA,40.596893759575586,-88.22394182121259,464512.157,m^2,49.603904799417336
1052623,Ford County,USA,37.69328618959495,-99.88842960116864,498747.167,m^2,48.80217534749425
1053981,Forest County,USA,41.513383810661814,-79.23655369234046,32080.43,m^2,47.65741138756557
1054777,Forest County,USA,45.66763254430463,-88.77025138756503,56837.723,m^2,44.70604505039726
1053129,Forrest County,USA,31.189207831337093,-89.25804391009815,1714502.64,m^2,55.93768847098422
1052149,Forsyth County,USA,34.2253852357926,-84.12508255094164,2691624.688,m^2,53.921637976148624
1053633,Forsyth County,USA,36.130719477619074,-80.25858989323491,6879898.529,m^2,54.2986208529588
1054312,Fort Bend County,USA,29.526972668529133,-95.77115935400072,5098356.654,m^2,51.54814217691252
34157091,Fort Collins Urban Area,USA,,,3163537.792,m^2,44.46131434013227
34157109,Fort Smith Urban Area,USA,,,3653347.086,m^2,54.53108054896703
34157199,Fort Wayne Urban Area,USA,,,13328365.875,m^2,48.807866147732085
1053715,Foster County,USA,47.457304935592965,-98.88349386949068,54162.294,m^2,43.183249826899875
1052425,Fountain County,USA,40.121624036945725,-87.24153702596053,81172.815,m^2,49.98458262165726
34157255,Framingham Urban Area,USA,,,2403642.192,m^2,48.73429692109515
1051737,Franklin County,USA,34.441953023783576,-87.84360006985207,475164.719,m^2,54.68217395997366
1051839,Franklin County,USA,35.51265235452215,-93.89001616713188,135341.177,m^2,53.746305656851206
1052042,Franklin County,USA,29.747966538706237,-84.75172824553562,86762.254,m^2,50.12926750381566
1052150,Franklin County,USA,34.37589178413757,-83.22902983349958,308002.04,m^2,54.686770470741045
1052276,Franklin County,USA,42.182918364389465,-111.8144921127281,48832.514,m^2,44.865350020684986
1052327,Franklin County,USA,37.993186385663805,-88.92470134157446,199872.694,m^2,53.13520563744441
1052426,Franklin County,USA,39.41478533771752,-85.06104179683412,168750.688,m^2,50.43916846134577
1052530,Franklin County,USA,42.73200187391117,-93.26335317587724,145034.757,m^2,48.656288512966576
1052624,Franklin County,USA,38.56453171786055,-95.28642943196462,533155.08,m^2,51.024365792406975
1052736,Franklin County,USA,38.23910284428535,-84.87699109168658,760016.339,m^2,51.87506795955869
1052887,Franklin County,USA,44.97446878655251,-70.44456105262658,389845.297,m^2,45.97703616006429
1052928,Franklin County,USA,42.58285551533579,-72.59088086478225,352110.828,m^2,48.100938824295405
1053130,Franklin County,USA,31.47657495867162,-90.89854905468934,22697.522,m^2,55.41644118683968
1053229,Franklin County,USA,38.41309719441766,-91.07532940766497,1213183.833,m^2,51.507486629192485
1053393,Franklin County,USA,40.177238778262925,-98.95380473472524,11320.546,m^2,47.947549526321424
1053553,Franklin County,USA,44.59159138753443,-74.3046158770284,68512.077,m^2,46.897471944982776
1053634,Franklin County,USA,36.08386920607598,-78.28858042245497,185813.514,m^2,54.84080946340642
1053777,Franklin County,USA,39.96942760317027,-83.01059617336804,33223734.565,m^2,49.931385953179344
1053982,Franklin County,USA,39.928327184829755,-77.7210341474788,2874434.159,m^2,50.2235613753712
1054164,Franklin County,USA,35.155823106158266,-86.09253945008615,244092.04,m^2,52.85813752058445
1054313,Franklin County,USA,33.176143349426134,-95.21978999564114,172670.809,m^2,56.20078835097135
1054521,Franklin County,USA,44.85732541420381,-72.91218768726087,404073.737,m^2,47.40689443768527
1054575,Franklin County,USA,36.98943432529767,-79.85312366126783,554062.309,m^2,52.62533301647125
1054673,Franklin County,USA,46.5348726503626,-118.89944500834817,1818193.786,m^2,46.14306410900912
1052840,Franklin Parish,USA,32.134111773040885,-91.67419669165272,141641.233,m^2,56.119473148048634
1052909,Frederick County,USA,39.47302219963655,-77.39728170970389,2958291.293,m^2,51.087265681581414
1054576,Frederick County,USA,39.20578258320428,-78.26229109432784,1594570.315,m^2,50.68600297942961
1054577,Fredericksburg Independent City,USA,38.29912826156959,-77.48698909908336,430827.797,m^2,53.69438743990791
34157228,Frederick Urban Area,USA,,,2973261.422,m^2,51.08271272959059
1053047,Freeborn County,USA,43.67704988760213,-93.34894017710266,564714.404,m^2,48.10654008216161
1054314,Freestone County,USA,31.70503538376495,-96.14945775029976,158864.82,m^2,57.20703056850472
1051971,Fremont County,USA,38.47256727842776,-105.4395849027935,417576.289,m^2,45.83244489248287
1052277,Fremont County,USA,44.22899368659967,-111.48116859893376,40980.822,m^2,44.36075296391078
1052531,Fremont County,USA,40.74584174636587,-95.60409771931398,49109.687,m^2,49.5810796757878
1054837,Fremont County,USA,43.04061726408866,-108.62981943751907,397300.832,m^2,43.66431352955234
1051900,Fresno County,USA,36.75825755996808,-119.6514620697384,19212792.76,m^2,51.59555976410792
34157035,Fresno Urban Area,USA,,,17107976.51,m^2,51.65335663416807
1054315,Frio County,USA,28.866097180550774,-99.10497006603951,65023.329,m^2,52.89279749118966
1053394,Frontier County,USA,40.530575246740845,-100.39321311947477,19354.111,m^2,46.88240209018125
1051840,Fulton County,USA,36.3809365212749,-91.81797121357266,13250.84,m^2,53.053329600236665
1052151,Fulton County,USA,33.79006031078759,-84.46709691596965,31794294.62,m^2,53.85093961729162
1052328,Fulton County,USA,40.472776014996526,-90.20773084856484,280822.878,m^2,49.80871172112978
1052427,Fulton County,USA,41.04704959151109,-86.26333257778938,163061.203,m^2,48.8359704300722
1052737,Fulton County,USA,36.55513857948685,-89.18928559864779,129062.695,m^2,53.24800791584276
1053554,Fulton County,USA,43.11344611799563,-74.42545604009334,431220.515,m^2,48.12876800168007
1053778,Fulton County,USA,41.60170951156176,-84.13114627257131,1760454.902,m^2,48.53321787279729
1053983,Fulton County,USA,39.92644234299476,-78.11338892135672,196805.7,m^2,49.50949143241278
1053395,Furnas County,USA,40.17675259940408,-99.91178004098138,30675.718,m^2,47.7420622069873
1052043,Gadsden County,USA,30.57974747643518,-84.61353449656687,432581.085,m^2,54.32399543775706
1053396,Gage County,USA,40.262017170647,-96.68957028128985,526348.883,m^2,48.81832487521399
1054316,Gaines County,USA,32.741273278793614,-102.6337852279551,588493.673,m^2,54.77070091117191
1054578,Galax Independent City,USA,36.6669290225967,-80.91690741564017,336794.597,m^2,49.82775878675987
1052329,Gallatin County,USA,37.7656821612104,-88.22725934419418,53710.985,m^2,52.68230321972312
1052738,Gallatin County,USA,38.75681583745528,-84.85942958542952,401066.215,m^2,51.472881526557906
1053323,Gallatin County,USA,45.54019364992496,-111.1698447877518,1430092.562,m^2,42.0118236934093
1053779,Gallia County,USA,38.82447239682787,-82.31589408843695,339459.675,m^2,51.829582032092624
1054317,Galveston County,USA,29.324857936887597,-94.80206193610786,6356114.299,m^2,50.13071257043485
1053397,Garden County,USA,41.6185706967766,-102.3355102681932,23804.293,m^2,45.28190910773951
1051972,Garfield County,USA,39.59947254297144,-107.9076222678276,308796.033,m^2,45.17372758800953
1053324,Garfield County,USA,47.27725395909481,-106.99249488681986,1861.454,m^2,41.91400754463984
1053398,Garfield County,USA,41.91330407305731,-98.99077184259887,16581.087,m^2,46.38680528001572
1053865,Garfield County,USA,36.37986657147756,-97.78465080603723,1544350.432,m^2,52.466843320052895
1054495,Garfield County,USA,37.854928865291605,-111.44593101840675,23904.139,m^2,45.630780970609315
1054674,Garfield County,USA,46.431858237017245,-117.54566304185848,9546.999,m^2,43.12934431018585
1051841,Garland County,USA,34.57652460084276,-93.15062253267754,1037311.071,m^2,54.67929820928326
1052739,Garrard County,USA,37.639757910978815,-84.53800469502463,26768.924,m^2,52.13181217145672
1052910,Garrett County,USA,39.52999308841664,-79.27007312488021,115936.886,m^2,48.70123573959025
1053866,Garvin County,USA,34.70620237465289,-97.31084094966364,430808.736,m^2,53.96384156425278
1054318,Garza County,USA,33.1787276447092,-101.29880227540924,60238.875,m^2,54.76634249892615
1053230,Gasconade County,USA,38.44338794104919,-91.50767732287562,108654.376,m^2,51.26493745636163
1053635,Gaston County,USA,35.29482108743838,-81.17968962120226,2364250.7,m^2,55.22056878401262
1053636,Gates County,USA,36.4438462888335,-76.70123129691999,4220.784,m^2,55.225556436908406
1052625,Geary County,USA,39.00242365154997,-96.75416359719696,546815.326,m^2,49.94509989465803
1053780,Geauga County,USA,41.499563983018625,-81.17855561297512,602437.303,m^2,48.5893443304921
1052278,Gem County,USA,44.06195418352693,-116.39786596538842,123995.37,m^2,45.331092612570934
1052961,Genesee County,USA,43.02186612982107,-83.70660809387543,4813313.775,m^2,48.01750793983922
1053555,Genesee County,USA,43.00121180247842,-78.19430391950644,428478.961,m^2,47.29935406560136
1051738,Geneva County,USA,31.09541159761492,-85.83796532557652,170732.285,m^2,56.09591273261527
1053231,Gentry County,USA,40.2096491507147,-94.41177919500078,192482.343,m^2,49.63139131156565
1053131,George County,USA,30.86269002999144,-88.64485155544548,85934.587,m^2,55.718472947336096
1054048,Georgetown County,USA,33.39130121479508,-79.20215698696232,829764.058,m^2,56.00691929464123
1052428,Gibson County,USA,38.31200811033547,-87.58566812443263,515135.758,m^2,52.54850018778934
1054165,Gibson County,USA,35.997824253528556,-88.93191991039218,355159.404,m^2,52.987499838241646
1051804,Gila County,USA,33.80149081413863,-110.81249111822574,319012.15,m^2,54.735482118784496
1052044,Gilchrist County,USA,29.72582302697807,-82.80039725184527,139253.596,m^2,51.41291219510052
1054166,Giles County,USA,35.202502972859804,-87.03475464635399,322637.24,m^2,53.20941820603226
1054579,Giles County,USA,37.314759596750655,-80.70270889309113,198268.428,m^2,49.9288463365433
1054319,Gillespie County,USA,30.319270603720646,-98.9450832739533,182816.024,m^2,56.824571182009734
1053929,Gilliam County,USA,45.37909695007283,-120.21117805582956,97984.389,m^2,43.87238202812083
1052152,Gilmer County,USA,34.690820452978244,-84.4560001642459,268069.942,m^2,53.23946283391967
1054712,Gilmer County,USA,38.92351260846845,-80.85780568354313,72537.744,m^2,51.44004388942672
1051973,Gilpin County,USA,39.855330399021646,-105.51962952934412,9497.698,m^2,40.657095645702775
1053325,Glacier County,USA,48.70575099310897,-112.99658747560768,117142.279,m^2,39.4248909823583
1052045,Glades County,USA,26.95650871959622,-81.18861704466188,24324.77,m^2,40.073866721041966
1052962,Gladwin County,USA,43.990231148379685,-84.38944285923675,89740.904,m^2,46.76233776294475
1052153,Glascock County,USA,33.22932955830494,-82.6107229223224,7665.638,m^2,55.13415047775541
1054320,Glasscock County,USA,31.870625148940928,-101.5201376689457,44542.963,m^2,57.953421082472666
1051901,Glenn County,USA,39.59932160461016,-122.39058170043285,681927.253,m^2,49.648222532616685
1053490,Gloucester County,USA,39.71846560133944,-75.14114955634919,6072726.204,m^2,51.60570118023388
1054580,Gloucester County,USA,37.39583628098897,-76.51625668265493,127061.996,m^2,54.48864050585196
1052154,Glynn County,USA,31.19983989855463,-81.43787961301912,2034842.911,m^2,52.2814932488909
1052963,Gogebic County,USA,46.40951167588061,-89.69479322930223,58972.206,m^2,44.97549262444074
1053326,Golden Valley County,USA,46.38154275700037,-109.17353569113224,939.394,m^2,41.29273659401699
1053716,Golden Valley County,USA,46.9400186122974,-103.8471836571363,12664.315,m^2,42.561090986760824
1054321,Goliad County,USA,28.655089641937337,-97.42434599890724,35005.666,m^2,50.70023509908368
1054322,Gonzales County,USA,29.457112015026222,-97.49086729839811,249441.289,m^2,53.35780841799611
1054581,Goochland County,USA,37.721924071310305,-77.91853165433383,92174.998,m^2,53.94422162070455
1053048,Goodhue County,USA,44.41158447636055,-92.72304485262944,808801.38,m^2,47.89621480863448
1052279,Gooding County,USA,42.9716339403318,-114.81039489987396,107270.215,m^2,45.892469685084535
1052155,Gordon County,USA,34.50354128520039,-84.87560610472731,1903179.974,m^2,54.39745202888521
1054838,Goshen County,USA,42.088988204461735,-104.35249054467164,287217.184,m^2,43.90035294684875
1053399,Gosper County,USA,40.51437539445741,-99.83045306617564,15582.786,m^2,47.16858756835909
1052626,Gove County,USA,38.9163422720778,-100.48221461054962,42394.342,m^2,48.32310842328913
1052156,Grady County,USA,30.875159085642103,-84.23434641644764,177260.521,m^2,55.045171710851506
1053867,Grady County,USA,35.019131914681935,-97.88480508328732,696066.264,m^2,53.51406467387709
1053477,Grafton County,USA,43.940648648006125,-71.820379830378,708906.817,m^2,46.95689754243116
1051805,Graham County,USA,32.933185017649315,-109.8870177140794,1153237.714,m^2,55.234833269595974
1052627,Graham County,USA,39.349948997345315,-99.88372533816884,22441.946,m^2,48.58913215458232
1053637,Graham County,USA,35.34979716287912,-83.83291364291556,43170.98,m^2,49.89139862009155
1054167,Grainger County,USA,36.276339417419145,-83.50993592321745,60260.443,m^2,52.74861449325887
1051974,Grand County,USA,40.10142552382332,-106.11673155140684,51992.481,m^2,41.94323123376243
1054496,Grand County,USA,38.98070201120186,-109.57154520288984,66475.22,m^2,52.60855578966117
1053717,Grand Forks County,USA,47.92130697052381,-97.45716116508387,1803165.646,m^2,44.9199307438447
1054522,Grand Isle County,USA,44.796480495131306,-73.29579596670553,7320.036,m^2,47.72124822883385
34157070,Grand Junction Urban Area,USA,,,2823243.314,m^2,49.81327560101326
34157203,Grand Rapids Urban Area,USA,,,13337145.868,m^2,47.556907479194706
1052964,Grand Traverse County,USA,44.669061200170916,-85.56079926463448,1312462.924,m^2,45.25114312410093
1053327,Granite County,USA,46.404202797332424,-113.43962815231956,18284.834,m^2,40.972071007043326
1051842,Grant County,USA,34.289701679317666,-92.4236298504448,113706.385,m^2,54.68986190177447
1052429,Grant County,USA,40.516489044305466,-85.65446034468272,1358510.208,m^2,49.30640841382621
1052628,Grant County,USA,37.56260972865282,-101.30742537913471,207579.701,m^2,49.00575892052181
1052740,Grant County,USA,38.64865360014268,-84.62443159717334,91493.254,m^2,51.523320178337954
1053049,Grant County,USA,45.934246731920894,-96.01237950177834,41085.985,m^2,45.91786259961882
1053400,Grant County,USA,41.91535407900713,-101.73969658557152,335.34,m^2,44.38411761197591
1053513,Grant County,USA,32.74059358641034,-108.3797356057122,172750.959,m^2,51.80960617416891
1053718,Grant County,USA,46.358536177477106,-101.6405876717722,6832.38,m^2,42.87652794487426
1053868,Grant County,USA,36.796943560144754,-97.78732410895157,127544.204,m^2,52.346372321238526
1053930,Grant County,USA,44.491010427671675,-119.00751097889746,32465.876,m^2,41.1514156279042
1054097,Grant County,USA,45.173620596417656,-96.76780110843598,188315.57,m^2,45.34970689890378
1054675,Grant County,USA,47.20659283608762,-119.45109871661498,1736510.375,m^2,45.41801818604164
1054713,Grant County,USA,39.10486626479081,-79.19518210059321,56020.771,m^2,48.64238807066758
1054778,Grant County,USA,42.86821088948879,-90.7081802572376,567266.857,m^2,48.97121280787255
1052841,Grant Parish,USA,31.599833177087103,-92.55858549483598,17403.785,m^2,56.36881419760127
1053638,Granville County,USA,36.30483816622573,-78.6548291091918,381047.952,m^2,54.82540190637214
1052965,Gratiot County,USA,43.29270773058803,-84.60623968465104,393538.298,m^2,47.52236363282742
1052741,Graves County,USA,36.72365590418893,-88.65126935155936,317088.081,m^2,52.85990998822816
1052629,Gray County,USA,37.73836538839436,-100.43809900807636,27093.705,m^2,48.77385333604245
1054323,Gray County,USA,35.40189100711504,-100.81341381147529,509832.589,m^2,50.132052586383416
1054676,Grays Harbor County,USA,47.14406751429143,-123.8920020433062,940725.439,m^2,38.509783085604425
1052742,Grayson County,USA,37.46102108682108,-86.34425098208732,178637.131,m^2,52.47514215843514
1054324,Grayson County,USA,33.62793068464113,-96.6773929301148,1731555.448,m^2,55.94301439026167
1054582,Grayson County,USA,36.65613975515276,-81.22385922688267,41636.724,m^2,49.646233935215456
1052630,Greeley County,USA,38.48033925619888,-101.80613431479512,25737.285,m^2,47.80256755908791
1053401,Greeley County,USA,41.567781644885095,-98.52083474662648,11193.761,m^2,46.998183273700405
34157092,Greeley Urban Area,USA,,,2036919.589,m^2,44.88436306751037
34157200,Green Bay Urban Area,USA,,,8342271.428,m^2,46.28707225599996
1054714,Greenbrier County,USA,37.94744500409009,-80.45317174037584,111922.933,m^2,48.98786984969381
1052743,Green County,USA,37.263978211428665,-85.55314721373023,34716.833,m^2,52.510766059795834
1054779,Green County,USA,42.68172858482858,-89.60167704722514,1244425.651,m^2,49.32278518823299
1051739,Greene County,USA,32.853540599809016,-87.95157868048861,100663.365,m^2,55.706751706541894
1051843,Greene County,USA,36.11683900215909,-90.55834640211351,681152.314,m^2,53.30271792778495
1052157,Greene County,USA,33.5788700527818,-83.1665917158742,96104.488,m^2,54.87762848286545
1052330,Greene County,USA,39.35625205669897,-90.39107637119324,82665.693,m^2,50.5331383963599
1052430,Greene County,USA,39.03823686185555,-86.96238290023068,100946.696,m^2,51.50132990979714
1052532,Greene County,USA,42.035380152958105,-94.39803280454004,173042.087,m^2,49.440128077049835
1053132,Greene County,USA,31.214384644533624,-88.6380406682888,29422.147,m^2,56.02641649503009
1053232,Greene County,USA,37.25981343117127,-93.34163216422012,6962335.985,m^2,51.88106740427581
1053556,Greene County,USA,42.27738161890313,-74.12177560670317,148699.401,m^2,48.83693966595063
1053639,Greene County,USA,35.48541484675406,-77.67532906400413,31329.0,m^2,55.110549012097415
1053781,Greene County,USA,39.69138420512276,-83.88968620190593,1428657.669,m^2,50.16300076292104
1053984,Greene County,USA,39.85478464598234,-80.22288915151431,159246.552,m^2,50.080232186126075
1054168,Greene County,USA,36.1749913674245,-82.84526860446134,1121596.991,m^2,51.35262100752195
1054583,Greene County,USA,38.29862353925561,-78.46629417837873,43247.278,m^2,52.028438390966485
1054780,Green Lake County,USA,43.80022914658163,-89.04433288899956,248597.477,m^2,48.41083423384864
1051806,Greenlee County,USA,33.215832989427234,-109.2393604571212,43277.075,m^2,55.44257681462992
34157206,Greensboro Urban Area,USA,,,16910958.821,m^2,54.53558800325104
1054584,Greensville County,USA,36.6768663394065,-77.56043412714385,37692.779,m^2,54.698168288414074
1052744,Greenup County,USA,38.54502774689947,-82.92215482763339,423265.647,m^2,52.037953188768945
1054049,Greenville County,USA,34.89505062954841,-82.36939397659397,10053799.359,m^2,54.02386217393381
34157220,Greenville Urban Area,USA,,,2212930.312,m^2,55.13959112870609
1052631,Greenwood County,USA,37.87795565574417,-96.23275217515368,48117.728,m^2,51.01020494982639
1054050,Greenwood County,USA,34.15477896084213,-82.12616481834307,1056684.944,m^2,54.77933524431858
1053869,Greer County,USA,34.93595496982238,-99.56089767927486,48827.986,m^2,52.68968695534565
1054325,Gregg County,USA,32.48165212816313,-94.81788570147351,3961601.794,m^2,57.174597238432085
1054098,Gregory County,USA,43.19234603858065,-99.1852263259,24507.695,m^2,45.33029356697968
1053133,Grenada County,USA,33.7703425879222,-89.80188651744992,190756.353,m^2,55.517608427961505
1053719,Griggs County,USA,47.45774910946656,-98.23822396007276,53061.66,m^2,43.8930973324242
1054326,Grimes County,USA,30.54413103793157,-95.98892863899704,388465.905,m^2,54.19948332145134
1052331,Grundy County,USA,41.28607456706287,-88.41901933478181,2045392.796,m^2,48.8146406060775
1052533,Grundy County,USA,42.40180439536761,-92.7922871388808,170201.233,m^2,49.43635336648824
1053233,Grundy County,USA,40.114146709986294,-93.5666912234726,244000.054,m^2,49.97826611136734
1054169,Grundy County,USA,35.388639636404,-85.72274530573009,36785.209,m^2,52.77411505260171
1053514,Guadalupe County,USA,34.86416567801628,-104.7889772972219,17998.348,m^2,51.836925311145215
1054327,Guadalupe County,USA,29.58334800626896,-97.94991018809496,2078902.173,m^2,54.1620678122212
1053782,Guernsey County,USA,40.05196205516577,-81.49436784368903,341381.077,m^2,50.19887928058766
1053640,Guilford County,USA,36.07947958491599,-79.78759642002629,13196836.885,m^2,54.53164291891603
1052046,Gulf County,USA,29.84142702555908,-85.3094592797289,127474.076,m^2,49.526875480156455
1051975,Gunnison County,USA,38.66481375973813,-107.02960332996092,75834.958,m^2,42.80848039765513
1052534,Guthrie County,USA,41.68303824992823,-94.50243525178104,176439.407,m^2,49.47927615739492
1052158,Gwinnett County,USA,33.961330211606295,-84.02349444065796,19087300.161,m^2,53.9182647327364
1054099,Haakon County,USA,44.293029864655985,-101.54179750669088,10505.94,m^2,44.114932504849634
1052159,Habersham County,USA,34.63097364771167,-83.53107552822469,220518.309,m^2,53.85432936545872
34157227,Hagerstown Urban Area,USA,,,4358446.824,m^2,50.81946019952176
1051783,Haines Borough,USA,59.05622488231733,-135.46374776390584,17.664,m^2,35.97158061594203
1051740,Hale County,USA,32.76355365169046,-87.62859425920348,132118.994,m^2,55.919017548680394
1054328,Hale County,USA,34.069126044651675,-101.82679443086852,738107.072,m^2,51.44404766521462
1053641,Halifax County,USA,36.25791465046171,-77.65341844370614,501098.096,m^2,54.931806964997925
1054585,Halifax County,USA,36.76770386544873,-78.93693532248427,560159.814,m^2,54.70710868416562
1052160,Hall County,USA,34.31682294545082,-83.81967943261354,3794315.03,m^2,54.14064626336523
1053402,Hall County,USA,40.8735320470243,-98.50281537827604,1659426.712,m^2,47.62688653465522
1054329,Hall County,USA,34.53066749024246,-100.68112998016764,13818.727,m^2,51.57236097073196
1054170,Hamblen County,USA,36.21740266752236,-83.26678480518433,1514695.877,m^2,52.59583561208836
1052047,Hamilton County,USA,30.496101854547227,-82.94656979749833,241722.387,m^2,52.76936392325135
1052332,Hamilton County,USA,38.083150478243695,-88.53957983314066,68584.662,m^2,52.80748899805032
1052431,Hamilton County,USA,40.07265964672249,-86.0517176480535,4875135.984,m^2,50.07949749407441
1052535,Hamilton County,USA,42.38271655612789,-93.70756394723551,367855.114,m^2,49.16051404956137
1052632,Hamilton County,USA,37.99924770681303,-101.79059998645069,21562.541,m^2,48.90741726589644
1053403,Hamilton County,USA,40.873202937788214,-98.02307411536655,103052.049,m^2,47.853357704707065
1053557,Hamilton County,USA,43.66080923349299,-74.49952718230352,5506.366,m^2,46.84846866336164
1053783,Hamilton County,USA,39.19493274125523,-84.54318033813877,20537782.03,m^2,51.34720050084201
1054171,Hamilton County,USA,35.181369987379426,-85.16505994894501,8883865.508,m^2,53.58584622260583
1054330,Hamilton County,USA,31.704831656234607,-98.10990897061156,49936.578,m^2,57.58418950934122
1054100,Hamlin County,USA,44.67423725796233,-97.18934958074698,50329.644,m^2,45.46810835777022
1052929,Hampden County,USA,42.135191786077336,-72.63148327892549,4990031.41,m^2,48.74707598483834
1052930,Hampshire County,USA,42.34002107581333,-72.66388797231595,1014027.835,m^2,48.38972823956061
1054715,Hampshire County,USA,39.318204413516334,-78.61417640089367,39403.934,m^2,49.77094007923168
1054051,Hampton County,USA,32.77736862318477,-81.13984019514983,90358.238,m^2,53.39491935422645
1054586,Hampton Independent City,USA,37.06496443220767,-76.27850122203151,2524186.437,m^2,54.74945456455601
1052161,Hancock County,USA,33.27023453717692,-83.00086962630337,15645.901,m^2,54.95607948688925
1052333,Hancock County,USA,40.403707024171936,-91.16451517111662,143387.502,m^2,49.61251952767822
1052432,Hancock County,USA,39.82332345762323,-85.77350165233399,1047565.6,m^2,50.306560076046786
1052536,Hancock County,USA,43.08231772801085,-93.73464493411691,499373.89,m^2,48.31883044586092
1052745,Hancock County,USA,37.84060661287641,-86.77931146296594,616329.645,m^2,52.88479585141487
1052888,Hancock County,USA,44.47572343976862,-68.33096033948077,348398.437,m^2,45.41947610402168
1053134,Hancock County,USA,30.39549270300775,-89.47478470076612,699910.206,m^2,54.603826352833615
1053784,Hancock County,USA,41.00187629042418,-83.6664289900535,3446290.552,m^2,49.05589105854357
1054172,Hancock County,USA,36.52403293359328,-83.22180200232381,4256.306,m^2,51.79901680001391
1054716,Hancock County,USA,40.52254317076553,-80.57326325058885,1144721.893,m^2,49.60097784292137
1054101,Hand County,USA,44.54821763345913,-99.00539324449224,44874.389,m^2,44.63318341782882
34157030,Hanford Urban Area,USA,,,1011621.673,m^2,52.62030482812718
1054587,Hanover County,USA,37.7610625443121,-77.49275210204613,1743759.129,m^2,53.697484673068054
1054331,Hansford County,USA,36.278035489096915,-101.35619147757414,71403.948,m^2,50.022232720241185
1054102,Hanson County,USA,43.67455435747779,-97.78583241210846,13606.62,m^2,46.34325129973498
1052162,Haralson County,USA,33.79413423846739,-85.20990391204037,265496.766,m^2,54.19495500370803
1052048,Hardee County,USA,27.492602604884944,-81.81019861547779,97986.397,m^2,43.4933960067947
1054173,Hardeman County,USA,35.20737389772366,-88.99318495136686,213495.547,m^2,53.57031545018595
1054332,Hardeman County,USA,34.290125393956046,-99.74846644309407,29764.347,m^2,54.27946851983683
1052334,Hardin County,USA,37.5204922835214,-88.26636994987624,4590.857,m^2,52.82607735331334
1052537,Hardin County,USA,42.38335910406211,-93.24128584369146,508299.152,m^2,49.13386653062919
1052746,Hardin County,USA,37.69751098889943,-85.96385529444208,1040865.323,m^2,52.43249832428128
1053785,Hardin County,USA,40.661302364701285,-83.65952971610535,523177.149,m^2,49.10278751299209
1054174,Hardin County,USA,35.19979009082183,-88.18522495851444,336648.913,m^2,53.866444054135414
1054333,Hardin County,USA,30.333508639281742,-94.39303262399508,276529.208,m^2,53.03522002276158
1053515,Harding County,USA,35.85819785378471,-103.8200522177116,1514.264,m^2,48.61410295694806
1054103,Harding County,USA,45.57978723354539,-103.49749774610216,3466.118,m^2,42.85577784714773
1054717,Hardy County,USA,39.00854627328456,-78.85767673926206,176138.071,m^2,49.155918881387095
1052911,Harford County,USA,39.534885300932515,-76.29852717264643,3637275.738,m^2,51.854165095195214
1052747,Harlan County,USA,36.857749729930525,-83.21699054204164,31521.463,m^2,50.97908237952027
1053404,Harlan County,USA,40.17651156073955,-99.40414350953569,37711.119,m^2,47.89371177238204
1053870,Harmon County,USA,34.74427154260224,-99.84600077970822,9829.022,m^2,52.43611134454679
1053642,Harnett County,USA,35.36901782524013,-78.87017829905764,707664.763,m^2,55.185510310621474
1053931,Harney County,USA,43.063635191568096,-118.96910834357672,183608.221,m^2,43.997575871071696
1052633,Harper County,USA,37.193173016722575,-98.07601343764036,88540.357,m^2,51.29533795532358
1053871,Harper County,USA,36.78758785112191,-99.66732816284072,2723.016,m^2,50.56479873787006
34157231,Harrisburg Urban Area,USA,,,13506519.46,m^2,50.14402783061625
1052163,Harris County,USA,32.736234560119435,-84.90952072804339,71714.758,m^2,55.9334339941578
1054334,Harris County,USA,29.850663920783617,-95.38134621286044,96997269.274,m^2,51.955456011706936
1054588,Harrisonburg Independent City,USA,38.43685650609887,-78.87328833502333,1705668.444,m^2,49.929473715467296
1052433,Harrison County,USA,38.19414082395501,-86.11060833388404,232616.903,m^2,52.30875149687639
1052538,Harrison County,USA,41.68247175944492,-95.81589957472092,183481.426,m^2,48.83974920709413
1052748,Harrison County,USA,38.441965069587475,-84.33169877427264,197915.608,m^2,51.655763996137175
1053135,Harrison County,USA,30.40426305581238,-89.07596201784702,3226398.231,m^2,54.21150638859249
1053234,Harrison County,USA,40.353917876127326,-93.99267912648632,116419.246,m^2,49.834606350224945
1053786,Harrison County,USA,40.29377619951125,-81.09117740809035,78614.155,m^2,49.710217937215
1054335,Harrison County,USA,32.54797457078201,-94.3716322093196,1536922.438,m^2,57.12131671084367
1054718,Harrison County,USA,39.28320032193029,-80.3805782283267,1168343.091,m^2,50.695810365347555
1052164,Hart County,USA,34.3511910326701,-82.96406682065697,756094.874,m^2,54.77048942802382
1052749,Hart County,USA,37.29982041286925,-85.88489697059208,160516.671,m^2,52.52717871902539
1052014,Hartford County,USA,41.80663094068159,-72.73281062432432,10459047.963,m^2,49.14574893980721
34157250,Hartford Urban Area,USA,,,11449688.591,m^2,49.20678339076061
1054336,Hartley County,USA,35.840301611207664,-102.60279084262206,30361.474,m^2,49.59353435870736
1052634,Harvey County,USA,38.04341415527895,-97.42757334436833,612586.52,m^2,50.1356974032011
1052635,Haskell County,USA,37.562460404196955,-100.87075010820756,14305.908,m^2,48.92182684244859
1053872,Haskell County,USA,35.22472170412804,-95.11667896595768,59929.148,m^2,55.192736329239985
1054337,Haskell County,USA,33.175964083919474,-99.73359483756072,29463.252,m^2,56.68400938905182
1052251,Hawaii County,USA,19.59618513149466,-155.52203046945485,1978180.313,m^2,32.62501204914175
1054175,Hawkins County,USA,36.440985660571855,-82.94474689241675,439333.253,m^2,51.4510987630613
1053405,Hayes County,USA,40.52409452180179,-101.06048256207586,4756.533,m^2,47.4001834949952
1054338,Hays County,USA,30.057204929799664,-98.03278564824208,1658357.205,m^2,54.77592363883992
1053643,Haywood County,USA,35.55626263394911,-82.98207742652627,297876.307,m^2,48.61282960984205
1054176,Haywood County,USA,35.58302069722707,-89.28460888217244,364175.586,m^2,53.25334873766084
1052165,Heard County,USA,33.29697365958397,-85.1290652517548,361835.213,m^2,54.01605039750512
34157039,Hemet Urban Area,USA,,,1202746.414,m^2,46.887349573922734
1054339,Hemphill County,USA,35.83811313393115,-100.27231821201072,89033.442,m^2,50.29720733474507
1051844,Hempstead County,USA,33.73524581507715,-93.66848236646253,318561.703,m^2,55.525390272665646
1052335,Henderson County,USA,40.81841989712232,-90.9242240974052,69408.043,m^2,49.80625720854858
1052750,Henderson County,USA,37.795511938749385,-87.57276023757093,1020228.293,m^2,52.816738390531974
1053644,Henderson County,USA,35.33704863022055,-82.47994920611495,919216.45,m^2,50.6190135435457
1054177,Henderson County,USA,35.65380224632521,-88.38809890184375,221667.354,m^2,52.85478642921862
1054340,Henderson County,USA,32.212078896953486,-95.85415945986992,598793.337,m^2,57.336336000345305
1052434,Hendricks County,USA,39.76942901691466,-86.50933780243109,4650340.603,m^2,50.35636362074875
1052049,Hendry County,USA,26.55385923420368,-81.16519719235315,369679.622,m^2,39.964323343200135
1053050,Hennepin County,USA,45.00622295024967,-93.47828859220944,22804770.517,m^2,47.51244062961688
1054589,Henrico County,USA,37.53950062547677,-77.40682514692742,4680121.519,m^2,53.86577538992316
1051741,Henry County,USA,31.51525413153433,-85.24316214616547,108819.299,m^2,56.32683344155709
1052166,Henry County,USA,33.453431629315965,-84.15521998312417,4733358.673,m^2,54.24001294101805
1052336,Henry County,USA,41.35386216915686,-90.13131143846265,839370.286,m^2,50.029602584716706
1052435,Henry County,USA,39.93153312867951,-85.39724332837798,452638.516,m^2,49.778673699964145
1052539,Henry County,USA,40.98769579402393,-91.54539906813892,637252.932,m^2,50.33813469531435
1052751,Henry County,USA,38.448372888477245,-85.11878962444978,104134.327,m^2,51.997948188592986
1053235,Henry County,USA,38.385819800223246,-93.7923746649011,385926.579,m^2,51.50669115743904
1053787,Henry County,USA,41.33406836103608,-84.06839399388168,758601.164,m^2,48.66782827003413
1054178,Henry County,USA,36.33228001468063,-88.3021361100392,295674.773,m^2,52.913137804286066
1054590,Henry County,USA,36.68299520734286,-79.87414469655404,919265.943,m^2,53.53299732871753
1053558,Herkimer County,USA,43.41738561875424,-74.96343661932589,203790.558,m^2,47.915068695184594
1052050,Hernando County,USA,28.553081572381565,-82.50852075456609,1037798.987,m^2,47.1360207822211
1053645,Hertford County,USA,36.35790998745237,-76.98238321124146,448258.917,m^2,55.327665785173885
34157041,Hesperia Urban Area,USA,,,2925673.254,m^2,49.121475601389896
1053720,Hettinger County,USA,46.43312594626121,-102.4618628479182,11345.035,m^2,42.79524329365225
1052752,Hickman County,USA,36.67846675602239,-88.97717012656024,17273.323,m^2,53.219179887969446
1054179,Hickman County,USA,35.803883976304114,-87.47341559721424,27880.907,m^2,52.911166376330584
1053236,Hickory County,USA,37.943535232358435,-93.32022778403514,7002.23,m^2,51.91356239369459
1053516,Hidalgo County,USA,31.916619840473896,-108.71471253610704,32655.14,m^2,59.08673636064644
1054341,Hidalgo County,USA,26.399024997349763,-98.18375482605832,6332204.29,m^2,43.74198745631436
1053788,Highland County,USA,39.18467626672855,-83.60095779985585,214676.008,m^2,50.70849365244392
1054591,Highland County,USA,38.36318181323426,-79.56577884911592,8834.594,m^2,47.79968530528964
1052051,Highlands County,USA,27.343520793138357,-81.3408011405884,602222.804,m^2,43.026004181336184
1053328,Hill County,USA,48.628513295535654,-110.11031223931008,69234.213,m^2,41.05057801408098
1054342,Hill County,USA,31.99181725271718,-97.13167080411068,311145.904,m^2,57.44854684958347
1052052,Hillsborough County,USA,27.88883806270483,-82.37838143043462,20556691.554,m^2,44.47193112746356
1053478,Hillsborough County,USA,42.91521915268391,-71.71640204804726,3034976.559,m^2,47.83522979921638
1052966,Hillsdale County,USA,41.88811886482403,-84.59543162258745,423474.74,m^2,47.90099018893075
1053136,Hinds County,USA,32.267975561303544,-90.44398879188256,3481943.911,m^2,54.99704125188018
1051976,Hinsdale County,USA,37.819573856710555,-107.29822589538144,709.32,m^2,40.22495911577285
1053406,Hitchcock County,USA,40.17708224391912,-101.04059211853672,66887.132,m^2,47.83596067476776
1053789,Hocking County,USA,39.49690921046603,-82.47918941088567,184327.118,m^2,50.73073621212914
1054343,Hockley County,USA,33.60802633691504,-102.34401119407757,325655.712,m^2,53.46798872055406
1052636,Hodgeman County,USA,38.08760932362638,-99.8975381808454,2327.563,m^2,48.83247327784468
1053646,Hoke County,USA,35.01660485964359,-79.24036284907862,155853.13,m^2,54.943291385934955
34157201,Holland Urban Area,USA,,,3852252.744,m^2,47.12889216492177
1052053,Holmes County,USA,30.868004218392468,-85.81451616263074,25582.594,m^2,55.3030015642667
1053137,Holmes County,USA,33.12362696436075,-90.0915733580622,12705.494,m^2,54.91573007708319
1053790,Holmes County,USA,40.56137281986919,-81.92906562354425,209070.04,m^2,49.52830074553006
1053237,Holt County,USA,40.09407894851552,-95.21520149745398,29391.862,m^2,49.61422532536387
1053407,Holt County,USA,42.45506855396541,-98.78238669110736,144797.333,m^2,46.002539024665595
1052252,Honolulu County,USA,21.50363080901298,-157.97720989040354,9531504.558,m^2,32.54597252577844
34157004,Honolulu Urban Area,USA,,,7148574.493,m^2,32.545749049103456
1054344,Hood County,USA,32.42875950278173,-97.83129152336312,368832.862,m^2,57.33213048950068
1053932,Hood River County,USA,45.52080308259752,-121.6516233858049,219387.009,m^2,41.12609755758145
1053408,Hooker County,USA,41.91658047385252,-101.13423996016957,10382.954,m^2,44.81684875036526
1054592,Hopewell Independent City,USA,37.29103313950377,-77.29814130416212,1355118.71,m^2,54.167928134502695
1052753,Hopkins County,USA,37.30886939717365,-87.54150191109991,569878.805,m^2,52.81048679288923
1054345,Hopkins County,USA,33.149685372835215,-95.56600933011562,409657.689,m^2,56.47829159627955
1054052,Horry County,USA,33.88961169832367,-78.94975360082667,4038466.196,m^2,55.86281654194636
1051845,Hot Spring County,USA,34.31742717260209,-92.94602149766231,335406.994,m^2,54.724381361588414
1054839,Hot Springs County,USA,43.7187611492588,-108.44199583680086,33892.8,m^2,45.10858913987631
1052967,Houghton County,USA,46.89134960929853,-88.69416467738172,107542.817,m^2,44.11229983867728
34157110,Houma Urban Area,USA,,,2948154.101,m^2,52.214798893919834
1051742,Houston County,USA,31.153859093304497,-85.30456688114315,2124098.834,m^2,56.147873701530415
1052167,Houston County,USA,32.459027201094365,-83.6662713972775,1832431.234,m^2,55.66231960986101
1053051,Houston County,USA,43.67397785421385,-91.4926388534278,250587.336,m^2,48.36339010364035
1054180,Houston County,USA,36.28582939840491,-87.71982027968959,5057.049,m^2,53.01299018459184
1054346,Houston County,USA,31.317177213891945,-95.42253880911768,194072.866,m^2,57.170980305922825
34157096,Houston Urban Area,USA,,,119316027.396,m^2,51.88096701196846
1051846,Howard County,USA,34.08921276864304,-93.99437548176942,295477.574,m^2,55.41750358353761
1052436,Howard County,USA,40.48383698043022,-86.11666156942539,1970552.535,m^2,49.395505675772306
1052540,Howard County,USA,43.35771482049683,-92.31777837519007,305728.67,m^2,47.98710573332884
1052912,Howard County,USA,39.25169527383354,-76.93117973294255,6135709.773,m^2,51.872746136814385
1053238,Howard County,USA,39.14393280462933,-92.6981179547816,87297.562,m^2,50.514350515309914
1053409,Howard County,USA,41.2206015022996,-98.51606652442472,51057.485,m^2,47.408691967495066
1054347,Howard County,USA,32.3071634773072,-101.43431828453852,578699.61,m^2,57.04812451662099
1053239,Howell County,USA,36.77464730300408,-91.88732647922176,477690.696,m^2,52.290324118014645
1053052,Hubbard County,USA,47.10909988029186,-94.9164409155708,157088.351,m^2,45.237962590873465
1053491,Hudson County,USA,40.730584192412245,-74.07506708042153,9870205.694,m^2,51.10773303697677
1054348,Hudspeth County,USA,31.456375083226472,-105.38793237911402,2535.446,m^2,60.59257542854394
1051977,Huerfano County,USA,37.68283826745419,-104.96061175010176,63410.182,m^2,46.1021364676102
1053873,Hughes County,USA,35.04879883253972,-96.2516470708143,105805.921,m^2,54.341041963048546
1054104,Hughes County,USA,44.38908506952171,-99.9946620198764,392408.477,m^2,44.56931189078262
1051902,Humboldt County,USA,40.69394810239304,-123.98878510187552,1202254.965,m^2,36.16783405506668
1052541,Humboldt County,USA,42.775375522073354,-94.20854380038963,244803.04,m^2,48.63149338750041
1053463,Humboldt County,USA,41.40634733090788,-118.1115996348281,205240.683,m^2,46.62024624036162
1053138,Humphreys County,USA,33.12834848923499,-90.52693529059488,30668.27,m^2,56.03317914574249
1054181,Humphreys County,USA,36.041034970962485,-87.77669680358864,466917.593,m^2,53.311628833827214
1054349,Hunt County,USA,33.12285806246101,-96.08766837167244,1041361.015,m^2,56.53530663811147
1053492,Hunterdon County,USA,40.56810028932546,-74.91208755130317,982877.018,m^2,49.89956587630783
1053985,Huntingdon County,USA,40.41770765915,-77.98116907800281,150548.254,m^2,48.622556692022485
1052437,Huntington County,USA,40.829720071767824,-85.48746473863622,945001.471,m^2,48.88255100504494
34157140,Huntsville Urban Area,USA,,,7677315.53,m^2,54.187419813263816
1052968,Huron County,USA,43.83424170534314,-83.02186577718304,261369.537,m^2,46.52018660843402
1053791,Huron County,USA,41.14639369859868,-82.59774112193313,1010577.972,m^2,49.23529045317446
1054105,Hutchinson County,USA,43.3342752877625,-97.75395250827228,65205.845,m^2,46.469844306135435
1054350,Hutchinson County,USA,35.84018706687317,-101.35402629025184,1196474.383,m^2,50.487194723332415
1053647,Hyde County,USA,35.38331830894849,-76.13589793569243,205360.721,m^2,55.97624280838009
1054106,Hyde County,USA,44.54809662580415,-99.48685507220874,18302.829,m^2,44.57617786845957
1052842,Iberia Parish,USA,29.72767217591426,-91.7819428453539,2363357.07,m^2,52.60667446921172
1052843,Iberville Parish,USA,30.25846212811491,-91.34884599949436,2245854.279,m^2,53.67107535341566
1052542,Ida County,USA,42.38565749479395,-95.51287059559284,209042.65,m^2,48.12160054897888
1052280,Idaho County,USA,45.845340398784955,-115.4664829827222,89802.536,m^2,41.08589671676978
34157076,Idaho Falls Urban Area,USA,,,2035364.469,m^2,45.18108738587792
1051903,Imperial County,USA,33.04050435125735,-115.36337773146084,1381659.942,m^2,46.88373265438422
1051847,Independence County,USA,35.74193464249603,-91.56954717217374,662712.271,m^2,53.56761040267504
1053986,Indiana County,USA,40.65152416583667,-79.08791665812223,644684.654,m^2,48.956053912832864
34157183,Indianapolis Urban Area,USA,,,39502938.201,m^2,50.2884993048115
1052054,Indian River County,USA,27.71410850237989,-80.49212987933188,1345441.867,m^2,40.68496763152978
34157043,Indio Urban Area,USA,,,4144605.939,m^2,52.52625859734358
1052969,Ingham County,USA,42.59686556898141,-84.37514535075813,5954265.393,m^2,48.039277158904426
1051904,Inyo County,USA,36.511403917180026,-117.41198453845314,101126.933,m^2,43.99324940468628
1052970,Ionia County,USA,42.94545599242819,-85.07556454410235,294781.939,m^2,47.81044195180492
1052971,Iosco County,USA,44.35570102485883,-83.63684976660863,95139.271,m^2,45.2468182250419
34157146,Iowa City Urban Area,USA,,,3207885.582,m^2,50.1607977095238
1052543,Iowa County,USA,41.68605782768095,-92.06627728580514,412967.673,m^2,49.89002282510379
1054781,Iowa County,USA,43.00049704833823,-90.13586322564625,280116.092,m^2,48.844673043632206
1053648,Iredell County,USA,35.81028545871875,-80.8733431030157,2260591.944,m^2,55.05071719347859
1054351,Irion County,USA,31.303583808511473,-100.9806650306042,21266.628,m^2,58.32501457212681
1052972,Iron County,USA,46.208880131184515,-88.53056858494072,40628.585,m^2,44.14803956377019
1053240,Iron County,USA,37.55662099964108,-90.77328113597362,16740.889,m^2,51.5073924688229
1054497,Iron County,USA,37.86018185025823,-113.29217352694116,320607.114,m^2,45.92344093774538
1054782,Iron County,USA,46.262607639066054,-90.24255076130969,73915.657,m^2,45.08574719155915
1052337,Iroquois County,USA,40.74818431781818,-87.82421216912432,221106.598,m^2,49.117126102225136
1052168,Irwin County,USA,31.602371872996677,-83.27630956976078,37910.978,m^2,55.28740664511477
1052973,Isabella County,USA,43.64044865840775,-84.84706868975036,1060357.773,m^2,47.41572002415075
1053053,Isanti County,USA,45.5630244126815,-93.29416477484752,347589.926,m^2,47.0630655158861
1054677,Island County,USA,48.15843855290638,-122.56430610437664,322465.037,m^2,38.077317979127145
1054593,Isle of Wight County,USA,36.90607329722385,-76.71020596252441,447926.829,m^2,54.62109329021683
1053139,Issaquena County,USA,32.74314942379384,-90.98820737847088,506.926,m^2,55.93440462710534
1053054,Itasca County,USA,47.510996232857295,-93.63351068409771,413462.262,m^2,45.57147135716101
1053140,Itawamba County,USA,34.28250539276902,-88.36083868942981,416469.172,m^2,54.93995262631347
1051848,Izard County,USA,36.09419802644592,-91.91402721663547,41974.577,m^2,53.20357589309357
1054352,Jack County,USA,33.232238565125215,-98.1740070731634,125354.338,m^2,56.70636358831076
1051743,Jackson County,USA,34.78002185650753,-85.99952248544241,1064030.731,m^2,54.076033300207385
1051849,Jackson County,USA,35.59898223609989,-91.2143218719652,195125.102,m^2,53.70285612970493
1051978,Jackson County,USA,40.66658117723277,-106.34226139527676,10482.976,m^2,41.56941425793591
1052055,Jackson County,USA,30.795806385436176,-85.21588645970803,442036.516,m^2,55.05697222760664
1052169,Jackson County,USA,34.13394232280911,-83.56658202202081,1650557.942,m^2,54.24616425674077
1052338,Jackson County,USA,37.7858821959446,-89.38302923305486,737552.296,m^2,53.01571330068776
1052438,Jackson County,USA,38.90641752080286,-86.03694514666284,886468.311,m^2,51.42006679356641
1052544,Jackson County,USA,42.17194977707301,-90.57397459173733,221325.531,m^2,49.97898442181983
1052637,Jackson County,USA,39.41781348199904,-95.79369361754806,57317.547,m^2,49.62154776093262
1052754,Jackson County,USA,37.41989353620209,-84.0054745193314,2578.558,m^2,52.09893552908254
1052974,Jackson County,USA,42.2481157421408,-84.4252948880346,1672005.705,m^2,48.02729042721777
1053055,Jackson County,USA,43.67711585666491,-95.15523967175685,161538.7,m^2,47.17796854871309
1053141,Jackson County,USA,30.398506951405174,-88.6092888545961,2910120.352,m^2,52.45015888916748
1053241,Jackson County,USA,39.00816669481391,-94.34857397204831,15741654.305,m^2,50.57499815252105
1053649,Jackson County,USA,35.28835751479963,-83.14067170191983,130462.975,m^2,48.74552514228654
1053792,Jackson County,USA,39.0196083267107,-82.61825864984947,194785.221,m^2,51.550130114850965
1053874,Jackson County,USA,34.586812923717616,-99.41578030054455,206473.443,m^2,53.40752685080182
1053933,Jackson County,USA,42.43152521109754,-122.728157438377,3199615.433,m^2,41.37219951614104
1054107,Jackson County,USA,43.69348436112893,-101.63157515960958,6566.978,m^2,44.01832791277815
1054182,Jackson County,USA,36.35871115695779,-85.6723133692754,23503.087,m^2,52.99807523156426
1054353,Jackson County,USA,28.95116487753339,-96.57818149438836,532828.037,m^2,49.27116232061189
1054719,Jackson County,USA,38.832978335783075,-81.67398234941686,672111.45,m^2,51.80049664531084
1054783,Jackson County,USA,44.319158215632456,-90.80488601726768,231755.667,m^2,47.84893440814977
1052844,Jackson Parish,USA,32.30331676018729,-92.55813655700484,131614.512,m^2,56.09692621129804
34157173,Jacksonville Beach Urban Area,USA,,,1302709.08,m^2,49.66565117516491
34157169,Jacksonville Urban Area,USA,,,25393661.342,m^2,50.5410038806526
1054594,James City County,USA,37.314446885473615,-76.77530318954484,1448157.174,m^2,54.52125994094615
34157181,Janesville Urban Area,USA,,,3577694.542,m^2,49.25504037985588
1052170,Jasper County,USA,33.31600453366241,-83.68840611093503,103217.818,m^2,55.01948893164938
1052339,Jasper County,USA,39.01011339158847,-88.1536513708471,92990.802,m^2,51.56267124139869
1052439,Jasper County,USA,41.02403648015689,-87.11586605491199,679345.848,m^2,48.657072284042286
1052545,Jasper County,USA,41.6855135524771,-93.05516953867397,791151.287,m^2,49.95232980642298
1053142,Jasper County,USA,32.01830509905844,-89.11812828636342,112462.414,m^2,55.289698947774674
1053242,Jasper County,USA,37.20398595858768,-94.3415706888762,2477742.287,m^2,52.51882080180198
1054053,Jasper County,USA,32.43675507600185,-81.02959279042335,202008.551,m^2,54.61483742834233
1054354,Jasper County,USA,30.743776492683928,-94.02676626441432,442477.768,m^2,54.125884948416214
1052440,Jay County,USA,40.438248761015785,-85.00652494862905,407738.913,m^2,49.32872808487622
1052171,Jeff Davis County,USA,31.80571483802739,-82.63681557313295,222041.056,m^2,54.9117414979327
1054355,Jeff Davis County,USA,30.716172405784366,-104.14451586815248,68511.257,m^2,60.642918900174315
1051744,Jefferson County,USA,33.554595920364015,-86.89639246651323,18996693.91,m^2,54.7405333090404
1051850,Jefferson County,USA,34.2692794633418,-91.93174198687542,1525217.841,m^2,54.58881231838409
1051979,Jefferson County,USA,39.58484844099312,-105.24847884754722,8569729.905,m^2,43.634454534305426
1052056,Jefferson County,USA,30.429234277845943,-83.89869762938773,40882.252,m^2,53.593640413938054
1052172,Jefferson County,USA,33.05534783711813,-82.4177784579202,113679.468,m^2,55.138907212338474
1052281,Jefferson County,USA,43.820643517776325,-112.30905152261752,36031.73,m^2,45.09260412974897
1052340,Jefferson County,USA,38.30070616974437,-88.92571259918402,573353.331,m^2,52.79500054740242
1052441,Jefferson County,USA,38.786091380578334,-85.4379995519067,354297.524,m^2,51.93008576317344
1052546,Jefferson County,USA,41.03118898996512,-91.94941446516349,202367.63,m^2,49.95758563758443
1052638,Jefferson County,USA,39.23640800353933,-95.38346230736256,40825.065,m^2,50.20710443449385
1052755,Jefferson County,USA,38.18701770035047,-85.65819622806457,18808698.765,m^2,52.17766000395615
1053143,Jefferson County,USA,31.73272939118165,-91.03776805815282,1461.858,m^2,55.628029535016395
1053243,Jefferson County,USA,38.26482234290639,-90.53725089688028,1189667.9,m^2,52.09486158952427
1053329,Jefferson County,USA,46.149380127054,-112.09397147556236,23505.129,m^2,42.197882172865334
1053410,Jefferson County,USA,40.17667093048817,-97.14349658622118,221638.694,m^2,48.70794540505639
1053559,Jefferson County,USA,44.04133296125612,-75.91292528407678,609982.101,m^2,47.76782249058157
1053793,Jefferson County,USA,40.38563979368734,-80.76044444779673,1168708.154,m^2,49.79210390278495
1053875,Jefferson County,USA,34.11164625735359,-97.83598238757624,16169.349,m^2,55.160570039028784
1053934,Jefferson County,USA,44.629716875923194,-121.17643698399958,163057.649,m^2,41.85019487187626
1053987,Jefferson County,USA,41.12763275630088,-79.00052611398449,348538.376,m^2,48.02886965021034
1054183,Jefferson County,USA,36.05130964773733,-83.44617889358058,308354.426,m^2,52.60690805521307
1054356,Jefferson County,USA,29.80327788140655,-94.14850776276111,10529548.222,m^2,52.07382191976442
1054678,Jefferson County,USA,47.76145415764006,-123.64685615560931,155325.182,m^2,38.75285527751707
1054720,Jefferson County,USA,39.309504293262215,-77.86214087697968,188907.596,m^2,51.30270365623625
1054784,Jefferson County,USA,43.022210346098554,-88.77608527789131,1942676.207,m^2,48.848259227174445
1053144,Jefferson Davis County,USA,31.56948723126208,-89.82214138890912,30943.602,m^2,55.52423037240461
1052846,Jefferson Davis Parish,USA,30.269234915194637,-92.81408632740435,257256.147,m^2,52.85309892711718
1052845,Jefferson Parish,USA,29.55356284920599,-90.06180438791803,8744811.938,m^2,52.713716243213746
1052173,Jenkins County,USA,32.792455838574924,-81.96357578892135,94143.099,m^2,54.53545044231016
1052442,Jennings County,USA,38.9969197808564,-85.62807658905392,402388.335,m^2,51.43049946514975
1054108,Jerauld County,USA,44.0672617523174,-98.62969969786062,56093.356,m^2,45.650216043411625
1052282,Jerome County,USA,42.69009118402695,-114.26295791029196,221299.551,m^2,45.73137096423661
1052341,Jersey County,USA,39.086173956300456,-90.3569162821337,187518.131,m^2,51.375898163148825
1052756,Jessamine County,USA,37.87209667694212,-84.58091090604344,630891.034,m^2,52.00401260100964
1052639,Jewell County,USA,39.78523077172555,-98.21813948334484,23361.709,m^2,49.035056596244736
1054357,Jim Hogg County,USA,27.043019967349434,-98.69867262184496,5425.575,m^2,47.73301631624298
1054358,Jim Wells County,USA,27.732022159743664,-98.09020677840232,456707.334,m^2,47.69872781591898
1052342,Jo Daviess County,USA,42.367112111192505,-90.21197767106118,318994.203,m^2,49.360068718866344
1051851,Johnson County,USA,35.57018273176587,-93.45982507429233,239761.679,m^2,53.50272721855606
1052174,Johnson County,USA,32.701445135448466,-82.66015778915306,11134.394,m^2,55.022576172533505
1052343,Johnson County,USA,37.4611087188678,-88.87916916945747,14664.916,m^2,52.90763656607375
1052443,Johnson County,USA,39.49014089548921,-86.10066540929647,1683136.234,m^2,50.51866164269149
1052547,Johnson County,USA,41.671515228616016,-91.58858506506884,3014383.289,m^2,50.14695572909276
1052640,Johnson County,USA,38.88346997413618,-94.8223646839204,12200265.388,m^2,50.65714236682799
1052757,Johnson County,USA,37.847022530013305,-82.83126143597333,84302.632,m^2,51.965969496658175
1053244,Johnson County,USA,38.744562368575686,-93.80881314576106,675339.954,m^2,51.0012234919541
1053411,Johnson County,USA,40.392013067403546,-96.26506654020004,53035.166,m^2,49.08899057655444
1054184,Johnson County,USA,36.45523573922547,-81.85160703585153,47270.189,m^2,49.27015404994467
1054359,Johnson County,USA,32.37871345964411,-97.36667421110448,2078845.305,m^2,57.15534978972377
1054840,Johnson County,USA,44.03968231833548,-106.58439675163756,26974.694,m^2,41.162265529314254
1053650,Johnston County,USA,35.518054610405876,-78.36661246088212,1324493.902,m^2,55.126746125253206
1053876,Johnston County,USA,34.31851969286927,-96.6629709518959,21660.976,m^2,54.74067798237717
1052175,Jones County,USA,33.02464366975176,-83.56044069432849,76898.982,m^2,55.33555233540022
1052548,Jones County,USA,42.12129654519606,-91.13228011203304,96001.344,m^2,49.81302924259061
1053145,Jones County,USA,31.621763510444616,-89.16945989203819,988861.207,m^2,55.43699978717033
1053651,Jones County,USA,35.02320914103245,-77.35613447758085,12041.044,m^2,55.42941052287493
1054109,Jones County,USA,43.95995001504198,-100.69109028169996,17027.155,m^2,44.34097123095432
1054360,Jones County,USA,32.73962235781376,-99.88028444620667,104116.295,m^2,57.52470136398918
1053935,Josephine County,USA,42.36480379837683,-123.55414306098116,859642.371,m^2,41.84400745760821
1054498,Juab County,USA,39.70248976773573,-112.78424651608684,115356.342,m^2,46.91047235183653
1053330,Judith Basin County,USA,47.04623841571681,-110.26397439498194,4009.567,m^2,40.43018360835472
1051784,Juneau City and Borough,USA,58.44280242850143,-134.23178211632109,165648.793,m^2,35.85876707233236
1054785,Juneau County,USA,43.925074171370554,-90.11342279394933,357950.886,m^2,48.053731980425944
1053988,Juniata County,USA,40.53230953453057,-77.40131846595077,100748.215,m^2,49.07650407503498
1052975,Kalamazoo County,USA,42.24507314960834,-85.53097923624263,4287197.212,m^2,47.94120252964
34157202,Kalamazoo Urban Area,USA,,,5370224.954,m^2,47.942355404912895
1052253,Kalawao County,USA,21.274267116793173,-156.95119564638537,260.158,m^2,32.5466101369168
1052976,Kalkaska County,USA,44.68355629494012,-85.09111479569249,211676.765,m^2,45.50429215506955
1053056,Kanabec County,USA,45.9459565281109,-93.29175492953657,64509.133,m^2,46.564870434702634
1054721,Kanawha County,USA,38.337434682779055,-81.52857230353256,2189587.749,m^2,52.03717393606956
1053057,Kandiyohi County,USA,45.15344366205026,-95.0041607417873,786872.688,m^2,46.787307008424214
1052344,Kane County,USA,41.939775962251765,-88.42931439129543,12586200.679,m^2,48.646842139469754
1054499,Kane County,USA,37.28586542165887,-111.88975639230868,39001.686,m^2,49.266491171689346
1052345,Kankakee County,USA,41.13875092240053,-87.86327226925596,2883533.238,m^2,48.55745066497479
34157178,Kankakee Urban Area,USA,,,2766155.944,m^2,48.56115323012317
34157120,Kansas City Urban Area,USA,,,43712036.709,m^2,50.55941221995188
1054361,Karnes County,USA,28.905483877945983,-97.857355706047,161178.209,m^2,51.64953990151361
1052254,Kauai County,USA,22.26117706480343,-160.61679577639066,204936.782,m^2,32.540383297323366
1054362,Kaufman County,USA,32.60057694966316,-96.28873914561858,1307103.788,m^2,56.79122011617948
1053877,Kay County,USA,36.81807391788751,-97.14506102149964,1208379.366,m^2,52.777568934423535
1053412,Kearney County,USA,40.50771911576616,-98.94892838406192,91488.311,m^2,47.53470006676591
1052641,Kearny County,USA,38.00015093839579,-101.31942552591391,7716.343,m^2,48.57937821063683
1053413,Keith County,USA,41.19913331762724,-101.66079376477916,131582.12,m^2,46.085051829230295
1053146,Kemper County,USA,32.753543982789154,-88.64073300858281,98587.825,m^2,55.09135650370622
1051785,Kenai Peninsula Borough,USA,60.16496196969072,-151.57333502044352,122725.55,m^2,36.64136225912208
1052346,Kendall County,USA,41.59096449364217,-88.42975997127841,2349794.756,m^2,48.653587276964714
1054363,Kendall County,USA,29.944678265735977,-98.71487491284896,301408.661,m^2,56.26491247044822
44483993,Kenedy County,USA,26.943121765551183,-97.4761379812374,0.0,m^2,0.0
1052889,Kennebec County,USA,44.409185068053446,-69.76754863290066,906906.771,m^2,45.8960291520417
34157063,Kennewick Urban Area,USA,,,3346322.115,m^2,46.234787018105095
1054786,Kenosha County,USA,42.57945061867752,-88.04069968026418,4238613.347,m^2,47.195900657366565
1052021,Kent County,USA,39.093751876850405,-75.50917005378852,2196454.44,m^2,52.58881594967205
1052913,Kent County,USA,39.23943431015248,-76.08953698263775,106474.04,m^2,52.7743612339684
1052977,Kent County,USA,43.03106584862527,-85.55047132044132,12368107.027,m^2,47.55864755608247
1054023,Kent County,USA,41.673413862757926,-71.57671890388323,2928401.908,m^2,49.36901105208542
1054364,Kent County,USA,33.18127418180283,-100.77827676211896,73158.988,m^2,55.60564567951651
1052758,Kenton County,USA,38.93252646164959,-84.53300086346162,2315915.395,m^2,51.502815826741376
1052549,Keokuk County,USA,41.336077397391705,-92.17950966041296,37216.941,m^2,49.98060485411738
1051905,Kern County,USA,35.342443218582055,-118.73226470942242,19510818.362,m^2,51.01052187115841
1054365,Kerr County,USA,30.06215659519834,-99.3512452916174,446115.953,m^2,57.04737848278652
1054054,Kershaw County,USA,34.33939051307478,-80.59108181504051,674128.246,m^2,54.56699638424585
1051786,Ketchikan Gateway Borough,USA,55.52273746012248,-131.42662675326292,27564.285,m^2,36.64784695122693
1054787,Kewaunee County,USA,44.51654684973769,-87.61638013999575,274698.828,m^2,45.55168868430702
1052978,Keweenaw County,USA,47.6082837572064,-88.42500243886921,2264.505,m^2,43.29532635167509
1053414,Keya Paha County,USA,42.879036672884766,-99.71163696137684,607.034,m^2,45.206327816893285
1053721,Kidder County,USA,46.97972178302243,-99.78083469393964,14929.543,m^2,43.17747817197084
34157089,Killeen Urban Area,USA,,,2927138.085,m^2,57.03690262258331
1053415,Kimball County,USA,41.1983257077781,-103.71595313808766,79197.261,m^2,44.12803066510091
1054366,Kimble County,USA,30.485938907208045,-99.75081349874606,39313.936,m^2,59.09062025740693
1054595,King and Queen County,USA,37.71944027077785,-76.89655019686798,4786.873,m^2,53.54581226617042
1054367,King County,USA,33.61609715072724,-100.25919704141228,3174.276,m^2,54.90097710470041
1054679,King County,USA,47.491076160231195,-121.83491401800649,37188101.545,m^2,39.98257120831469
1053878,Kingfisher County,USA,35.94586247943261,-97.94332258503196,208400.462,m^2,53.09662518886355
1054596,King George County,USA,38.28524080486983,-77.14984805608157,222918.693,m^2,53.791540869118585
1052642,Kingman County,USA,37.55996747300148,-98.13714269277564,75411.587,m^2,50.37931498510965
1054110,Kingsbury County,USA,44.370394470857704,-97.49019217112908,15744.2,m^2,45.52751057532297
1051906,Kings County,USA,36.07467094052794,-119.81623818576536,3328848.984,m^2,52.77681676081704
1053560,Kings County,USA,40.630353975476055,-73.95886767295555,8446097.989,m^2,51.05589170485765
1054597,King William County,USA,37.703946028035055,-77.08571504663635,239079.309,m^2,53.919660508973614
1054368,Kinney County,USA,29.349611212216335,-100.41741815592636,1498.238,m^2,56.06709347914016
1051980,Kiowa County,USA,38.431388806266426,-102.74102273225556,4014.075,m^2,47.59334192809054
1052643,Kiowa County,USA,37.55920502135977,-99.28570101234784,38710.323,m^2,49.45173699532293
1053879,Kiowa County,USA,34.91661181944838,-98.98016253176812,95006.871,m^2,53.05601956936356
1051981,Kit Carson County,USA,39.30496133835443,-102.6012167104962,87969.094,m^2,47.105774875889935
1054680,Kitsap County,USA,47.642519506039136,-122.64818803241356,1708464.607,m^2,40.16261202653056
1054681,Kittitas County,USA,47.12392040267733,-120.67806041038357,662430.019,m^2,41.54460194987027
1053058,Kittson County,USA,48.77675829821789,-96.78331298348922,55804.787,m^2,44.8852074643704
1053936,Klamath County,USA,42.68865975942448,-121.64995580660272,679409.495,m^2,42.18733389500245
1054369,Kleberg County,USA,27.425980863431356,-97.58519834470566,274185.661,m^2,46.79712835165366
1054682,Klickitat County,USA,45.87453987836562,-120.78866834760338,357688.933,m^2,42.09051188340792
1052759,Knott County,USA,37.35418893296009,-82.95412843799927,2009.39,m^2,51.744238301175976
1052347,Knox County,USA,40.93141502184098,-90.213500108751,937686.853,m^2,49.535560198368266
1052444,Knox County,USA,38.69073982376451,-87.41735414372371,663657.349,m^2,51.86791858308797
1052760,Knox County,USA,36.89117601385304,-83.85394112559963,91980.232,m^2,52.04767677689701
1052890,Knox County,USA,43.9745844487398,-68.96603356875647,202522.444,m^2,44.48738926930982
1053245,Knox County,USA,40.13083072790205,-92.1491745582697,19700.032,m^2,49.404201272363416
1053416,Knox County,USA,42.63747914183902,-97.89159080097583,72300.4,m^2,46.84567966428955
1053794,Knox County,USA,40.39876800904891,-82.42158501963866,811623.03,m^2,49.47145216665427
1054185,Knox County,USA,35.99371118479491,-83.93681226707959,8314788.276,m^2,53.37744194666491
1054370,Knox County,USA,33.60382461767014,-99.7459829742905,9868.49,m^2,56.03581621909735
34157180,Knoxville Urban Area,USA,,,10888660.622,m^2,53.38122265089364
1051787,Kodiak Island Borough,USA,57.6015918062138,-153.82009369479363,9427.166,m^2,35.67680276341798
1053059,Koochiching County,USA,48.248308171426814,-93.7851857125008,258873.143,m^2,45.28613611339358
1052283,Kootenai County,USA,47.67422927485429,-116.69980936470468,1554476.919,m^2,42.22950733950396
1052445,Kosciusko County,USA,41.24520569382276,-85.86103702724503,1232917.299,m^2,48.47147471162216
1052550,Kossuth County,USA,43.20533242517149,-94.20697900989192,451191.423,m^2,48.30781097760363
1052644,Labette County,USA,37.19182260504031,-95.29750837073593,381638.66,m^2,52.839988260099226
1053989,Lackawanna County,USA,41.438669860830224,-75.60887267846351,4047328.248,m^2,48.016538739360485
1053246,Laclede County,USA,37.66002812035605,-92.5908926387174,527863.86,m^2,51.82090606847001
1053060,Lac qui Parle County,USA,44.9956117117123,-96.17384906418118,108966.553,m^2,46.12149719005978
1054788,La Crosse County,USA,43.90695468078909,-91.11504374484284,2974259.07,m^2,48.419255163942395
34157172,La Crosse Urban Area,USA,,,2990338.958,m^2,48.420490637235645
1051852,Lafayette County,USA,33.24150563382963,-93.60607317294392,17483.24,m^2,56.02989400134071
1052057,Lafayette County,USA,29.985345526619707,-83.18093469015821,12616.023,m^2,52.15965205516826
1053147,Lafayette County,USA,34.35979408096864,-89.48447145496077,982123.3,m^2,54.90309309941023
1053247,Lafayette County,USA,39.06502153041538,-93.78902232738037,526919.363,m^2,50.76179298614995
1054789,Lafayette County,USA,42.661231086156235,-90.13257247607396,215273.375,m^2,49.095297479309735
1052848,Lafayette Parish,USA,30.20631551006463,-92.06457630604842,4339604.616,m^2,53.3470307947981
34157108,Lafayette Urban Area,USA,,,6569449.077,m^2,53.13015311633871
34157182,Lafayette Urban Area,USA,,,5172842.302,m^2,49.63249469710975
1052849,Lafourche Parish,USA,29.445333179288365,-90.38339552731507,1448046.001,m^2,50.495631097702955
1052446,LaGrange County,USA,41.643549079464464,-85.42732570320696,681646.329,m^2,48.174729372011335
1051788,Lake and Peninsula Borough,USA,58.37982299205307,-156.46206330016997,527.878,m^2,35.46964071243734
34157104,Lake Charles Urban Area,USA,,,6563389.518,m^2,52.96712793025489
1051907,Lake County,USA,39.10086237582005,-122.7533899910398,193253.563,m^2,44.58265530141868
1051983,Lake County,USA,39.202971068530815,-106.34392715187656,25472.26,m^2,39.896826783332145
1052058,Lake County,USA,28.768607590618796,-81.70953239957652,2561022.853,m^2,47.65242485050171
1052349,Lake County,USA,42.32569131836933,-88.00277248770377,14267838.176,m^2,47.866313904428175
1052447,Lake County,USA,41.4157336389797,-87.38201229105617,15889180.94,m^2,48.040105349004854
1052979,Lake County,USA,43.98929835985488,-85.80128406840065,7038.569,m^2,46.65108617959134
1053061,Lake County,USA,47.64175850387242,-91.44894481972491,127398.768,m^2,44.45444085456149
1053331,Lake County,USA,47.645540779495285,-114.0896194639916,101224.91,m^2,40.66237978379037
1053795,Lake County,USA,41.69630677924037,-81.23794063062792,3200463.582,m^2,48.00207732030991
1053937,Lake County,USA,42.79103779769725,-120.3869926370216,53426.808,m^2,42.65423500501846
1054111,Lake County,USA,44.02334019597005,-97.12866469079324,314249.95,m^2,45.886638588168424
1054186,Lake County,USA,36.33610910896754,-89.49422071501056,12772.458,m^2,53.296700916926085
1053796,Lake Erie,USA,41.97363681606589,-81.31433534306102,1895893.166,m^2,48.38027981424772
34157048,Lake Havasu City Urban Area,USA,,,979027.272,m^2,54.399486457819535
1052980,Lake Hurron,USA,44.75318293844734,-83.13506425791282,180473.291,m^2,45.927891091651894
34157151,Lakeland Urban Area,USA,,,7625309.082,m^2,45.022437074767744
1052350,Lake Michigan,USA,42.17668931932932,-87.42362303175628,220301.836,m^2,47.275369593379146
1052448,Lake Michigan,USA,41.705116342121066,-87.2264751922715,715957.512,m^2,47.53752689447304
1052981,Lake Michigan,USA,44.270696449364245,-86.37814785914736,469901.792,m^2,45.02587063979531
1054790,Lake Michigan,USA,43.97979290330274,-87.29797135931562,932173.767,m^2,46.4879041945835
1053062,Lake of the Woods County,USA,48.77283288987509,-94.90425413780837,14046.407,m^2,44.949479251170786
1053561,Lake Ontario,USA,43.57847053544129,-77.39652581679698,486298.213,m^2,47.61259151491063
1052982,Lake St. Clair,USA,42.542731494584494,-82.75388430429659,477699.799,m^2,48.48884374556749
1052983,Lake Superior,USA,47.2791774857941,-87.69599145025953,83374.712,m^2,43.98012784739814
1053063,Lake Superior,USA,47.41479654651648,-90.59710757851518,124843.867,m^2,44.9910082727572
1054791,Lake Superior,USA,46.96450585073217,-90.73766572970747,134994.167,m^2,45.01656511573571
1051745,Lamar County,USA,33.779393407863175,-88.09638475196105,144782.693,m^2,55.634622696236214
1052176,Lamar County,USA,33.076499581651454,-84.13941766501752,85673.146,m^2,55.1118129477818
1053148,Lamar County,USA,31.20578254330655,-89.50872032852814,634359.497,m^2,56.01081939189444
1054372,Lamar County,USA,33.667145142529236,-95.5717177920094,885058.617,m^2,55.72758637747945
1054373,Lamb County,USA,34.067175197227854,-102.35186086361963,167226.297,m^2,51.472606434620744
1054523,Lamoille County,USA,44.60594870151917,-72.64174733595563,115634.137,m^2,46.53995811807719
1053722,Lamoure County,USA,46.4555710177864,-98.53730752835256,27970.612,m^2,43.482188126595155
1054374,Lampasas County,USA,31.195879934516743,-98.24289924908553,96497.434,m^2,57.73376798806899
1053417,Lancaster County,USA,40.78439815133942,-96.68790301968706,8828720.189,m^2,48.900098579735385
1053990,Lancaster County,USA,40.04311829745621,-76.24762936685273,7371868.445,m^2,50.508407908926
1054055,Lancaster County,USA,34.68694848652033,-80.70646940113309,490411.905,m^2,55.00476071640226
1054598,Lancaster County,USA,37.69146689313797,-76.38592375718908,19516.058,m^2,53.89732301471946
34157234,Lancaster Urban Area,USA,,,6365626.666,m^2,50.5487528034997
1053464,Lander County,USA,39.934582013741824,-117.03657607979832,16226.592,m^2,47.11289752031726
1052645,Lane County,USA,38.48050644463202,-100.46659959931124,9649.436,m^2,48.43013674581603
1053938,Lane County,USA,43.94671243743728,-122.92594608685869,6657804.956,m^2,41.09459521226023
1054792,Langlade County,USA,45.262800198750206,-89.072627320476,432394.504,m^2,45.5316168727251
1052177,Lanier County,USA,31.03796606429051,-83.06317701079801,11382.815,m^2,54.15445283086829
34157207,Lansing Urban Area,USA,,,8702612.763,m^2,48.01829026044646
1051807,La Paz County,USA,33.73033021272365,-113.98077861366852,100238.676,m^2,52.42737919842436
1052984,Lapeer County,USA,43.09063966107176,-83.22131189109835,418303.022,m^2,47.67934463547815
1051982,La Plata County,USA,37.284470120501005,-107.84186210954704,366601.821,m^2,45.75619762947113
1052449,LaPorte County,USA,41.54647349741671,-86.73997957646151,1885535.529,m^2,48.15087863401379
1054841,Laramie County,USA,41.307598478988545,-104.68742548667292,1387521.845,m^2,43.08628781408483
1051984,Larimer County,USA,40.66749516569793,-105.46102795162884,4746031.47,m^2,44.433422075264914
1052761,Larue County,USA,37.54560711753508,-85.6980081759545,31137.655,m^2,52.30330215939512
1052348,La Salle County,USA,41.34494963425202,-88.88710990971018,2782427.988,m^2,49.514724712077616
1054371,La Salle County,USA,28.343773061252712,-99.09886731740208,96910.502,m^2,51.71944866202427
1052847,La Salle Parish,USA,31.676606163234105,-92.16040322687454,23969.551,m^2,56.20949286868161
1051985,Las Animas County,USA,37.31506809464656,-104.03550975256256,97262.91,m^2,45.95781967658586
34157059,Las Cruces Urban Area,USA,,,2275030.362,m^2,58.35898117961029
1051908,Lassen County,USA,40.67377182796035,-120.59491561980636,121526.687,m^2,43.58482502695067
34157049,Las Vegas Urban Area,USA,,,41643342.075,m^2,55.98901347782855
1052284,Latah County,USA,46.81799658949444,-116.71041581641398,373275.16,m^2,42.52791285120607
1053880,Latimer County,USA,34.8760539026354,-95.25065442192133,66788.592,m^2,54.464953850202434
1051746,Lauderdale County,USA,34.90225115595189,-87.65340121396098,1824356.708,m^2,54.35278673034593
1053149,Lauderdale County,USA,32.40411562614036,-88.66075979679104,1635481.782,m^2,55.127121951640305
1054187,Lauderdale County,USA,35.76127184155252,-89.63046144967201,271622.799,m^2,53.47624832111387
1052762,Laurel County,USA,37.11150606923655,-84.11811984056658,638344.356,m^2,52.15791447210665
1052178,Laurens County,USA,32.463689274627065,-82.92225775961488,753785.902,m^2,55.20005433850632
1054056,Laurens County,USA,34.4841541312457,-82.00438920490566,1075935.66,m^2,54.64303721562682
1054375,Lavaca County,USA,29.38366435497704,-96.93021785522429,179776.212,m^2,52.61800596844259
1051747,Lawrence County,USA,34.522336878284115,-87.31091271413553,480119.331,m^2,55.08477864224967
1051853,Lawrence County,USA,36.042213865459814,-91.10989907412409,72378.128,m^2,53.336979052566825
1052351,Lawrence County,USA,38.720205861510486,-87.72767209618155,61094.495,m^2,51.96065147931905
1052450,Lawrence County,USA,38.84242448504383,-86.48382354165769,696089.734,m^2,51.63443469057109
1052763,Lawrence County,USA,38.06832689077832,-82.73437363181716,31821.891,m^2,52.091486455031855
1053150,Lawrence County,USA,31.548515217967985,-90.10798999845431,212214.762,m^2,55.26013617280781
1053248,Lawrence County,USA,37.10701063754829,-93.83343999609468,371893.794,m^2,52.10122127770705
1053797,Lawrence County,USA,38.59821744887942,-82.53640830201985,466986.646,m^2,52.10755264509213
1053991,Lawrence County,USA,40.99303962802367,-80.3329468002038,962164.102,m^2,48.76535188277062
1054112,Lawrence County,USA,44.35849361502857,-103.79165209259617,138709.594,m^2,42.282012518903336
1054188,Lawrence County,USA,35.21757940103876,-87.39586486412523,463825.34,m^2,53.16392510379014
34157117,Lawrence Urban Area,USA,,,2374737.202,m^2,50.5709539619197
34157262,Lawrence Urban Area,USA,,,3125909.139,m^2,48.319123873613016
34157099,Lawton Urban Area,USA,,,1191404.719,m^2,54.02042008195202
1053517,Lea County,USA,32.793870976305904,-103.40943592791857,1823662.836,m^2,55.03935656448285
1053151,Leake County,USA,32.75217840465644,-89.52503562616165,117422.873,m^2,55.13978951954275
1052646,Leavenworth County,USA,39.19928815591963,-95.03760513158458,869952.436,m^2,50.275182558371505
1053992,Lebanon County,USA,40.367931741889315,-76.45961210292282,1684307.434,m^2,50.00240173018201
1051748,Lee County,USA,32.60146816141524,-85.35557217968947,2486793.904,m^2,55.950491964451906
1051854,Lee County,USA,34.7800243397592,-90.78328362395004,53310.171,m^2,54.34976139918966
1052059,Lee County,USA,26.543802134146812,-81.99664475323054,7668455.288,m^2,40.057042909630646
1052179,Lee County,USA,31.77933144224231,-84.14126763486755,157903.466,m^2,56.24013526086882
1052352,Lee County,USA,41.746744650630696,-89.2993676420646,526973.258,m^2,50.444012179836264
1052551,Lee County,USA,40.6417712050535,-91.47887142746546,685578.539,m^2,49.650065601017886
1052764,Lee County,USA,37.59512460492011,-83.71614934363646,9858.844,m^2,52.118757128117664
1053152,Lee County,USA,34.2916671539408,-88.68144570837455,2251227.27,m^2,54.587189649670506
1053652,Lee County,USA,35.4747444183719,-79.17271222512254,804989.346,m^2,55.21264808764314
1054057,Lee County,USA,34.16409474486521,-80.25542665032967,100007.272,m^2,54.67528315340908
1054376,Lee County,USA,30.311506637513673,-96.96861012110762,146501.295,m^2,54.68743055820769
1054599,Lee County,USA,36.70568398594411,-83.1290685080442,17203.004,m^2,50.95038157289273
1052985,Leelanau County,USA,44.93844574610706,-85.81352528177162,31868.425,m^2,44.677519707986825
1053153,Leflore County,USA,33.551133350300134,-90.30227278320127,602112.868,m^2,55.352782458720014
1053881,Le Flore County,USA,34.90050425194211,-94.7042089679096,279363.734,m^2,54.61714783637593
1053993,Lehigh County,USA,40.611979430063215,-75.59271748627742,5864182.888,m^2,49.37207468843867
1052285,Lemhi County,USA,44.943139854819314,-113.93272074766011,26832.072,m^2,42.94963288709124
1052986,Lenawee County,USA,41.895054902184306,-84.06830219373228,944913.176,m^2,47.9639970836855
1053653,Lenoir County,USA,35.2385294720866,-77.64138621082034,803822.582,m^2,55.01463521834722
34157254,Leominster Urban Area,USA,,,1424035.369,m^2,48.08824791064582
1052060,Leon County,USA,30.458461256709526,-84.27766834662326,5160933.849,m^2,54.09132712059297
1054377,Leon County,USA,31.2958476194679,-95.99655608848556,215707.194,m^2,56.60879447534791
1052765,Leslie County,USA,37.09420642171225,-83.38136265088748,3908.753,m^2,51.943934804783005
1053064,Le Sueur County,USA,44.37355326549259,-93.7300492060166,222017.59,m^2,47.973396810586046
1052766,Letcher County,USA,37.12127731395099,-82.8550365420046,25731.42,m^2,50.82518559022394
1052061,Levy County,USA,29.25132388923127,-82.85886490799098,104121.732,m^2,50.556297546030066
1053332,Lewis and Clark County,USA,47.123262515923386,-112.39068621942832,1100330.447,m^2,42.13108632628794
1052286,Lewis County,USA,46.237840460954864,-116.42685151589704,12761.367,m^2,41.579926978042394
1052767,Lewis County,USA,38.53115695234397,-83.37806057587002,16959.232,m^2,51.77960139940299
1053249,Lewis County,USA,40.09829357455548,-91.72335976441023,70369.108,m^2,49.67093397005971
1053562,Lewis County,USA,43.78539145395157,-75.44978443706661,83537.403,m^2,47.18837503243906
1054189,Lewis County,USA,35.527878127236725,-87.49384751619986,46430.375,m^2,53.26916668237118
1054683,Lewis County,USA,46.57730919222774,-122.39248639756087,918839.434,m^2,39.35082336703455
1054722,Lewis County,USA,38.995874410717455,-80.50305802345412,67133.41,m^2,51.25078101946556
1054058,Lexington County,USA,33.90254834616843,-81.27159718423232,4472270.348,m^2,54.674724639879926
1054600,Lexington Independent City,USA,37.785392643993944,-79.44222706994307,130217.689,m^2,50.54181454564134
34157186,Lexington Urban Area,USA,,,9901783.37,m^2,51.929856253964886
1052062,Liberty County,USA,30.24113865303519,-84.88308375273313,35934.524,m^2,54.521382974211654
1052180,Liberty County,USA,31.785753478118323,-81.41104371805588,1084879.85,m^2,53.77115243959964
1053333,Liberty County,USA,48.564531988679185,-111.02289360625244,3359.969,m^2,40.85779362845312
1054378,Liberty County,USA,30.151703720005216,-94.81226273107946,679224.238,m^2,52.51735783463016
1053798,Licking County,USA,40.09155230977305,-82.48314433185004,1890628.59,m^2,49.93667165109357
1051749,Limestone County,USA,34.81035238465385,-86.98134006627082,1511283.458,m^2,55.042313616060234
1054379,Limestone County,USA,31.54841230932495,-96.5808663998907,170213.725,m^2,56.99400068355239
1051855,Lincoln County,USA,33.95731562747405,-91.7340771739937,79847.737,m^2,54.77974422744129
1051986,Lincoln County,USA,38.9875706299652,-103.51261838017916,43349.621,m^2,45.66355043796115
1052181,Lincoln County,USA,33.79435478789947,-82.45193666776088,28318.372,m^2,55.20179549869604
1052287,Lincoln County,USA,43.001705829288866,-114.13885886562498,10370.64,m^2,45.727619028333834
1052647,Lincoln County,USA,39.04571324075889,-98.20766427688233,19970.421,m^2,49.835811974119125
1052768,Lincoln County,USA,37.45511713896972,-84.66105452354988,65402.762,m^2,52.12107114069586
1052891,Lincoln County,USA,43.92685762017743,-69.4932061715835,65108.681,m^2,46.20632706412837
1053065,Lincoln County,USA,44.413847733713624,-96.26672494318235,71364.453,m^2,45.8770046062008
1053154,Lincoln County,USA,31.531056739473815,-90.45581736562582,423715.869,m^2,55.233489378704384
1053250,Lincoln County,USA,39.06196977396293,-90.96086596314125,384946.257,m^2,51.14565867827103
1053334,Lincoln County,USA,48.54228915171684,-115.40577294401947,30508.874,m^2,41.30825169096703
1053418,Lincoln County,USA,41.04836128617479,-100.7443098476214,663278.627,m^2,46.321453338492695
1053465,Lincoln County,USA,37.64331401139385,-114.8776378903884,18197.563,m^2,50.04107978634283
1053518,Lincoln County,USA,33.74648281567276,-105.45635230593253,115578.089,m^2,47.93811568384731
1053654,Lincoln County,USA,35.4875126139843,-81.22521590430065,1087996.959,m^2,54.89487089641764
1053882,Lincoln County,USA,35.70366266371712,-96.88340979603292,692402.326,m^2,53.54396286646789
1053939,Lincoln County,USA,44.64675902141352,-123.9710650531947,415370.879,m^2,36.30596882069819
1054113,Lincoln County,USA,43.27921367071693,-96.71977919980937,739880.85,m^2,46.660406072139864
1054190,Lincoln County,USA,35.1410850633904,-86.58842940165114,172315.08,m^2,53.536340249501094
1054684,Lincoln County,USA,47.57552240891536,-118.41869975982458,115226.348,m^2,43.71257288307011
1054723,Lincoln County,USA,38.17670396066965,-82.07116468000521,6164.957,m^2,52.23000452395694
1054793,Lincoln County,USA,45.33734788238232,-89.7350706997051,493134.992,m^2,45.75067178562741
1054842,Lincoln County,USA,42.261841948730826,-110.65543132394312,68317.572,m^2,43.23053808176907
1052850,Lincoln Parish,USA,32.602302795135394,-92.6640756478172,788492.14,m^2,55.75099607714543
34157118,Lincoln Urban Area,USA,,,8811171.31,m^2,48.89902116248832
1052552,Linn County,USA,42.079173867650745,-91.59959235576584,5737771.28,m^2,49.91537750246468
1052648,Linn County,USA,38.21238740385595,-94.84270256786355,189790.404,m^2,51.30081304848268
1053251,Linn County,USA,39.87067920216207,-93.1089496192165,129173.218,m^2,49.75046534801046
1053940,Linn County,USA,44.488959016326035,-122.53392489657404,2253659.567,m^2,41.54624635638236
1054380,Lipscomb County,USA,36.27797275500142,-100.27361574620996,1871.225,m^2,50.30135232267632
1052015,Litchfield County,USA,41.79313351897561,-73.2459310352794,653058.05,m^2,48.97188321007604
1051856,Little River County,USA,33.70070768394833,-94.23471192272449,339388.664,m^2,55.72238684731085
34157116,Little Rock Urban Area,USA,,,12042548.131,m^2,54.60195238674941
1054381,Live Oak County,USA,28.353079067008473,-98.12613267668566,294102.392,m^2,50.30776076448912
1052353,Livingston County,USA,40.89273485817878,-88.55820049419155,612423.889,m^2,49.48994393816013
1052769,Livingston County,USA,37.21079877588877,-88.35212951670042,10634.793,m^2,53.32705366244553
1052987,Livingston County,USA,42.60334634378911,-83.9130564887331,1443495.022,m^2,48.0130883063066
1053252,Livingston County,USA,39.78210723523451,-93.55153386260304,443371.519,m^2,49.984881272899266
1053563,Livingston County,USA,42.727831699655816,-77.77475471393275,264569.672,m^2,47.44613707651269
1052851,Livingston Parish,USA,30.438132253707497,-90.72375517474848,524840.496,m^2,54.46008860947346
1054382,Llano County,USA,30.70590716314662,-98.6843559430736,91973.386,m^2,58.0629966042568
34157033,Lodi Urban Area,USA,,,1487072.156,m^2,46.901823966368454
1051857,Logan County,USA,35.21546658569143,-93.7173724528223,136951.484,m^2,54.44357038876628
1051987,Logan County,USA,40.7246352961299,-103.10971443082992,545567.972,m^2,45.24542582202755
1052354,Logan County,USA,40.12469072951689,-89.3679207315963,350728.267,m^2,50.38324772950223
1052649,Logan County,USA,38.917413592047566,-101.1483574821339,47315.774,m^2,48.08047629105677
1052770,Logan County,USA,36.86047861130036,-86.87894904985825,543329.921,m^2,52.527040711236666
1053419,Logan County,USA,41.56757054757026,-100.48211772626291,5225.11,m^2,45.59521407204824
1053723,Logan County,USA,46.456756376798886,-99.47689731396696,35420.048,m^2,43.01848216015969
1053799,Logan County,USA,40.388185804951355,-83.76575995343943,950257.163,m^2,49.29508784244755
1053883,Logan County,USA,35.91942193862332,-97.44471702342648,225692.017,m^2,53.213745358126694
1054724,Logan County,USA,37.83218189964193,-81.93561605376088,71954.698,m^2,51.38722245766357
1052182,Long County,USA,31.75248256783437,-81.74551886641916,17353.496,m^2,54.13954848060587
34157088,Longmont Urban Area,USA,,,2007159.063,m^2,44.66157765344978
34157103,Longview Urban Area,USA,,,4884951.303,m^2,57.169311364166944
1051858,Lonoke County,USA,34.75502476000896,-91.88842878932246,463402.678,m^2,54.67447697615592
1053800,Lorain County,USA,41.29622040909051,-82.1508140467685,4742332.47,m^2,49.21605407981866
34157216,Lorain Urban Area,USA,,,4094898.144,m^2,49.17761546695995
1053519,Los Alamos County,USA,35.870170252970766,-106.30428579013522,155498.938,m^2,46.93540424051
1051909,Los Angeles County,USA,33.94484625011206,-118.32793287276075,199105411.84,m^2,45.533503837496696
34157013,Los Angeles Urban Area,USA,,,327400142.247,m^2,45.71035344532485
1054191,Loudon County,USA,35.73549388210349,-84.31077633934912,901294.101,m^2,54.2194412087914
1054601,Loudoun County,USA,39.093251060744954,-77.6358631980317,4469150.255,m^2,52.00124108313293
1052553,Louisa County,USA,41.21794939869237,-91.26108913720638,187043.724,m^2,50.47527743299209
1054602,Louisa County,USA,37.97899653004023,-77.96396611130491,195261.499,m^2,53.60432685708307
34157174,Louisville Urban Area,USA,,,25851633.233,m^2,52.17916843517211
1053420,Loup County,USA,41.9137865503789,-99.4521569438843,1033.454,m^2,46.17894652301893
1053884,Love County,USA,33.95131633410886,-97.2434112312619,160952.513,m^2,55.29815254888254
34157090,Loveland Urban Area,USA,,,1532797.48,m^2,44.52803099597998
1054383,Loving County,USA,31.849875939027676,-103.57949568093844,14963.726,m^2,59.61376852262598
34157260,Lowell Urban Area,USA,,,2360068.215,m^2,48.41942502369577
1051750,Lowndes County,USA,32.154928226193604,-86.64990242158454,265887.359,m^2,55.96630453198792
1052183,Lowndes County,USA,30.83257631916606,-83.26800741756374,2037181.117,m^2,53.95085976540592
1053155,Lowndes County,USA,33.47503334365815,-88.44344702593239,1863075.37,m^2,55.1150429781056
1054384,Lubbock County,USA,33.60937582683192,-101.82225619345618,9124345.491,m^2,53.505603715088434
34157078,Lubbock Urban Area,USA,,,9112424.44,m^2,53.504758792381274
1052554,Lucas County,USA,41.028558714556986,-93.32918704478678,73153.799,m^2,49.89252828824379
1053801,Lucas County,USA,41.621037992644894,-83.65610673910683,9051232.56,m^2,48.65469947498509
1052988,Luce County,USA,46.47069605666033,-85.54461826965496,59649.175,m^2,43.61762621193001
1052184,Lumpkin County,USA,34.57209948321443,-84.00303378093956,189805.591,m^2,53.25877361009877
1053520,Luna County,USA,32.18226767581589,-107.74704547033396,155882.016,m^2,59.26850308376817
1054603,Lunenburg County,USA,36.94825765144211,-78.24290663275413,30315.514,m^2,54.286302551228395
1053994,Luzerne County,USA,41.17781158861937,-75.98828611902518,5967551.896,m^2,48.03607872470189
1053995,Lycoming County,USA,41.34361189396435,-77.06412431599777,2012532.072,m^2,48.17022967721431
1054114,Lyman County,USA,43.895208080748304,-99.8468341870432,10970.842,m^2,44.92440890134048
1054604,Lynchburg Independent City,USA,37.40084867323793,-79.18981777415443,1469869.81,m^2,52.8501298186402
1054385,Lynn County,USA,33.175559222294275,-101.81694637654692,8661.058,m^2,54.19096292854752
1052555,Lyon County,USA,43.38250027376492,-96.20849858553343,134316.082,m^2,46.66490148960718
1052650,Lyon County,USA,38.457025603579474,-96.15350101675608,870443.012,m^2,50.32860315041509
1052771,Lyon County,USA,37.01949784358214,-88.08330500739373,47004.602,m^2,53.61834588026083
1053066,Lyon County,USA,44.41439422660352,-95.83715853755012,665658.449,m^2,46.29784973404581
1053466,Lyon County,USA,39.01736619195775,-119.18902368355803,458745.224,m^2,44.938174139988426
1052989,Mackinac County,USA,46.080118008906595,-85.09062195487627,49674.254,m^2,44.128199831647194
1052990,Macomb County,USA,42.69595959304495,-82.93250603539177,14143363.762,m^2,48.1745985939098
1051751,Macon County,USA,32.386500034185126,-85.6924711426537,174065.793,m^2,56.42432059008859
1052185,Macon County,USA,32.35766520697128,-84.04247914734556,208957.841,m^2,56.307512121548
1052355,Macon County,USA,39.859898753254086,-88.96230972528828,3410535.308,m^2,50.512536769784994
1053253,Macon County,USA,39.83176047284419,-92.56573735899136,186083.826,m^2,49.736824714685305
1053655,Macon County,USA,35.151399958070364,-83.42176743151671,165189.475,m^2,49.043961832314075
1054192,Macon County,USA,36.53257142209412,-86.00783304208456,112505.622,m^2,52.64043965731775
1052356,Macoupin County,USA,39.26106551220733,-89.92525682526261,540769.395,m^2,50.764446242376565
1051910,Madera County,USA,37.217750403429974,-119.7635057552686,1358066.279,m^2,50.295923288291874
34157034,Madera Urban Area,USA,,,600587.115,m^2,50.64611544654933
1051752,Madison County,USA,34.76351985476094,-86.55053338069241,7712045.945,m^2,54.163641455328495
1051859,Madison County,USA,36.01100163288843,-93.72474248492804,45689.31,m^2,52.25381856281043
1052063,Madison County,USA,30.44367234177039,-83.46979756226108,95798.709,m^2,53.52780370975563
1052186,Madison County,USA,34.12782701801953,-83.2091437181687,61135.401,m^2,54.48662690541607
1052288,Madison County,USA,43.784836880358355,-111.65648329126216,308289.256,m^2,45.45218210912935
1052357,Madison County,USA,38.82967532114889,-89.90518821083914,6512000.449,m^2,51.931273716808676
1052451,Madison County,USA,40.16148944934851,-85.71985439712608,1537126.81,m^2,49.87407478632163
1052556,Madison County,USA,41.329330073661744,-94.01728690067468,151929.894,m^2,49.73716745961792
1052772,Madison County,USA,37.72003326267615,-84.27804568161429,1192056.965,m^2,52.15154969880151
1053156,Madison County,USA,32.63345802538777,-90.03551791767525,1637372.806,m^2,55.35531949893639
1053254,Madison County,USA,37.47865537621472,-90.34516354635508,33104.653,m^2,51.84772962278143
1053335,Madison County,USA,45.30029612794812,-111.92070504281077,9244.886,m^2,41.59410867803021
1053421,Madison County,USA,41.91835395924774,-97.60069404914152,766495.333,m^2,47.15506175430295
1053564,Madison County,USA,42.91235669538836,-75.66918423059155,182144.787,m^2,48.15963844740722
1053656,Madison County,USA,35.85792483852533,-82.70532419310399,36484.164,m^2,49.82293320466382
1053802,Madison County,USA,39.89328619146255,-83.40088089626474,763555.811,m^2,49.703060994712274
1054193,Madison County,USA,35.60838661098388,-88.83968970224151,2106264.605,m^2,53.024159296452694
1054386,Madison County,USA,30.96607457352075,-95.9290368383866,118367.178,m^2,55.79289943872786
1054605,Madison County,USA,38.41546038350901,-78.27972754518446,33248.094,m^2,52.09985441571478
1052852,Madison Parish,USA,32.36453561120464,-91.24329933781124,54898.448,m^2,56.37870367482884
34157179,Madison Urban Area,USA,,,12925257.16,m^2,48.87579494163039
1052773,Magoffin County,USA,37.70646889199654,-83.06457963834661,16966.381,m^2,51.91113396545792
1052557,Mahaska County,USA,41.33415090895979,-92.64209839329682,502716.927,m^2,49.89538752491618
1053067,Mahnomen County,USA,47.32668783382677,-95.80786366793544,50057.687,m^2,45.214621542541515
1053803,Mahoning County,USA,41.01456609481322,-80.77566239949832,4208553.092,m^2,48.9224260362497
1053885,Major County,USA,36.31095087403209,-98.53820785529788,88623.179,m^2,52.263493019134415
1053941,Malheur County,USA,43.19528027987263,-117.62339260600636,645419.119,m^2,47.394353257452856
1054606,Manassas Independent City,USA,38.74672736816087,-77.48535961221029,760645.028,m^2,52.64997414536442
1054607,Manassas Park Independent City,USA,38.774949486425534,-77.45184069159112,283834.653,m^2,52.6499744236656
1052064,Manatee County,USA,27.470549249725035,-82.4171915234007,4467385.957,m^2,42.36502323812986
34157261,Manchester Urban Area,USA,,,2625313.304,m^2,47.536218217023894
1052991,Manistee County,USA,44.33214404577429,-86.05620603239457,264347.642,m^2,45.7255301146208
1054794,Manitowoc County,USA,44.11976867117707,-87.80984631740857,1883532.603,m^2,46.619300037675
34157025,Manteca Urban Area,USA,,,2917039.104,m^2,47.94181758696095
1054795,Marathon County,USA,44.89826630764389,-89.75898924990076,4543993.544,m^2,46.317946771052895
1051753,Marengo County,USA,32.24801738413836,-87.7893578513937,285249.337,m^2,55.801898845430095
1051808,Maricopa County,USA,33.34905561769035,-112.49009931862012,82603437.704,m^2,54.049122510403755
1053255,Maries County,USA,38.16658776189033,-91.92464162993598,25558.558,m^2,51.45102478003649
1051911,Marin County,USA,38.01479482501126,-122.81619047617244,2465801.49,m^2,39.810423781518594
1054796,Marinette County,USA,45.38357565177545,-88.03498658728694,770589.8,m^2,45.78550513126439
1051754,Marion County,USA,34.13684925898861,-87.88637000621944,290391.418,m^2,55.07775018337491
1051860,Marion County,USA,36.267857147481536,-92.68491844369932,44270.736,m^2,53.078790829228595
1052065,Marion County,USA,29.211041525179112,-82.05485430068026,3251651.255,m^2,49.725032587173935
1052187,Marion County,USA,32.35333105004173,-84.52487671809088,10757.264,m^2,55.87791486757227
1052358,Marion County,USA,38.64964917906731,-88.92008035080244,595109.505,m^2,52.48884188633485
1052452,Marion County,USA,39.78138177996338,-86.13875100375904,23041690.361,m^2,50.30171936759322
1052558,Marion County,USA,41.33341596601174,-93.10076870788748,541614.118,m^2,50.06205445331467
1052651,Marion County,USA,38.35931684258948,-97.0977677055538,100984.492,m^2,49.982405585602194
1052774,Marion County,USA,37.55242156657128,-85.26940183123044,210638.61,m^2,52.25848967100571
1053157,Marion County,USA,31.23035191190364,-89.82313427830029,228199.058,m^2,55.9060529732774
1053256,Marion County,USA,39.808151561711234,-91.62290665537516,544866.558,m^2,50.11891442051028
1053804,Marion County,USA,40.58735243735096,-83.16080623902967,1660426.905,m^2,49.200010574389
1053942,Marion County,USA,44.903216236966834,-122.58380210440264,5884798.578,m^2,41.768970742502106
1054059,Marion County,USA,34.08207660769264,-79.36275277673059,142933.785,m^2,54.47449965031011
1054194,Marion County,USA,35.12992465679113,-85.622411043418,305788.623,m^2,53.440141764201606
1054387,Marion County,USA,32.79852247150602,-94.36046231199052,71501.498,m^2,57.20364461455058
1054725,Marion County,USA,39.50933129311464,-80.24314348189007,293364.085,m^2,50.41287161991898
1051912,Mariposa County,USA,37.58143752426541,-119.90581869411044,24181.965,m^2,46.14506844253558
1054060,Marlboro County,USA,34.60229941066902,-79.67897423946458,192054.676,m^2,54.71060731163868
1052992,Marquette County,USA,46.43183809798496,-87.64327012875042,979510.599,m^2,44.02293451242175
1054797,Marquette County,USA,43.81963899193113,-89.39798450298706,52239.382,m^2,48.2890285340665
1051755,Marshall County,USA,34.36715853755587,-86.30637469761984,1483827.571,m^2,54.39445737661118
1052359,Marshall County,USA,41.033369685678885,-89.34548540138569,162074.321,m^2,49.85633900635006
1052453,Marshall County,USA,41.32499811153199,-86.26183156028112,949880.584,m^2,48.50907264254598
1052559,Marshall County,USA,42.03559945701158,-92.99957654636124,721672.769,m^2,49.716977000139515
1052652,Marshall County,USA,39.78437304003582,-96.52263038756392,153556.018,m^2,49.47127137667766
1052775,Marshall County,USA,36.88427191670644,-88.33000270858524,1688582.493,m^2,53.37153547582114
1053068,Marshall County,USA,48.358616990797515,-96.36794598872947,35462.494,m^2,45.073001972168115
1053158,Marshall County,USA,34.764171008628566,-89.5030242622289,630083.443,m^2,53.86656764919944
1053886,Marshall County,USA,34.02712781083374,-96.77129890270427,298616.643,m^2,55.61227351618175
1054115,Marshall County,USA,45.759018024800774,-97.59959238019276,51971.24,m^2,44.95482603455296
1054195,Marshall County,USA,35.469705218284936,-86.76479977957905,445597.887,m^2,52.9629724254056
1054726,Marshall County,USA,39.86088347247115,-80.66216829275307,821407.811,m^2,50.248573906001
1052066,Martin County,USA,27.09729378761793,-80.32050027141416,2003634.15,m^2,36.65611434852016
1052454,Martin County,USA,38.709613558940234,-86.80343334379725,83659.025,m^2,51.79247604188551
1052776,Martin County,USA,37.802458266902725,-82.51273509695086,8077.199,m^2,51.89054671056142
1053069,Martin County,USA,43.676600195553135,-94.5522524302899,508642.73,m^2,47.87243270143663
1053657,Martin County,USA,35.84027177132976,-77.10407901225405,366499.65,m^2,55.53009263992476
1054388,Martin County,USA,32.306756038090576,-101.95094095731352,33593.966,m^2,56.57069760682618
1054608,Martinsville Independent City,USA,36.683672842653735,-79.86311945657059,234211.299,m^2,53.61126040721032
1052360,Mason County,USA,40.23990508258392,-89.91673778334905,199319.557,m^2,50.17726663921895
1052777,Mason County,USA,38.59497245317745,-83.82455861819388,384476.18,m^2,51.62284046049354
1052993,Mason County,USA,43.994872711663,-86.24951360640578,221596.118,m^2,45.171385542954326
1054389,Mason County,USA,30.717768374265848,-99.22664801345624,11715.979,m^2,58.289269466939125
1054685,Mason County,USA,47.35054820588877,-123.18149664066364,237175.129,m^2,39.84433672216955
1054727,Mason County,USA,38.76964285264171,-82.02557680506595,513201.692,m^2,51.87639375319908
1052361,Massac County,USA,37.21857142383124,-88.70730909729956,347186.784,m^2,53.14829288836064
1054390,Matagorda County,USA,28.72128694808438,-95.97173787487664,567512.413,m^2,49.482983643566584
1051789,Matanuska-Susitna Borough,USA,62.30483333530693,-149.57829498517447,126190.342,m^2,37.068425252385794
1054609,Mathews County,USA,37.4074682384249,-76.25847648601474,12881.582,m^2,53.82857788740544
1052255,Maui County,USA,20.85794550973287,-156.64762115264685,1475310.227,m^2,32.54462502753328
1054196,Maury County,USA,35.616987482839214,-87.07717703107743,1397070.927,m^2,52.89494526286138
1054391,Maverick County,USA,28.7408818568211,-100.31350159367372,373698.314,m^2,55.12887517068113
1053887,Mayes County,USA,36.30297807175883,-95.23129001106427,1200490.836,m^2,54.26472047471756
34157074,McAllen Urban Area,USA,,,6177530.748,m^2,43.7566492064023
1053888,McClain County,USA,35.01061137387379,-97.4454181729165,494339.676,m^2,53.555224630604
1053336,McCone County,USA,47.64562117754735,-105.79499478434626,6497.813,m^2,42.417882139729166
1054116,McCook County,USA,43.67509715049251,-97.36796926101717,38825.084,m^2,46.3113616186896
1054061,McCormick County,USA,33.90001160993213,-82.30906828755828,5583.734,m^2,55.15682194030016
1052778,McCracken County,USA,37.053337736753896,-88.71195201504558,2257730.098,m^2,53.1951894703403
1052779,McCreary County,USA,36.739523691242965,-84.48477890721801,6473.028,m^2,52.51637255392685
1054392,McCulloch County,USA,31.198870948545174,-99.3494726428868,123435.532,m^2,58.16831060443763
1053889,McCurtain County,USA,34.116095963839776,-94.77212232835298,419746.065,m^2,55.284316814262446
1053257,McDonald County,USA,36.628543144782896,-94.34869687849232,134924.693,m^2,53.03175219379598
1052362,McDonough County,USA,40.45643613250348,-90.67856973921458,665814.212,m^2,49.429556119177576
1053658,McDowell County,USA,35.68294357031692,-82.04896990309064,288508.95,m^2,50.72990988667769
1054728,McDowell County,USA,37.378911497990075,-81.65252523879889,6370.908,m^2,50.47004398745045
1052188,McDuffie County,USA,33.483183160563925,-82.48154297908623,357125.775,m^2,55.128116678220714
1052363,McHenry County,USA,42.326739747372834,-88.45141729453431,4007407.465,m^2,48.91852437246484
1053724,McHenry County,USA,48.233674953614816,-100.63624460145512,66745.079,m^2,42.90658941313112
1052189,McIntosh County,USA,31.46992926901773,-81.32161574512735,39096.833,m^2,53.004844458884946
1053725,McIntosh County,USA,46.11144590636712,-99.44224477886723,30303.916,m^2,43.0867475675421
1053890,McIntosh County,USA,35.37347354340427,-95.66617010692237,116519.398,m^2,55.45618762980564
1053996,Mc Kean County,USA,41.80837481488891,-78.57151236838052,201297.229,m^2,47.62255892255725
1053726,McKenzie County,USA,47.74117254913008,-103.39548080938114,808113.249,m^2,42.74267343561397
1053521,McKinley County,USA,35.58171539569562,-108.25948674156466,471453.908,m^2,48.201353301752675
1052364,McLean County,USA,40.49092625576611,-88.84711006547465,3203131.253,m^2,49.866464379004334
1052780,McLean County,USA,37.52936353176281,-87.26361244891308,40497.443,m^2,52.91123864289407
1053727,McLean County,USA,47.606930042448695,-101.32249391615292,82055.636,m^2,42.89675022444528
1054393,McLennan County,USA,31.55215073758019,-97.20159093664806,4373451.332,m^2,57.28731809539203
1053070,McLeod County,USA,44.8244190650767,-94.27087504019406,760368.824,m^2,47.4361211277121
1054197,McMinn County,USA,35.424969575892604,-84.61770741926654,893213.812,m^2,54.14481073429706
1054394,McMullen County,USA,28.35144951069933,-98.56940926262482,40616.852,m^2,50.3133746800466
1054198,McNairy County,USA,35.17629280425257,-88.5630324138379,117880.327,m^2,53.50606013334184
1052653,McPherson County,USA,38.392415301600934,-97.6484933405177,855713.969,m^2,49.928694090302976
1053422,McPherson County,USA,41.56861565772381,-101.05881674395576,176.806,m^2,45.19352850016402
1054117,McPherson County,USA,45.766771921813415,-99.2247075240512,38076.959,m^2,43.49293566222029
1052654,Meade County,USA,37.23724089664129,-100.36534647597549,33730.6,m^2,49.256232412112446
1052781,Meade County,USA,37.96782637037383,-86.21536529019845,268328.611,m^2,52.51016931623442
1054118,Meade County,USA,44.56617966692286,-102.71712940240532,59334.638,m^2,42.74007255256196
1053337,Meagher County,USA,46.59823831163726,-110.88605014444047,7261.891,m^2,42.434226154041696
1053659,Mecklenburg County,USA,35.248860144913834,-80.83349813705523,21777737.737,m^2,55.37841026682945
1054610,Mecklenburg County,USA,36.681564324476874,-78.36386859957584,235516.317,m^2,54.74511908234366
1052994,Mecosta County,USA,43.64004621702496,-85.325663908583,241831.196,m^2,47.08153328158705
34157047,Medford Urban Area,USA,,,3182257.609,m^2,41.37074039564344
1053805,Medina County,USA,41.1175699550343,-81.89944323780732,1410273.866,m^2,49.210920423452
1054395,Medina County,USA,29.353229912366665,-99.10926667211164,186439.404,m^2,54.06356587580595
1053071,Meeker County,USA,45.12395189230968,-94.5269573543648,214655.598,m^2,46.96522953945976
1053806,Meigs County,USA,39.08178851338599,-82.02084208739154,30815.078,m^2,51.79391617960532
1054199,Meigs County,USA,35.51184733932565,-84.8143334756962,26086.098,m^2,54.346061990566774
1054119,Mellette County,USA,43.58058037447419,-100.76177190687685,6.516,m^2,44.279312461632905
34157127,Memphis Urban Area,USA,,,29968543.87,m^2,53.84783500073338
1052365,Menard County,USA,40.02776143641961,-89.80176375445627,67898.838,m^2,50.49199824303326
1054396,Menard County,USA,30.88970369093027,-99.82082325740473,755.412,m^2,58.3089572312857
1051913,Mendocino County,USA,39.414308846928265,-123.49447538238842,504851.44,m^2,41.7220102491933
1052782,Menifee County,USA,37.94124438066984,-83.59881890874951,0.0,m^2,0.0
1052995,Menominee County,USA,45.57942331426365,-87.55980266963357,238665.688,m^2,45.526009352462935
1054798,Menominee County,USA,45.00436566127155,-88.70964223798941,16525.928,m^2,46.13273269737107
1051914,Merced County,USA,37.1929494337033,-120.71821734211836,5751401.309,m^2,50.03747713720875
34157031,Merced Urban Area,USA,,,2245237.43,m^2,50.60227371988894
1052366,Mercer County,USA,41.20560347251095,-90.74327090154524,63726.443,m^2,50.13213372037727
1052783,Mercer County,USA,37.811273687964544,-84.87454043751356,259589.657,m^2,52.214175636435314
1053258,Mercer County,USA,40.42180343785451,-93.57091280501636,10435.339,m^2,49.75753485344367
1053493,Mercer County,USA,40.28380207892637,-74.70143775078203,5406222.957,m^2,50.814486673602424
1053728,Mercer County,USA,47.30882274783731,-101.83200593374694,206306.335,m^2,42.84595201596694
1053807,Mercer County,USA,40.5400792405175,-84.62994713890383,700258.807,m^2,49.27088688939545
1053997,Mercer County,USA,41.30344454368488,-80.25667482260752,1379391.605,m^2,48.4506095576825
1054729,Mercer County,USA,37.40556349557331,-81.1097253391082,455204.455,m^2,49.57983319385571
1052190,Meriwether County,USA,33.040799430744634,-84.68839025571944,53595.903,m^2,55.34153466917052
1053423,Merrick County,USA,41.1690215483798,-98.0376213860246,107329.663,m^2,47.80410278563904
1053479,Merrimack County,USA,43.297241183880715,-71.68020145213292,1106034.999,m^2,47.231284590660586
1051988,Mesa County,USA,39.0179925295538,-108.46566292892864,2892337.167,m^2,49.8102077045985
1052784,Metcalfe County,USA,36.9906140301612,-85.62912215233214,33493.813,m^2,52.5882766766507
1052455,Miami County,USA,40.76954883944149,-86.04604330258243,392603.536,m^2,49.11748891889756
1052655,Miami County,USA,38.564009452645635,-94.83825546704183,213831.343,m^2,50.99060821967526
1053808,Miami County,USA,40.053256659993295,-84.22877949012339,1488608.351,m^2,49.549844057001394
1052067,Miami-Dade County,USA,25.592798865590915,-80.44568008621407,33607923.803,m^2,34.71328170122964
34157158,Miami Urban Area,USA,,,73759278.092,m^2,35.12649521514246
1052016,Middlesex County,USA,41.43210575490912,-72.51868929384541,1253845.17,m^2,49.49508569546908
1052931,Middlesex County,USA,42.48549381233187,-71.39195348947896,15332301.251,m^2,48.60905507882523
1053494,Middlesex County,USA,40.43881555576144,-74.40964161281771,22066835.327,m^2,50.91378214855883
1054611,Middlesex County,USA,37.62704455228971,-76.52649229758381,19930.242,m^2,54.16893442638579
1052996,Midland County,USA,43.64651673769033,-84.38926860252306,2633764.819,m^2,47.521500294214384
1054397,Midland County,USA,31.8706516455492,-102.03288968647908,8753996.923,m^2,57.29999800012495
34157073,Midland Urban Area,USA,,,5742151.969,m^2,57.38135686739433
1053998,Mifflin County,USA,40.61106628015158,-77.61621437187947,804919.11,m^2,48.76463214048925
1054398,Milam County,USA,30.786828588457652,-96.97833501450708,527552.638,m^2,55.0400509399026
1054500,Millard County,USA,39.07279126787625,-113.1017280636062,200895.707,m^2,49.880722264513096
1053072,Mille Lacs County,USA,45.937074914836394,-93.62955894328522,145992.702,m^2,46.64073023321399
1051861,Miller County,USA,33.311821509642776,-93.89198521738902,474657.556,m^2,56.19040415107182
1052191,Miller County,USA,31.163947327181365,-84.73083449808149,136797.858,m^2,55.286717113655385
1053259,Miller County,USA,38.21846414247625,-92.42870588612108,201171.185,m^2,51.60329069990814
1052560,Mills County,USA,41.03296455043469,-95.62024678180644,147432.877,m^2,49.36783598816971
1054399,Mills County,USA,31.495864698440943,-98.59377124467105,22124.491,m^2,57.86515753062974
1054799,Milwaukee County,USA,43.00963963510161,-87.9676772355339,21569310.934,m^2,47.59204643486642
34157188,Milwaukee Urban Area,USA,,,36784276.369,m^2,47.8131987919493
1051989,Mineral County,USA,37.668416099973896,-106.9226016853926,9251.962,m^2,40.71725856634517
1053338,Mineral County,USA,47.14761486733444,-114.99971995307352,6670.097,m^2,40.67866644218218
1053467,Mineral County,USA,38.53826780337831,-118.43451256599258,7159.352,m^2,44.790827158659056
1054730,Mineral County,USA,39.415855589181106,-78.94313276078772,189287.099,m^2,49.010828091353446
1054120,Miner County,USA,44.02310854357909,-97.60937617004588,13603.598,m^2,45.91957708541519
1054731,Mingo County,USA,37.72801421378826,-82.1347686433889,32661.779,m^2,51.576133559656995
1052289,Minidoka County,USA,42.85404736564417,-113.63706635729366,218309.782,m^2,44.72638152329793
34157157,Minneapolis [Saint Paul] Urban Area,USA,,,56644862.167,m^2,47.54402052101651
1054121,Minnehaha County,USA,43.67499294874207,-96.79205914064572,4394122.088,m^2,46.57366437607274
1052997,Missaukee County,USA,44.3373145049589,-85.09543446664301,59509.575,m^2,46.12474913490812
1051862,Mississippi County,USA,35.76375611964681,-90.05272181918532,2347599.733,m^2,53.56096452197033
1053260,Mississippi County,USA,36.82669765351548,-89.29338617149844,122069.456,m^2,53.06344032531774
1053339,Missoula County,USA,47.03583552549382,-113.92400341082622,2016079.231,m^2,40.09386830095271
1052192,Mitchell County,USA,31.22537624289475,-84.1941946084733,290792.779,m^2,55.422034348383875
1052561,Mitchell County,USA,43.35788951792135,-92.78936336497812,235957.194,m^2,47.957757859249675
1052656,Mitchell County,USA,39.39325779067296,-98.20831418828992,111289.216,m^2,49.579798127071
1053660,Mitchell County,USA,36.01399896716342,-82.1645106288358,126685.549,m^2,49.53864410375646
1054400,Mitchell County,USA,32.30717722611431,-100.9213325517536,27691.58,m^2,57.71756844499303
1051756,Mobile County,USA,30.642889562953822,-88.1944268989776,9669328.874,m^2,54.42883017829186
34157123,Mobile Urban Area,USA,,,7372735.529,m^2,54.32072598368664
34157027,Modesto Urban Area,USA,,,8261022.611,m^2,48.476293398805225
1051915,Modoc County,USA,41.59084492310163,-120.72496138963616,26338.165,m^2,43.51353065029397
1051990,Moffat County,USA,40.61807414647421,-108.20651548959124,153288.465,m^2,46.08797759179075
1051809,Mohave County,USA,35.70653350903156,-113.75759938643588,2058407.905,m^2,54.90722608743577
1053261,Moniteau County,USA,38.63513547662254,-92.5827731283777,164933.063,m^2,51.00274186989421
1053495,Monmouth County,USA,40.28275281977054,-74.10176851293726,4906711.174,m^2,50.96605395791735
1051916,Mono County,USA,37.93952823193931,-118.88765286895818,39212.747,m^2,41.064148068993994
1052562,Monona County,USA,42.05128655060215,-95.95975561125718,120820.709,m^2,48.47231343428054
1054732,Monongalia County,USA,39.6308004796044,-80.04644862151108,1027997.453,m^2,50.14953003195816
1051757,Monroe County,USA,31.57116378617475,-87.36547212599378,360937.455,m^2,56.33739604829872
1051863,Monroe County,USA,34.67835479048246,-91.20373272671078,40259.659,m^2,54.134534447994206
1052068,Monroe County,USA,24.940454795037297,-81.28082715066456,604127.259,m^2,32.8341630268996
1052193,Monroe County,USA,33.014176686960695,-83.91890773113902,483209.213,m^2,55.55753351499116
1052367,Monroe County,USA,38.27941717317583,-90.17699886172409,170006.214,m^2,52.38380082389224
1052456,Monroe County,USA,39.1620634055658,-86.52344281906454,2047577.079,m^2,51.05089607422784
1052563,Monroe County,USA,41.02853634542971,-92.86984919329146,276952.91,m^2,49.911938596348385
1052785,Monroe County,USA,36.71283004673933,-85.7162698259465,88351.831,m^2,52.56489507274614
1052998,Monroe County,USA,41.92891387754712,-83.54102361633822,2236953.544,m^2,48.20316835600766
1053159,Monroe County,USA,33.894018950722625,-88.48082593268896,506629.255,m^2,54.89082755199361
1053262,Monroe County,USA,39.496569828852806,-92.00229414025632,71989.68,m^2,50.20680075255232
1053565,Monroe County,USA,43.14630996180412,-77.69731239586943,8892513.442,m^2,47.4910799199217
1053809,Monroe County,USA,39.726994208142465,-81.0824046867196,397003.096,m^2,50.45350510314408
1053999,Monroe County,USA,41.05825961238585,-75.3378997543458,1064696.293,m^2,48.29165874065835
1054200,Monroe County,USA,35.44322567588908,-84.25311359508677,400165.046,m^2,54.028543360081486
1054733,Monroe County,USA,37.561303629718104,-80.55116593491012,3511.87,m^2,49.21422603911876
1054800,Monroe County,USA,43.94568913417034,-90.617933104723,898063.324,m^2,48.13339384628962
1054401,Montague County,USA,33.67511727640209,-97.72414951965764,259562.768,m^2,55.98414066843362
1052999,Montcalm County,USA,43.31094277393214,-85.1539799879859,313947.329,m^2,47.66135383492942
1051917,Monterey County,USA,36.233635380025405,-121.38395763053244,7036894.347,m^2,38.68674982651405
34157006,Monterey Urban Area,USA,,,1546857.196,m^2,36.36221561269448
1051991,Montezuma County,USA,37.337915451711346,-108.59502043726296,81910.704,m^2,47.93308470404552
1051758,Montgomery County,USA,32.22136493147731,-86.20793900467594,6130130.925,m^2,56.1494403356483
1051864,Montgomery County,USA,34.538796383328766,-93.65960861680269,12232.131,m^2,54.56139580257928
1052194,Montgomery County,USA,32.173324627033054,-82.53500448832945,10190.319,m^2,54.95422979398388
1052368,Montgomery County,USA,39.23012769449468,-89.48016693509528,344099.593,m^2,50.96050010439855
1052457,Montgomery County,USA,40.04088755452916,-86.89285567304601,1125164.167,m^2,50.2335544676122
1052564,Montgomery County,USA,41.03063580111587,-95.15701159460056,153895.224,m^2,49.5468851521994
1052657,Montgomery County,USA,37.193094930186746,-95.74338791539604,844247.997,m^2,52.86801224356355
1052786,Montgomery County,USA,38.033726692986455,-83.91341589058122,262473.455,m^2,51.935057859470014
1052914,Montgomery County,USA,39.1373312021656,-77.20247382970344,10548128.713,m^2,52.00966875118563
1053160,Montgomery County,USA,33.49508411991139,-89.61544646938778,52003.58,m^2,55.222940343722485
1053263,Montgomery County,USA,38.94275077106288,-91.46976003399192,112020.622,m^2,50.89041688234868
1053566,Montgomery County,USA,42.90096994892498,-74.44033520075277,380644.604,m^2,48.16047849978192
1053661,Montgomery County,USA,35.33268382678012,-79.90750731152247,252202.172,m^2,55.365918387094624
1053810,Montgomery County,USA,39.754396415778544,-84.29062742921056,8203624.145,m^2,50.07097293156158
1054000,Montgomery County,USA,40.21101320919527,-75.3668151449746,9029030.69,m^2,50.58484906213116
1054201,Montgomery County,USA,36.49722331546205,-87.38306839797742,2013276.755,m^2,52.4793610821777
1054402,Montgomery County,USA,30.301096820373996,-95.50535869596602,4816838.622,m^2,53.558915874138656
1054612,Montgomery County,USA,37.17398666123005,-80.38907024585889,1355590.954,m^2,50.3276048609572
34157134,Montgomery Urban Area,USA,,,6808640.337,m^2,56.140673827899974
1053000,Montmorency County,USA,45.02755327034405,-84.1278970225865,11611.462,m^2,45.51498450410465
1054001,Montour County,USA,41.02808790637051,-76.66002671569386,500818.929,m^2,48.71614065130513
1051992,Montrose County,USA,38.40100091324069,-108.26853940463552,389804.436,m^2,47.41075253438111
1054122,Moody County,USA,44.022863249398945,-96.67079094946747,69344.78,m^2,46.01869174579543
1053662,Moore County,USA,35.309692595361504,-79.48275714275682,532328.809,m^2,55.074307261473045
1054202,Moore County,USA,35.28402183069962,-86.3582657536962,15477.985,m^2,53.47477394505809
1054403,Moore County,USA,35.837531288332194,-101.89313585568414,812201.341,m^2,49.75858384602199
1053522,Mora County,USA,36.00989954532732,-104.94274634660556,2172.286,m^2,46.641131508466195
1052853,Morehouse Parish,USA,32.82134350712011,-91.80179693016188,198021.696,m^2,55.35023269369433
1051759,Morgan County,USA,34.45372467423811,-86.85265918228097,5135038.79,m^2,55.23642252739439
1051993,Morgan County,USA,40.262426376628014,-103.80867532476498,419753.722,m^2,45.81651962576285
1052195,Morgan County,USA,33.59081403770619,-83.49220851172366,198863.967,m^2,54.60767364657872
1052369,Morgan County,USA,39.715317393600095,-90.20125126334814,552281.096,m^2,50.20953618879614
1052458,Morgan County,USA,39.481414723196025,-86.4448609132849,536728.716,m^2,50.53958912457369
1052787,Morgan County,USA,37.923042102084736,-83.25787421950045,17783.554,m^2,52.093876960702005
1053264,Morgan County,USA,38.42881151052921,-92.88701582073976,106069.744,m^2,51.20268819541979
1053811,Morgan County,USA,39.62027585856853,-81.85288167948677,37537.015,m^2,50.76947362490065
1054203,Morgan County,USA,36.135013377884626,-84.64889363712665,20060.551,m^2,53.14639468277815
1054501,Morgan County,USA,41.09090406870949,-111.57047834284144,58177.099,m^2,44.50773207168683
1054734,Morgan County,USA,39.56121924308908,-78.25781643702648,34061.893,m^2,50.06251276169531
1053424,Morrill County,USA,41.715229556904866,-103.01002067547284,62984.245,m^2,44.54107304136137
1052658,Morris County,USA,38.68903445951311,-96.65015432650507,30065.924,m^2,49.816417915511266
1053496,Morris County,USA,40.86193728273518,-74.54387654170293,5154257.508,m^2,49.83875587847327
1054404,Morris County,USA,33.11748033398757,-94.73726960309791,430301.77,m^2,56.744447397927274
1053073,Morrison County,USA,46.01258249667286,-94.26710338352984,172872.656,m^2,46.028590374639705
1053812,Morrow County,USA,40.52383528486081,-82.79406144694426,301768.86,m^2,49.1685879947984
1053943,Morrow County,USA,45.41961718211693,-119.5857781099228,417815.433,m^2,45.709869817087394
1052659,Morton County,USA,37.19090741276369,-101.7996343057086,28910.518,m^2,49.04425296011645
1053729,Morton County,USA,46.7159266733816,-101.28064189461878,781162.261,m^2,42.848910832112
1054405,Motley County,USA,34.07481152386985,-100.77921644410024,1053.492,m^2,53.198658366651095
1052370,Moultrie County,USA,39.64031218552643,-88.6205746265653,120363.481,m^2,50.83804367539021
1053730,Mountrail County,USA,48.202111710741335,-102.3563689272488,698180.841,m^2,42.75643934205293
1053074,Mower County,USA,43.674409679920224,-92.75360522261118,557831.864,m^2,47.96367008177934
1052788,Muhlenberg County,USA,37.21586850785805,-87.14267948450428,114285.755,m^2,52.73433117714452
1053944,Multnomah County,USA,45.61352384489241,-122.4978628421088,18777224.63,m^2,41.10880461752244
34157191,Muncie Urban Area,USA,,,1674148.118,m^2,49.57935378630579
34157152,Murfreesboro Urban Area,USA,,,4276657.199,m^2,52.792062608102434
1052196,Murray County,USA,34.78951815638087,-84.74878865799272,732017.527,m^2,54.00127748034099
1053075,Murray County,USA,44.02433628665138,-95.76353422886984,48121.305,m^2,46.26475591216822
1053891,Murray County,USA,34.4837613127339,-97.06971580653835,146558.84,m^2,54.23047460664946
1052565,Muscatine County,USA,41.48379826475475,-91.11367566500589,1450367.825,m^2,50.53348964494576
1052197,Muscogee County,USA,32.50987637871527,-84.87789870624714,3227299.879,m^2,56.073057972249245
1053001,Muskegon County,USA,43.29100622232685,-86.14965357028433,2360770.186,m^2,47.05740196093784
1053813,Muskingum County,USA,39.96555492890731,-81.94458616539612,968002.231,m^2,50.11317638791681
1053892,Muskogee County,USA,35.615824423407304,-95.37995923529866,1225735.13,m^2,54.7980910182447
1053340,Musselshell County,USA,46.496248499445386,-108.39810002473426,9339.782,m^2,41.3939079091996
1054406,Nacogdoches County,USA,31.61778249058363,-94.61769504761408,791696.729,m^2,57.55876643390805
34157061,Nampa Urban Area,USA,,,3819446.393,m^2,46.83425810343609
1053425,Nance County,USA,41.396853119806416,-97.99243793064042,52339.259,m^2,47.70985810097159
1052932,Nantucket County,USA,41.28423872879999,-70.08452454966908,13744.248,m^2,46.05418295711777
1051918,Napa County,USA,38.50738877786608,-122.3299177217434,2412328.72,m^2,43.3653284731444
34157019,Napa Urban Area,USA,,,772242.814,m^2,43.370961961453744
34157142,Naples Urban Area,USA,,,3857513.344,m^2,38.185573854232665
1053663,Nash County,USA,35.96855443270299,-77.98985389906093,1252197.623,m^2,55.03516207521184
34157259,Nashua Urban Area,USA,,,1573210.992,m^2,48.03651814365151
34157150,Nashville Urban Area,USA,,,22537888.82,m^2,52.608077409710106
1052069,Nassau County,USA,30.61782482979531,-81.70489230032952,646774.253,m^2,50.74005055516643
1053567,Nassau County,USA,40.66405181370005,-73.5886864115527,16583599.556,m^2,50.48100067286743
1052854,Natchitoches Parish,USA,31.72336512233424,-93.09622215875775,505536.865,m^2,56.25374679846543
1054843,Natrona County,USA,42.96251669307708,-106.79559755956028,997992.403,m^2,44.50584188364809
1051810,Navajo County,USA,35.398985347855344,-110.32021706364296,1522357.53,m^2,51.6562718443676
34157129,Navarre Urban Area,USA,,,1698212.741,m^2,53.62647244618688
1054407,Navarro County,USA,32.04914684443548,-96.4724601132637,964834.707,m^2,57.34535996019057
1052789,Nelson County,USA,37.80491169573934,-85.46634608440256,339135.888,m^2,52.322861082752766
1053731,Nelson County,USA,47.921942486293695,-98.1931173015268,48758.539,m^2,43.672702888000806
1054613,Nelson County,USA,37.79006961755816,-78.88759978892472,14570.519,m^2,51.9694835853136
1052660,Nemaha County,USA,39.78387362006407,-96.01337471360074,177426.766,m^2,49.363020250281735
1053426,Nemaha County,USA,40.388204306071735,-95.84992274471824,82969.654,m^2,49.49341631580144
1052661,Neosho County,USA,37.55857820161247,-95.30679508013944,366801.342,m^2,51.78934620964391
1053161,Neshoba County,USA,32.750781634891425,-89.11803115862772,200386.898,m^2,55.0048076346788
1052662,Ness County,USA,38.4790356918211,-99.9158570999692,28299.935,m^2,48.4983114978886
1051865,Nevada County,USA,33.66452277532097,-93.30787238683628,79632.887,m^2,55.458891487884905
1051919,Nevada County,USA,39.30191222510277,-120.765688420406,370049.809,m^2,43.93935497477854
1053002,Newaygo County,USA,43.55299127317176,-85.80192822693988,240333.732,m^2,47.227564139852
34157256,New Bedford Urban Area,USA,,,1763628.095,m^2,49.31751057980282
1054062,Newberry County,USA,34.28951568384541,-81.60003224981573,637300.638,m^2,54.98316508511011
1052022,New Castle County,USA,39.576425542517285,-75.6370479007669,10374961.824,m^2,51.43083185122282
1053664,New Hanover County,USA,34.1363277682018,-77.81183675345567,3665300.057,m^2,56.66617474368484
1052017,New Haven County,USA,41.33951974938914,-72.88486114399649,8853675.197,m^2,49.33859454986735
1054614,New Kent County,USA,37.50460045938872,-77.0003449603746,59857.486,m^2,53.93688740953805
1052018,New London County,USA,41.468592224707805,-72.10475732383128,1534378.074,m^2,49.05448409907349
1053265,New Madrid County,USA,36.59389881613281,-89.6539389930643,490976.001,m^2,53.118472171514554
34157112,New Orleans Urban Area,USA,,,20540755.793,m^2,52.83009000159626
1054024,Newport County,USA,41.484081936324024,-71.24979018000766,585507.729,m^2,48.71634914489745
1054615,Newport News Independent City,USA,37.076011472388046,-76.51546864379083,5540406.397,m^2,54.68156737564318
1051866,Newton County,USA,35.91998020237757,-93.217981510804,1493.767,m^2,52.26220287367441
1052198,Newton County,USA,33.55501891233431,-83.85042216399937,1280068.476,m^2,54.37452567420307
1052459,Newton County,USA,40.956178270224434,-87.39725981903614,171616.449,m^2,48.93575045944459
1053162,Newton County,USA,32.40000118414891,-89.11890785394019,86661.44,m^2,55.048315594571235
1053266,Newton County,USA,36.90553424990002,-94.34000725058536,719029.105,m^2,52.62215572483676
1054408,Newton County,USA,30.787326622523207,-93.74674545826538,44004.04,m^2,53.34069794500686
1053568,New York County,USA,40.77875538093599,-73.97007852815024,7870242.108,m^2,51.14741150679732
34157244,New York Urban Area,USA,,,170032906.187,m^2,50.61037214708816
1052290,Nez Perce County,USA,46.32740161120514,-116.75000243380588,836678.778,m^2,43.184322288380066
1053569,Niagara County,USA,43.201908474128714,-78.74225109677987,3044356.611,m^2,47.301770427511855
1052790,Nicholas County,USA,38.3353610921246,-84.01531653600121,15240.742,m^2,51.771515258246616
1054735,Nicholas County,USA,38.29151889612844,-80.79950246711715,119949.929,m^2,49.511331298912225
1053076,Nicollet County,USA,44.35075022211201,-94.24703823372988,692243.132,m^2,48.24932240714523
1054844,Niobrara County,USA,43.057207147375735,-104.4761248032202,8870.916,m^2,43.35606717502455
1052460,Noble County,USA,41.39931361400546,-85.41859530839803,846166.199,m^2,48.262568290086
1053814,Noble County,USA,39.765819521704394,-81.45558602763315,47423.982,m^2,50.54593013720357
1053893,Noble County,USA,36.38803058698051,-97.23193057464758,216497.489,m^2,52.99909013263429
1053077,Nobles County,USA,43.677685860797126,-95.75365663887604,489465.671,m^2,46.52131019623642
1053267,Nodaway County,USA,40.360918010613695,-94.88501703386052,422610.815,m^2,49.541767216723976
1054409,Nolan County,USA,32.30333503747925,-100.40897192189314,229737.483,m^2,57.54417820012418
1051790,Nome Census Area,USA,64.80982621472826,-164.44248996888118,5145.689,m^2,38.58882007832187
1052933,Norfolk County,USA,42.18437527691783,-71.14160332340634,6954317.933,m^2,48.850148855280985
1054616,Norfolk Independent City,USA,36.92431560821481,-76.25962806244893,6134703.087,m^2,54.792399135061835
1053078,Norman County,USA,47.32766122180916,-96.45610921385884,25911.928,m^2,45.40962474888013
1053665,Northampton County,USA,36.41885268464233,-77.39668087079062,185251.651,m^2,54.89263423082799
1054002,Northampton County,USA,40.754368007983416,-75.30783378542904,5747043.713,m^2,49.161868286280075
1054617,Northampton County,USA,37.27632502878804,-75.8626509189613,72221.441,m^2,53.17747584128098
1051791,North Slope Borough,USA,69.35684861586046,-153.50639318376318,459133.385,m^2,38.24993040312239
1054003,Northumberland County,USA,40.85216872774029,-76.70832714488334,1017827.37,m^2,48.83730342896949
1054618,Northumberland County,USA,37.86961551927796,-76.33290180734603,26226.401,m^2,54.015355214007435
1051792,Northwest Arctic Borough,USA,67.03323330070394,-159.90849220167829,432.878,m^2,38.774941207453374
1052663,Norton County,USA,39.7849580565985,-99.9036346203872,37473.322,m^2,48.353683054840985
1054619,Norton Independent City,USA,36.931296026832115,-82.62590631564481,76951.005,m^2,50.36644976891464
1054620,Nottoway County,USA,37.1418212239502,-78.05482705762928,96067.421,m^2,54.20024498211521
1053894,Nowata County,USA,36.7996466961674,-95.61735261535996,39857.104,m^2,53.33549710485739
1053163,Noxubee County,USA,33.11095351123861,-88.56962828852997,36415.738,m^2,55.49600271728669
1053427,Nuckolls County,USA,40.17718300487114,-98.04802054907591,61821.078,m^2,48.499040294962185
1054410,Nueces County,USA,27.72468039367165,-97.4485472034878,7600497.67,m^2,46.49986218639285
34157072,Nuevo Laredo Urban Area,USA,,,5408415.079,m^2,48.78073867784215
1053468,Nye County,USA,38.046445842877176,-116.47283170775984,132596.347,m^2,51.56221977970478
1053003,Oakland County,USA,42.66042435731294,-83.3856537000124,19971216.851,m^2,48.03745546526188
1054204,Obion County,USA,36.35931128470685,-89.14916547458182,733374.449,m^2,53.312129388080166
1052566,O'Brien County,USA,43.08410918492644,-95.62426622239806,313084.037,m^2,46.90587111280924
1053004,Oceana County,USA,43.640118606648805,-86.26667983113524,107531.282,m^2,46.37293914156068
1053497,Ocean County,USA,39.83572371043376,-74.17885236404662,4018025.249,m^2,51.41533450503213
1054411,Ochiltree County,USA,36.279553956133824,-100.8158433986552,168937.612,m^2,50.14702152295132
1052199,Oconee County,USA,33.835271688987824,-83.43712435251837,156135.422,m^2,54.24337966691505
1054063,Oconee County,USA,34.75453024750071,-83.0655218778297,652243.53,m^2,53.864455980115274
1054801,Oconto County,USA,45.02636099684798,-88.26894482150131,315842.87,m^2,45.84628836167807
34157071,Odessa Urban Area,USA,,,7005560.802,m^2,57.68072623788213
34157069,Ogden Urban Area,USA,,,8506466.541,m^2,47.10904207952024
1053005,Ogemaw County,USA,44.334252726544655,-84.12781002584354,141573.291,m^2,46.320203067116665
1052371,Ogle County,USA,42.043819472592496,-89.32045616429335,1240775.331,m^2,50.16152253675005
1052200,Oglethorpe County,USA,33.88087281971993,-83.08059787153694,63068.848,m^2,54.424612607479375
1052461,Ohio County,USA,38.95048822567512,-84.96575861784457,33627.198,m^2,51.397175405456025
1052791,Ohio County,USA,37.47829076461716,-86.84897095486,120032.973,m^2,52.81105235142348
1054736,Ohio County,USA,40.099402162033954,-80.61852667635658,405527.634,m^2,50.06954895705085
1052070,Okaloosa County,USA,30.600283998292745,-86.59894170039972,1986129.045,m^2,53.914471566473665
1054686,Okanogan County,USA,48.548856372233374,-119.73986547777052,415281.705,m^2,42.83104640499393
1052071,Okeechobee County,USA,27.386587241621893,-80.88818946248,271863.182,m^2,40.113523838619685
1053895,Okfuskee County,USA,35.464764624101456,-96.32349374190268,55633.759,m^2,54.09586314309627
34157102,Oklahoma City Urban Area,USA,,,26560702.402,m^2,53.304038473711145
1053896,Oklahoma County,USA,35.55073970998627,-97.40905041829453,21196118.147,m^2,53.279734190377646
1053897,Okmulgee County,USA,35.6453277755164,-95.96474424106128,361295.204,m^2,54.4144977911193
1053164,Oktibbeha County,USA,33.426352737878,-88.88191818447467,932483.39,m^2,54.9764774877116
1052792,Oldham County,USA,38.399277831896576,-85.44815038897511,338778.654,m^2,52.0966716102485
1054412,Oldham County,USA,35.40501019247709,-102.60188187382634,18245.753,m^2,50.67501527615769
1053732,Oliver County,USA,47.11572063231179,-101.33989906254143,12129.935,m^2,42.673787369841634
1053079,Olmsted County,USA,44.00644240898769,-92.40299542947,3638522.746,m^2,47.826154987571435
34157056,Olympia Urban Area,USA,,,3415451.391,m^2,39.79127868255467
34157122,Omaha Urban Area,USA,,,21937901.306,m^2,49.067324464879235
1052291,Oneida County,USA,42.19566347669727,-112.5412288308728,15279.47,m^2,46.38242870989635
1053570,Oneida County,USA,43.24169425200097,-75.43624382237978,2099167.393,m^2,48.09967077789875
1054802,Oneida County,USA,45.705749334134296,-89.52173222159979,540107.318,m^2,45.06949030636907
1053571,Onondaga County,USA,43.006995601577366,-76.19451234510349,6196508.494,m^2,48.15473171672861
1053666,Onslow County,USA,34.66162864361535,-77.38923851368514,1025146.746,m^2,55.53326902234541
1053572,Ontario County,USA,42.851904582611,-77.29976186249169,841113.437,m^2,47.80192414640975
1053006,Ontonagon County,USA,46.664678553641686,-89.31552845612944,12473.061,m^2,44.433489341549766
1054064,Orangeburg County,USA,33.43915566021248,-80.80074804280599,1029770.713,m^2,54.20939444604306
1051920,Orange County,USA,33.63466037581218,-117.80580588124788,57717125.739,m^2,45.09603680729123
1052072,Orange County,USA,28.514325516339543,-81.32363379683753,25684605.223,m^2,46.11553503564628
1052462,Orange County,USA,38.542740225348446,-86.49561316172665,144705.929,m^2,51.91959589299206
1053573,Orange County,USA,41.40195181749151,-74.30576635909466,3147685.686,m^2,49.05346248030688
1053667,Orange County,USA,36.06074427346584,-79.12244368135092,1494904.653,m^2,54.8887870456043
1054413,Orange County,USA,30.1215884633359,-93.89570323885845,2038532.601,m^2,52.17286054136546
1054524,Orange County,USA,44.005204137457305,-72.37708960568749,65166.699,m^2,46.79494536005269
1054621,Orange County,USA,38.247730505917865,-78.01449244488066,221137.226,m^2,53.11627408675191
1053268,Oregon County,USA,36.686632691643794,-91.4032231888726,19181.643,m^2,52.800916636807386
34157162,Orlando Urban Area,USA,,,36093252.469,m^2,46.20631223463155
1053574,Orleans County,USA,43.25285161262551,-78.23221741335682,145292.916,m^2,47.05884639964139
1054525,Orleans County,USA,44.82874803578535,-72.24380168157084,124362.604,m^2,46.490515597437955
1052855,Orleans Parish,USA,30.065198209592673,-89.89004359370949,5988155.767,m^2,52.87948245268149
1052664,Osage County,USA,38.65331923354022,-95.72776651766829,140834.393,m^2,50.68563626357945
1053269,Osage County,USA,38.463798909144174,-91.85987490519987,152724.426,m^2,51.36441028103782
1053898,Osage County,USA,36.629669523580375,-96.39848671082132,322216.01,m^2,53.11201681753803
1052665,Osborne County,USA,39.35058747268179,-98.76852630894273,74135.255,m^2,49.13120375724073
1052073,Osceola County,USA,28.062701620007942,-81.14956960495732,2618566.015,m^2,45.04787821513066
1052567,Osceola County,USA,43.38094561953396,-95.6228773880746,196957.384,m^2,46.6455321218117
1053007,Osceola County,USA,43.989424039321925,-85.32566266130095,134309.277,m^2,46.61605201701741
1053008,Oscoda County,USA,44.68077200845993,-84.13098880114333,30371.537,m^2,45.57931849152053
34157193,Oshkosh Urban Area,USA,,,3539930.555,m^2,47.95122751327532
1053575,Oswego County,USA,43.426895275728015,-76.14205765075472,928921.598,m^2,47.09799434332885
1051994,Otero County,USA,37.90266190100245,-103.71605190846412,127507.747,m^2,48.97973032964028
1053523,Otero County,USA,32.614762563026595,-105.73893840614704,344042.055,m^2,53.38518373284336
1053428,Otoe County,USA,40.648488688009614,-96.13483441528211,337071.428,m^2,49.48941176942473
1053009,Otsego County,USA,45.02069239942087,-84.60111942149258,421898.148,m^2,45.25630418742677
1053576,Otsego County,USA,42.6326852308779,-75.03147081632542,184317.847,m^2,47.475524250237136
1052666,Ottawa County,USA,39.1333308142834,-97.65042664201948,29066.609,m^2,50.01961539442045
1053010,Ottawa County,USA,42.95935172430207,-85.99683847150413,4487371.432,m^2,47.04844896088824
1053815,Ottawa County,USA,41.538982149915135,-83.14191140157995,534098.039,m^2,49.19444024208447
1053899,Ottawa County,USA,36.836849963198816,-94.81193527958573,426420.683,m^2,53.13647440970869
1053080,Otter Tail County,USA,46.409550365855736,-95.70822855386616,706000.261,m^2,45.644217913398194
1051867,Ouachita County,USA,33.5924231495056,-92.88314638412643,208905.233,m^2,55.04309904481904
1052856,Ouachita Parish,USA,32.479552105901476,-92.15466335987271,3291700.173,m^2,55.62013482872579
1051995,Ouray County,USA,38.15264522985938,-107.76677787780768,21190.286,m^2,41.257392042750155
1054803,Outagamie County,USA,44.41598774295938,-88.4654342209336,6160564.163,m^2,47.33653901528239
1054205,Overton County,USA,36.34563975851387,-85.28734725527704,92417.035,m^2,52.672099618863555
1052463,Owen County,USA,39.31297025823934,-86.83705779743033,52740.396,m^2,51.09884186307588
1052793,Owen County,USA,38.519608605370834,-84.82808856253337,24511.626,m^2,51.64460484995977
34157161,Owensboro Urban Area,USA,,,2018699.458,m^2,52.90378600775351
1052794,Owsley County,USA,37.41978891798,-83.68307031682157,0.0,m^2,0.0
1052292,Owyhee County,USA,42.582055712656,-116.170417008492,21246.71,m^2,46.61328469207704
1052892,Oxford County,USA,44.50063472954607,-70.75677904106117,338475.223,m^2,45.96736597762726
34157010,Oxnard Urban Area,USA,,,6624469.542,m^2,42.78010277551065
1053270,Ozark County,USA,36.64798585456686,-92.4474059120921,9025.586,m^2,52.6989490765475
1054804,Ozaukee County,USA,43.38516326167339,-87.95059942107778,1747260.318,m^2,47.33353177199552
1054687,Pacific County,USA,46.53864208725045,-123.8532379453454,115078.56,m^2,37.98806257221154
1052568,Page County,USA,40.73986253801413,-95.15091659909076,284652.226,m^2,49.454074288532
1054622,Page County,USA,38.6208298053351,-78.48429587634485,114259.64,m^2,50.35519992886377
34157168,Palm Bay Urban Area,USA,,,6840562.077,m^2,40.53250153993157
1052074,Palm Beach County,USA,26.649325956224,-80.36443683835057,16738601.879,m^2,35.15283887486503
34157170,Palm Coast Urban Area,USA,,,543817.928,m^2,47.12466353076908
34157024,Palmdale Urban Area,USA,,,3589155.374,m^2,48.64584740849951
1052569,Palo Alto County,USA,43.081725057735866,-94.67951887120051,155347.819,m^2,47.984301150697206
1054414,Palo Pinto County,USA,32.75404130609252,-98.31428447425006,408874.299,m^2,57.09623422919032
1053668,Pamlico County,USA,35.14994109929273,-76.67521200915495,8548.879,m^2,56.95089660293472
34157130,Panama City Urban Area,USA,,,2401506.899,m^2,51.538959441898314
1053165,Panola County,USA,34.36677761993266,-89.95144453475213,269566.601,m^2,54.63180984724439
1054415,Panola County,USA,32.16129505670833,-94.30590902309034,275459.612,m^2,56.934673631937
1051996,Park County,USA,39.11844251225039,-105.71629933467317,100770.152,m^2,41.169403148265566
1053341,Park County,USA,45.48768394581638,-110.52374882760915,93872.675,m^2,41.77119628262431
1054845,Park County,USA,44.52033022194643,-109.58738399556223,426174.069,m^2,41.683031744946454
1052464,Parke County,USA,39.77438416317007,-87.20523799491635,58997.699,m^2,50.53194971214047
1054416,Parker County,USA,32.77626273559848,-97.8043618005489,1244624.47,m^2,56.961387660970544
1054417,Parmer County,USA,34.5284407144401,-102.7845221034182,121640.056,m^2,50.80538349143805
1052075,Pasco County,USA,28.306749283706495,-82.53392417973252,3558613.716,m^2,44.794270300058606
1053669,Pasquotank County,USA,36.25910010248002,-76.24025048020754,285305.461,m^2,55.925045682879514
1053498,Passaic County,USA,41.033833849241205,-74.30096374502406,4603334.487,m^2,50.211326734945565
1054623,Patrick County,USA,36.67797935851969,-80.28508331655254,8973.671,m^2,51.57775764232943
1052201,Paulding County,USA,33.91944157874564,-84.8663722399905,527913.826,m^2,53.88600091333846
1053816,Paulding County,USA,41.116655492576065,-84.58045947750752,252391.316,m^2,48.90687211678867
1052667,Pawnee County,USA,38.18136761194558,-99.2371172550642,73477.285,m^2,49.08702147881484
1053429,Pawnee County,USA,40.13170660929354,-96.23619803243064,9236.561,m^2,49.24747717251042
1053900,Pawnee County,USA,36.31709422320914,-96.70220170255698,45077.644,m^2,53.33204885330742
1052293,Payette County,USA,44.00800001400695,-116.75865001389926,282389.692,m^2,47.23405106798303
1053901,Payne County,USA,36.07760199734416,-96.97724587252816,1937945.023,m^2,53.30699236610904
1052202,Peach County,USA,32.568632719342006,-83.82725176012693,351267.386,m^2,55.53277696267538
1053166,Pearl River County,USA,30.768698215977093,-89.58977116895012,265386.704,m^2,54.89457399493533
1054418,Pecos County,USA,30.782487571717528,-102.72606145316227,129591.523,m^2,62.77101309319438
1053733,Pembina County,USA,48.76712981281216,-97.55321612860251,380481.271,m^2,44.46337277663268
1053271,Pemiscot County,USA,36.21134120969079,-89.78666866831041,95380.003,m^2,53.33118906486091
1053670,Pender County,USA,34.4943353391292,-77.85993144560778,241291.818,m^2,54.70635988991554
1052795,Pendleton County,USA,38.695471951225606,-84.36009003751337,160185.617,m^2,51.55041492895083
1054737,Pendleton County,USA,38.68054472979461,-79.3495091332056,72378.497,m^2,47.88775390016733
1054688,Pend Oreille County,USA,48.53343509707522,-117.27533194175962,46729.462,m^2,42.4788895279813
1053081,Pennington County,USA,48.06707509431494,-96.0366089138954,271226.985,m^2,45.16567676700754
1054123,Pennington County,USA,44.00293584324295,-102.82630866690852,1307319.727,m^2,42.38015052686496
1052893,Penobscot County,USA,45.40052444857117,-68.6494433050148,1728631.531,m^2,45.62012549104659
34157125,Pensacola Urban Area,USA,,,5229102.697,m^2,53.91716807871291
1052372,Peoria County,USA,40.7878835366414,-89.75936269108117,5271379.656,m^2,49.942866788079435
34157155,Peoria Urban Area,USA,,,8404518.635,m^2,49.974656888960546
1054805,Pepin County,USA,44.58359033036445,-91.99994570755666,75999.012,m^2,48.00262041564435
1053430,Perkins County,USA,40.851024759952224,-101.64775717379509,109194.301,m^2,46.82624832224531
1054124,Perkins County,USA,45.49013836868415,-102.47685626908466,43912.022,m^2,43.09588371949714
1053671,Perquimans County,USA,36.177989173764594,-76.40549876511741,7812.911,m^2,55.407324619466415
1051760,Perry County,USA,32.63954099108649,-87.29444929551835,45338.516,m^2,55.702076089124745
1051868,Perry County,USA,34.946510140128844,-92.931729701627,2605.661,m^2,54.958667685474055
1052373,Perry County,USA,38.084555872607766,-89.3691964889724,149187.713,m^2,53.00706837030206
1052465,Perry County,USA,38.07828285767455,-86.63790303980116,140825.955,m^2,52.88070732415769
1052796,Perry County,USA,37.244458883620005,-83.22176176704511,179798.135,m^2,52.04887942803188
1053167,Perry County,USA,31.17258588866476,-88.99202419015485,233714.824,m^2,56.08682204086465
1053272,Perry County,USA,37.70705806887702,-89.8254520068663,247463.122,m^2,52.54308873141914
1053817,Perry County,USA,39.73703446722883,-82.23618369616291,39085.634,m^2,50.272967044617985
1054004,Perry County,USA,40.39924589016517,-77.26289168603705,55773.555,m^2,49.76744960940718
1054206,Perry County,USA,35.64337669294026,-87.85922639340878,32901.006,m^2,53.324493846783895
1053469,Pershing County,USA,40.439686697329265,-118.40344832431695,6725.623,m^2,46.81734956003333
1053672,Person County,USA,36.39119360394471,-78.97392691170396,541487.577,m^2,54.70136036380387
34157014,Petaluma Urban Area,USA,,,1418654.068,m^2,41.210046999280166
1054624,Petersburg Independent City,USA,37.20431287957321,-77.39126727714442,516492.34,m^2,54.17456359759372
1053342,Petroleum County,USA,47.11817950427235,-108.24880695995874,1468.099,m^2,41.56947181354936
1053273,Pettis County,USA,38.730307899821526,-93.2875791343045,1346297.567,m^2,51.00468485731133
1053274,Phelps County,USA,37.880204571468155,-91.79284786094762,527101.44,m^2,51.58843575346712
1053431,Phelps County,USA,40.5101726124099,-99.41516859588263,229064.04,m^2,47.403840502420195
1054005,Philadelphia County,USA,40.00817123968061,-75.13548920509994,14396553.306,m^2,51.223224534907295
34157235,Philadelphia Urban Area,USA,,,79195199.512,m^2,51.23406918136738
1051869,Phillips County,USA,34.427657767918426,-90.84880305741925,292636.693,m^2,54.47468853128407
1051997,Phillips County,USA,40.59354771871902,-102.35636042916497,85865.525,m^2,46.659813633003466
1052668,Phillips County,USA,39.78526365995934,-99.34742196109352,56535.783,m^2,48.397241071199105
1053343,Phillips County,USA,48.26015709094528,-107.91290471721756,13045.163,m^2,42.09285686963053
34157050,Phoenix Urban Area,USA,,,83523619.534,m^2,54.0683003223379
1052374,Piatt County,USA,40.01021656237751,-88.59186235946605,182603.014,m^2,50.34163479908389
1053818,Pickaway County,USA,39.6416785838042,-83.02450028811953,770167.044,m^2,50.517481145298134
1051761,Pickens County,USA,33.281454365904715,-88.08773025029959,94901.712,m^2,55.889363629183
1052203,Pickens County,USA,34.464097860281946,-84.46571828888925,146796.514,m^2,53.831314148236515
1054065,Pickens County,USA,34.88841847671261,-82.72435201000546,1055185.041,m^2,53.9366333823908
1054207,Pickett County,USA,36.55973444005149,-85.07310373305913,14140.475,m^2,52.65949793058578
1052204,Pierce County,USA,31.358954863472277,-82.21318592795618,193898.763,m^2,53.694224537162206
1053432,Pierce County,USA,42.26571343029315,-97.6012261564991,28077.647,m^2,46.86856907916821
1053734,Pierce County,USA,48.24889212758892,-99.97234571863744,62656.524,m^2,42.982510648053186
1054689,Pierce County,USA,47.0378378840145,-122.13741257834164,15507714.322,m^2,39.96858207909409
1054806,Pierce County,USA,44.71950368203335,-92.42186780247464,292020.594,m^2,47.77421214683236
1051762,Pike County,USA,31.8026693385248,-85.94163750612441,529543.844,m^2,57.08869760177969
1051870,Pike County,USA,34.16318423802259,-93.65682875709258,69168.301,m^2,55.096300760662025
1052205,Pike County,USA,33.092222836264895,-84.38922862839681,4628.429,m^2,55.007943732095704
1052375,Pike County,USA,39.62248684987172,-90.8869159132415,112084.176,m^2,50.22032220676717
1052466,Pike County,USA,38.39908394526218,-87.23210980121779,37929.318,m^2,52.36027995546875
1052797,Pike County,USA,37.47008460938061,-82.39424327016448,169607.144,m^2,51.75747931348929
1053168,Pike County,USA,31.174884119755273,-90.40701526221387,428202.529,m^2,55.49420071267258
1053275,Pike County,USA,39.34702007154314,-91.17360181773114,140092.045,m^2,50.63291705107167
1053819,Pike County,USA,39.077476303622824,-83.06678863253312,584302.775,m^2,51.39117524985227
1054006,Pike County,USA,41.332728399090406,-75.03351680911939,88684.295,m^2,48.680878536611246
1051811,Pima County,USA,32.097023006897295,-111.78799491695136,14540645.238,m^2,57.23582132566159
1051812,Pinal County,USA,32.90492377365161,-111.34367222919154,1707462.094,m^2,54.97444207039597
1053082,Pine County,USA,46.12074767766749,-92.73769801045412,100482.637,m^2,46.75922552669473
1052076,Pinellas County,USA,27.8974746995338,-82.80985804444607,13473493.62,m^2,41.81945953376271
1053083,Pipestone County,USA,44.025719303381585,-96.2588673031517,150413.137,m^2,46.05935486871735
1052894,Piscataquis County,USA,45.83747651044083,-69.28450619285414,66108.846,m^2,45.52183036140125
1051998,Pitkin County,USA,39.21710703170272,-106.91522668896744,25671.278,m^2,40.67803671480633
1053673,Pitt County,USA,35.59348316954149,-77.37447701750072,2342848.238,m^2,55.13645888018463
1053902,Pittsburg County,USA,34.92417480232162,-95.74850495436232,747625.145,m^2,54.82423049053547
34157222,Pittsburgh Urban Area,USA,,,29521711.399,m^2,49.452313002438345
1054625,Pittsylvania County,USA,36.821531172420336,-79.39761781037399,314524.629,m^2,54.33105315259746
1054502,Piute County,USA,38.33654195559212,-112.12853499947312,6230.237,m^2,45.10433696182023
1051921,Placer County,USA,39.064180400587496,-120.71634428050088,5000073.316,m^2,47.247162943800326
1052857,Plaquemines Parish,USA,29.305557145557955,-89.39513625729735,1087623.968,m^2,51.456812817313704
1053276,Platte County,USA,39.38001881850937,-94.77539394555517,2089216.465,m^2,50.27965004478365
1053433,Platte County,USA,41.57116866306737,-97.5185682196732,940895.415,m^2,47.95864731044523
1054846,Platte County,USA,42.13195158195193,-104.96438323699604,246118.167,m^2,43.65757685819268
1054738,Pleasants County,USA,39.370206097872675,-81.16026878049708,405498.873,m^2,51.40964078585737
1051922,Plumas County,USA,40.00465662763493,-120.83930526991986,54454.8,m^2,42.78204971829848
1052570,Plymouth County,USA,42.73818125020392,-96.21375152455394,481789.183,m^2,47.52784473369964
1052934,Plymouth County,USA,41.98223044468006,-70.72432311044699,2968056.182,m^2,48.73950482248654
1052571,Pocahontas County,USA,42.73299028759145,-94.68070541577092,129223.53,m^2,48.3244415780934
1054739,Pocahontas County,USA,38.33189256556033,-80.00762559287084,20156.777,m^2,47.41902105678899
1051871,Poinsett County,USA,35.574013487872,-90.66156598878084,201361.125,m^2,53.665348835332544
1052858,Pointe Coupee Parish,USA,30.709481765991008,-91.60087322189403,102531.664,m^2,54.73306074502019
1051872,Polk County,USA,34.48582252530732,-94.22957990591529,142417.942,m^2,53.98102126767145
1052077,Polk County,USA,27.948760149799437,-81.69766732817425,8289943.061,m^2,44.98117290989196
1052206,Polk County,USA,34.001102469136,-85.1887611525997,332187.516,m^2,54.258030247590646
1052572,Polk County,USA,41.68435959375774,-93.57481554819331,14424099.933,m^2,50.020089654213855
1053084,Polk County,USA,47.77492084424295,-96.40262441345516,699308.437,m^2,45.092542708733255
1053277,Polk County,USA,37.61898420981297,-93.40027485999164,200971.162,m^2,52.17579965030008
1053434,Polk County,USA,41.18737354003179,-97.56826745732408,52035.663,m^2,48.11456796466685
1053674,Polk County,USA,35.27974759222335,-82.17092655795666,27322.95,m^2,52.27867909577846
1053945,Polk County,USA,44.902959010654854,-123.41453728078017,808808.44,m^2,41.09924154228658
1054208,Polk County,USA,35.12058400018427,-84.5224169212882,33530.665,m^2,53.860932134808536
1054419,Polk County,USA,30.793781318217995,-94.8311181559482,274873.913,m^2,54.98762057132719
1054807,Polk County,USA,45.46152089408661,-92.44031853692093,363253.429,m^2,47.2162886451376
1053344,Pondera County,USA,48.22720646343711,-112.22855237429106,41830.25,m^2,40.2082739644157
1053169,Pontotoc County,USA,34.22879087691808,-89.0382179107445,640655.533,m^2,54.43323425882283
1053903,Pontotoc County,USA,34.72903453652236,-96.68639277679024,764854.547,m^2,54.14355578773856
1051873,Pope County,USA,35.447838841042504,-93.03414991629478,1409641.988,m^2,54.49934839128814
1052376,Pope County,USA,37.41372000718373,-88.55950242045803,15951.817,m^2,53.071455684327375
1053085,Pope County,USA,45.586603324472094,-95.4439916039714,46151.154,m^2,46.07828714315573
1054626,Poquoson Independent City,USA,37.16546423796666,-76.28800376457426,58620.091,m^2,54.55896155125382
1053820,Portage County,USA,41.167785426459666,-81.19737734267382,1482698.234,m^2,48.83596133426028
1054808,Portage County,USA,44.47603759594518,-89.50142226970023,1897856.966,m^2,47.2778026434264
34157101,Port Arthur Urban Area,USA,,,11740454.098,m^2,52.10239711896705
1052467,Porter County,USA,41.46075302459951,-87.06686378372295,4196415.988,m^2,47.849987255362635
34157040,Porterville Urban Area,USA,,,803971.524,m^2,50.23794941398944
34157055,Portland Urban Area,USA,,,41152943.014,m^2,41.089198427503746
34157263,Portland Urban Area,USA,,,3448309.503,m^2,46.48291204967282
1054627,Portsmouth Independent City,USA,36.86146309368823,-76.35949417221036,1967309.73,m^2,54.72716027536752
34157167,Port St. Lucie Urban Area,USA,,,5057985.746,m^2,37.63040745963383
1052468,Posey County,USA,38.022926890551325,-87.86768971624048,1031352.052,m^2,52.74296144901644
1052669,Pottawatomie County,USA,39.37870615597936,-96.3423815118388,207502.429,m^2,49.86509623942763
1053904,Pottawatomie County,USA,35.20781288288645,-96.95019708967588,677562.381,m^2,53.65670747591283
1052573,Pottawattamie County,USA,41.33560223516063,-95.54224179775866,2930469.369,m^2,49.17057820814915
1054007,Potter County,USA,41.74513507546742,-77.89632931094746,64445.595,m^2,47.696582054987616
1054125,Potter County,USA,45.06504076837891,-99.95837003711615,28761.945,m^2,43.91766499101504
1054420,Potter County,USA,35.400735687390046,-101.89460250151674,4206458.055,m^2,50.24679501671627
1053345,Powder River County,USA,45.39656148624741,-105.6297540674472,3133.593,m^2,42.63635736995839
1052798,Powell County,USA,37.83139616252578,-83.82441948628207,30672.704,m^2,52.12542135183126
1053346,Powell County,USA,46.85983735364123,-112.93735334376588,50183.533,m^2,42.420583660381176
1052294,Power County,USA,42.69450408674774,-112.84007715482788,286796.889,m^2,45.690953987300745
1052574,Poweshiek County,USA,41.68624016818033,-92.5326351133674,274753.528,m^2,49.80504166628936
1054628,Powhatan County,USA,37.55107799406157,-77.91640646918079,125719.616,m^2,54.03952953531134
1051874,Prairie County,USA,34.82939916850641,-91.55186239222544,27896.258,m^2,54.2544485715611
1053347,Prairie County,USA,46.86026834153443,-105.37714454491848,3210.874,m^2,42.58666767989027
1052670,Pratt County,USA,37.64865309008712,-98.74034604389192,153496.596,m^2,49.52074176289877
1053821,Preble County,USA,39.74168320348464,-84.64812900359757,231279.486,m^2,49.78123791316278
1053170,Prentiss County,USA,34.62077072935179,-88.52102768057097,266770.314,m^2,54.231538382490335
1054421,Presidio County,USA,29.99885114360978,-104.24072827456872,210998.032,m^2,61.34619397303193
1053011,Presque Isle County,USA,45.34094307508676,-83.92050724749788,19534.103,m^2,44.44676538257221
1054740,Preston County,USA,39.46985488697636,-79.66787542570742,32806.226,m^2,49.56767474564127
1054809,Price County,USA,45.680296533985285,-90.36127213472386,234844.14,m^2,45.67072544795029
1054629,Prince Edward County,USA,37.22549266702315,-78.44524055681958,146890.158,m^2,54.046015996524424
1054630,Prince George County,USA,37.18552597717559,-77.22465902836842,314736.07,m^2,54.16814068371635
1052915,Prince George's County,USA,38.83011242105068,-76.8466524258871,12995978.647,m^2,52.61736391717234
1051793,Prince of Wales-Outer Ketchi Census Area,USA,55.43444672512026,-132.12032801860218,5472.324,m^2,36.28643314979157
1054631,Prince William County,USA,38.69969546756096,-77.47424149322772,3882519.115,m^2,52.853135200340155
1054025,Providence County,USA,41.87115899673038,-71.57886940674916,11184143.638,m^2,49.28761944223164
34157252,Providence Urban Area,USA,,,21687978.112,m^2,49.28593333172763
34157066,Provo Urban Area,USA,,,7304522.306,m^2,47.26527589578422
1051999,Prowers County,USA,37.95419846628003,-102.39237081992988,206134.318,m^2,48.64887578302221
1052000,Pueblo County,USA,38.17148569957296,-104.51179542634571,4077122.399,m^2,48.20100832150661
34157082,Pueblo Urban Area,USA,,,3585549.036,m^2,48.20271929004515
1051875,Pulaski County,USA,34.76975555415961,-92.31192871245564,11287547.024,m^2,54.59269965536136
1052207,Pulaski County,USA,32.23283359489429,-83.4764676804361,57946.998,m^2,55.833530013064696
1052377,Pulaski County,USA,37.22405484125781,-89.12683317116574,23247.42,m^2,53.11970696103051
1052469,Pulaski County,USA,41.0423514187632,-86.69843029071174,184631.325,m^2,48.87493989440849
1052799,Pulaski County,USA,37.10426088902239,-84.57733892937685,775233.796,m^2,52.61660778137696
1053278,Pulaski County,USA,37.82755876965292,-92.20765603366074,247946.939,m^2,51.705865600542865
1054632,Pulaski County,USA,37.06335876047481,-80.71541586460394,456345.143,m^2,50.14833795437152
1053905,Pushmataha County,USA,34.41604290228888,-95.37685127788951,16436.545,m^2,54.89150870818655
1052078,Putnam County,USA,29.610357074504687,-81.74391144312702,1152811.642,m^2,50.304837516552425
1052208,Putnam County,USA,33.32169609283108,-83.37267922105633,219775.645,m^2,55.0012467396012
1052378,Putnam County,USA,41.204769613142,-89.28591347219225,249847.543,m^2,49.834983040037336
1052470,Putnam County,USA,39.66669626211013,-86.84326556822167,344519.366,m^2,50.439955088039966
1053279,Putnam County,USA,40.479027806693445,-93.01949559574732,17996.248,m^2,49.64086197300682
1053577,Putnam County,USA,41.42604918389995,-73.7497691327376,178074.068,m^2,49.4404571136096
1053822,Putnam County,USA,41.022214067094424,-84.13165054067389,881634.067,m^2,49.078561068126234
1054209,Putnam County,USA,36.141439132420885,-85.49486282933817,1906474.773,m^2,52.882434889160734
1054741,Putnam County,USA,38.50941334900249,-81.90883602495869,869072.212,m^2,52.15590066985136
1053524,Quay County,USA,35.104963437551724,-103.54816161485174,106783.624,m^2,51.78885350435382
1052916,Queen Anne's County,USA,39.0411391978515,-76.08723816421654,246969.842,m^2,52.776325224356746
1053578,Queens County,USA,40.63635462073768,-73.83587434898328,7626729.588,m^2,51.063908191234006
1052209,Quitman County,USA,31.867892069209045,-85.02051300030243,2973.471,m^2,56.967917628925925
1053171,Quitman County,USA,34.25440928430724,-90.29058158997256,11971.939,m^2,54.198024146297435
1052210,Rabun County,USA,34.882235392361885,-83.4024912548321,106967.344,m^2,51.04089012437291
1054810,Racine County,USA,42.74948021999359,-88.05944346794799,4339109.698,m^2,46.758552842191826
34157189,Racine Urban Area,USA,,,6618621.302,m^2,46.67194093740582
1054633,Radford Independent City,USA,37.12426512147762,-80.55774564144974,134840.458,m^2,50.32227478788302
1054422,Rains County,USA,32.8708591907773,-95.79080717433254,71335.039,m^2,56.8913918446165
1054742,Raleigh County,USA,37.77156601435781,-81.24716689445086,433320.796,m^2,50.06030624249108
34157212,Raleigh Urban Area,USA,,,20842636.469,m^2,55.014691585944774
1053280,Ralls County,USA,39.528569846688704,-91.52457270990269,330745.977,m^2,50.14951463793617
1053086,Ramsey County,USA,45.01967434447262,-93.09952133683493,9344878.162,m^2,47.589967309089026
1053735,Ramsey County,USA,48.268470938684025,-98.72168406449508,230744.996,m^2,43.4983921038097
1054423,Randall County,USA,34.965024972436225,-101.89795334440002,1319323.95,m^2,50.305487017043845
1051763,Randolph County,USA,33.29433253826252,-85.45981002201175,83553.146,m^2,54.72591503616154
1051876,Randolph County,USA,36.3413478263623,-91.02733370602056,142344.234,m^2,53.17641719860602
1052211,Randolph County,USA,31.76286251157986,-84.7539770085766,38107.155,m^2,56.69980842180425
1052379,Randolph County,USA,38.05218480671121,-89.8252818515264,310923.789,m^2,52.7871444439396
1052471,Randolph County,USA,40.15785193681423,-85.01297264652358,189623.816,m^2,49.37851694219676
1053281,Randolph County,USA,39.44039069382541,-92.4991886236664,680622.574,m^2,50.165638132360854
1053675,Randolph County,USA,35.71046851006315,-79.80600908539283,1921452.646,m^2,54.719309370375186
1054743,Randolph County,USA,38.774703124755135,-79.87537367226996,383025.777,m^2,48.578066987381895
1053172,Rankin County,USA,32.26392597412855,-89.94756450748037,2088516.525,m^2,55.18249497547069
1053736,Ransom County,USA,46.45582995530423,-97.65921859629906,138569.181,m^2,44.61715024497402
1052859,Rapides Parish,USA,31.19892683910155,-92.53328937858332,1849215.106,m^2,56.2939093327956
1054634,Rappahannock County,USA,38.68626767491139,-78.16003297070311,3346.756,m^2,51.095896742995315
1053348,Ravalli County,USA,46.082008982330045,-114.12118210864348,128554.453,m^2,40.801361458867554
1052671,Rawlins County,USA,39.78613003467772,-101.0760071195015,17715.446,m^2,48.04377835025999
1053282,Ray County,USA,39.351689403537144,-93.99217045414024,123193.537,m^2,50.51195669461134
34157236,Reading Urban Area,USA,,,5758964.449,m^2,49.81892595791573
1054424,Reagan County,USA,31.366749938236993,-101.52221789954427,71201.921,m^2,58.433034187378176
1054425,Real County,USA,29.83278796828813,-99.82242705050189,739.238,m^2,59.442877665920854
1053087,Red Lake County,USA,47.87298954955114,-96.09709582741738,96451.353,m^2,45.166657164467146
1054426,Red River County,USA,33.62057435270091,-95.04994365356008,53903.309,m^2,55.7698070446844
1052860,Red River Parish,USA,32.09340184830845,-93.33996795229676,42170.824,m^2,56.54575075412328
1053435,Red Willow County,USA,40.17637208923132,-100.4753369732148,264674.774,m^2,47.766553770628704
1053088,Redwood County,USA,44.404387579868086,-95.25239946179448,249181.62,m^2,46.92238994593583
1054427,Reeves County,USA,31.32522376473738,-103.69583051923534,178114.228,m^2,60.96172786937604
1054428,Refugio County,USA,28.31992178968959,-97.15248904786348,34411.355,m^2,48.57878174224757
1052672,Reno County,USA,37.95338698031801,-98.08594584344212,1215451.877,m^2,49.9999744473635
34157046,Reno Urban Area,USA,,,11766221.315,m^2,43.74373973374476
1053579,Rensselaer County,USA,42.71186303129772,-73.50992910477721,1060173.264,m^2,48.84860147256081
1053089,Renville County,USA,44.72719983953774,-94.94418111007774,368620.371,m^2,46.73570045319063
1053737,Renville County,USA,48.718969841007905,-101.65996021336696,22738.99,m^2,42.99399542371935
1052673,Republic County,USA,39.82882700857514,-97.64919634514112,57226.476,m^2,49.082394257511154
1053283,Reynolds County,USA,37.363763023647195,-90.96869641448112,8643.735,m^2,51.88790493924212
1054210,Rhea County,USA,35.609188757222924,-84.92441657962553,600431.32,m^2,53.98850890056835
1052674,Rice County,USA,38.34697412571828,-98.20168662533317,110004.855,m^2,49.61677595957015
1053090,Rice County,USA,44.356228083880154,-93.29737054884596,963064.115,m^2,47.84022882318692
1053436,Richardson County,USA,40.12563064039429,-95.71703076844008,104180.016,m^2,49.52633616412575
1054503,Rich County,USA,41.63370087063977,-111.24343128470252,1100.481,m^2,43.68578921398916
1052380,Richland County,USA,38.71248919997856,-88.08631744521263,395895.412,m^2,52.114256974516294
1053349,Richland County,USA,47.788563793587315,-104.56022550405322,74283.137,m^2,42.604138177417035
1053738,Richland County,USA,46.26427232892341,-96.9492641886669,376866.157,m^2,45.509156307712715
1053823,Richland County,USA,40.77469650893365,-82.53633520458355,2993286.07,m^2,49.09807728500871
1054066,Richland County,USA,34.02174756424073,-80.90261102509876,8264392.885,m^2,54.42067981210214
1054811,Richland County,USA,43.37475055495496,-90.43165945935569,178482.663,m^2,48.5459638956642
1052861,Richland Parish,USA,32.41892504703728,-91.76391078098348,139968.559,m^2,56.13534359527127
1052212,Richmond County,USA,33.35953177168663,-82.07379859691616,4584481.843,m^2,54.53918666834166
1053580,Richmond County,USA,40.562591164415466,-74.13934478392143,2686492.311,m^2,51.08239274875036
1053676,Richmond County,USA,35.00545126047227,-79.74970424791955,674746.427,m^2,54.95639269535547
1054635,Richmond Independent City,USA,37.84693136128379,-76.90050608425837,5232428.129,m^2,53.99251920771104
34157223,Richmond Urban Area,USA,,,18621587.181,m^2,53.98184401733784
1052675,Riley County,USA,39.295658061955336,-96.73606835340044,1315665.743,m^2,49.93587031778481
1052575,Ringgold County,USA,40.73455713343804,-94.24508491126753,47644.456,m^2,49.43009316760801
1053525,Rio Arriba County,USA,36.51018268132393,-106.69004083198692,129122.096,m^2,48.263462142064355
1052001,Rio Blanco County,USA,39.98044667275583,-108.21615413663206,48508.396,m^2,47.94426416408409
1052002,Rio Grande County,USA,37.580534757884266,-106.38297751053815,118510.158,m^2,46.71307922819579
1052472,Ripley County,USA,39.10378971491811,-85.26272797964641,311271.702,m^2,50.89696358263881
1053284,Ripley County,USA,36.65216216795039,-90.86348554347354,41948.854,m^2,52.861102713318466
1054744,Ritchie County,USA,39.17714667667736,-81.06344434806499,20959.218,m^2,51.27300598715086
1051923,Riverside County,USA,33.74552490309829,-115.9927815858204,32215502.205,m^2,47.74343656825821
1054211,Roane County,USA,35.8476517212879,-84.52302222126659,644438.726,m^2,53.41738733280283
1054745,Roane County,USA,38.71448907813677,-81.3487553874276,13459.471,m^2,51.713049792224375
1054637,Roanoke City Independent City,USA,37.280243540889266,-79.9596483342184,2857376.683,m^2,51.53007602288186
1054636,Roanoke County,USA,37.27096830913604,-80.06926659501394,907500.438,m^2,51.53943254625735
34157210,Roanoke Urban Area,USA,,,5101455.095,m^2,51.506984633959625
1054126,Roberts County,USA,45.63164735837385,-96.9467897710341,54393.492,m^2,45.293827688062386
1054429,Roberts County,USA,35.8392113461443,-100.8134807529228,8653.317,m^2,50.41001872461162
1052800,Robertson County,USA,38.51818928095733,-84.05157186161341,2121.456,m^2,51.66477928366178
1054212,Robertson County,USA,36.5267097323752,-86.87041677522048,764390.888,m^2,52.56795160148481
1054430,Robertson County,USA,31.027798233320393,-96.51479998412532,190977.744,m^2,55.52086271372019
1053677,Robeson County,USA,34.64281344442403,-79.10385352049987,1107506.672,m^2,54.66287476595897
34157160,Rochester Urban Area,USA,,,3775406.358,m^2,47.830070599780456
34157238,Rochester Urban Area,USA,,,9568246.376,m^2,47.50297648731866
1054638,Rockbridge County,USA,37.81696868024058,-79.44579076396144,123155.199,m^2,50.411219383438294
1052801,Rockcastle County,USA,37.36540549729832,-84.3166644242165,15982.938,m^2,52.17346109958007
1053091,Rock County,USA,43.67738769650997,-96.25311998042702,197791.091,m^2,46.29946533335013
1053437,Rock County,USA,42.42205513121202,-99.44897804847328,2521.205,m^2,45.519457957603606
1054812,Rock County,USA,42.67352136961385,-89.07000492575804,3932340.826,m^2,49.31411783531909
1052213,Rockdale County,USA,33.65444529352719,-84.026763267886,1994490.261,m^2,53.98631890186001
34157176,Rockford Urban Area,USA,,,8062451.612,m^2,49.84819084890032
1053480,Rockingham County,USA,42.97656304237069,-70.99722853291291,2794049.212,m^2,47.823492917060335
1053678,Rockingham County,USA,36.39549769887461,-79.77799175458362,1115116.653,m^2,54.259471236683254
1054639,Rockingham County,USA,38.513223828969984,-78.87440822786927,992986.715,m^2,49.95731749240976
1052381,Rock Island County,USA,41.4678440992559,-90.56763120017482,3726562.136,m^2,50.423638022763406
1053581,Rockland County,USA,41.152242110918515,-74.02335862850722,1640291.464,m^2,50.202929639216855
1054431,Rockwall County,USA,32.89960176604511,-96.41059533568098,1069790.995,m^2,56.581659826927215
1053906,Roger Mills County,USA,35.68782360947636,-99.69493875264791,10705.197,m^2,50.67752671903189
1053907,Rogers County,USA,36.372554505976765,-95.6058270542667,2153064.564,m^2,54.15316871612403
34157114,Rogers Urban Area,USA,,,2455433.425,m^2,52.85426709706048
1053739,Rolette County,USA,48.77179073809681,-99.84213467825482,24525.218,m^2,43.01165465685157
1052676,Rooks County,USA,39.35091443779872,-99.32562461738694,57313.608,m^2,48.76197973786609
1053350,Roosevelt County,USA,48.29542430493152,-105.01639206689936,31227.83,m^2,42.52318521652001
1053526,Roosevelt County,USA,34.02283553775711,-103.47889147667978,214670.789,m^2,51.45707267140105
1053012,Roscommon County,USA,44.33474699086219,-84.61351438987793,60540.38,m^2,46.20193160333648
1053092,Roseau County,USA,48.77562127541571,-95.81317905002196,257537.953,m^2,44.82294983139825
1053351,Rosebud County,USA,46.23173031688261,-106.73124036645808,52879.449,m^2,41.94420225520882
1053824,Ross County,USA,39.33759367744681,-83.05666267618656,939008.052,m^2,50.963343885149136
1052003,Routt County,USA,40.484948200487565,-106.99031008012672,202857.384,m^2,42.80279278372239
1052802,Rowan County,USA,38.19660671209604,-83.4212034480571,218101.601,m^2,51.89109003835327
1053679,Rowan County,USA,35.64145385291422,-80.52625362906845,1701290.131,m^2,55.1707457380178
1054432,Runnels County,USA,31.830817477695923,-99.97692191431383,136340.388,m^2,58.55799703313152
1052473,Rush County,USA,39.62057277479453,-85.46579089262666,127445.919,m^2,50.24110192182773
1052677,Rush County,USA,38.522543061498446,-99.3089775853609,36270.097,m^2,48.94224413019904
1054433,Rusk County,USA,32.10969911714078,-94.76261877933148,659272.834,m^2,57.14172501759719
1054813,Rusk County,USA,45.47523221597316,-91.13307136481832,269815.886,m^2,46.60062491650325
1051764,Russell County,USA,32.28917569749515,-85.18675560632366,713339.208,m^2,56.21517630221161
1052678,Russell County,USA,38.91457033057946,-98.76205555905526,100969.465,m^2,49.32142134258115
1052803,Russell County,USA,36.99076579279384,-85.0586032528801,365120.176,m^2,52.76878257749306
1054640,Russell County,USA,36.93327540262013,-82.09755433442318,61647.672,m^2,50.16827208008763
1053680,Rutherford County,USA,35.4031010663169,-81.92204657459096,690706.742,m^2,53.709643086124686
1054213,Rutherford County,USA,35.84337492090393,-86.4160156541387,6279861.629,m^2,52.763964823977176
1054526,Rutland County,USA,43.57979598587364,-73.03849338883947,536603.738,m^2,47.66364898486786
1054434,Sabine County,USA,31.344841103543303,-93.8541217786905,64148.692,m^2,55.95569192587746
1052862,Sabine Parish,USA,31.564864242055968,-93.55524269506978,56945.147,m^2,56.94142024078013
1052576,Sac County,USA,42.38594012957171,-95.10570645206622,212279.541,m^2,48.47655435150955
1051924,Sacramento County,USA,38.44841380132577,-121.34423067072817,18595608.259,m^2,47.34925382044746
34157038,Sacramento Urban Area,USA,,,26704738.443,m^2,47.300946679000575
1052895,Sagadahoc County,USA,43.85487847215932,-69.82377934098929,255704.551,m^2,46.29316621353368
1053013,Saginaw County,USA,43.335058961909226,-84.0544080654963,2913027.583,m^2,47.60374453756073
34157215,Saginaw Urban Area,USA,,,5731443.281,m^2,47.57345369723811
1052004,Saguache County,USA,38.07810389269708,-106.27723484134314,96924.543,m^2,48.69638465048011
1052863,Saint Bernard Parish,USA,29.88931969849011,-89.22710520410486,663059.933,m^2,52.841705911070335
1053285,Saint Charles County,USA,38.7846588632457,-90.67331510523454,4770239.096,m^2,51.58030582708553
1052864,Saint Charles Parish,USA,29.9131508113109,-90.357572794262,2519452.645,m^2,52.86359476663233
1051765,Saint Clair County,USA,33.716465438786805,-86.31599608486124,816334.745,m^2,54.6842492781561
1052382,Saint Clair County,USA,38.470993054845096,-89.92992794971269,4030320.034,m^2,52.35379987270758
1053014,Saint Clair County,USA,42.94393350773619,-82.68305775092392,1742279.76,m^2,47.5385712803092
1053286,Saint Clair County,USA,38.03760824332097,-93.77574432588705,22321.619,m^2,51.67642611407354
34157156,Saint Cloud Urban Area,USA,,,3037504.852,m^2,46.5849864232579
1054814,Saint Croix County,USA,45.03392880297189,-92.45201493310968,1225200.935,m^2,47.47197967409321
1053289,Sainte Genevieve County,USA,37.89531820959431,-90.1954067504096,99511.304,m^2,52.72128075017487
1051877,Saint Francis County,USA,35.021878266001906,-90.747609871796,201406.5,m^2,54.36256781682816
1053287,Saint Francois County,USA,37.812549188963104,-90.47386527637184,437574.473,m^2,51.76565065759675
1052865,Saint Helena Parish,USA,30.82224172505188,-90.71055579148786,7477.8,m^2,55.114797801492415
1052866,Saint James Parish,USA,30.026685752414796,-90.79503190350816,1753179.713,m^2,53.207502438171325
1052079,Saint Johns County,USA,29.93862238183688,-81.33668286223231,1215482.428,m^2,47.36645034328706
1052867,Saint John the Baptist Parish,USA,30.112643703051877,-90.50791978771096,1344625.026,m^2,52.99002565195451
1052474,Saint Joseph County,USA,41.61726023900553,-86.28982623550321,5954665.53,m^2,48.28910198957892
1053015,Saint Joseph County,USA,41.91522304346082,-85.52750919988564,722090.356,m^2,48.09865766438792
1052868,Saint Landry Parish,USA,30.599633351290432,-92.0058308963616,600513.04,m^2,53.92334265214291
1053582,Saint Lawrence County,USA,44.49002148181084,-75.06382136081028,1030207.165,m^2,47.882227692524346
1053093,Saint Louis County,USA,47.606181069756694,-92.47147709265636,1817809.541,m^2,45.28959662501848
1053288,Saint Louis County,USA,38.6424497255043,-90.42158418272906,30834538.624,m^2,51.91737863789481
1052080,Saint Lucie County,USA,27.39511977190488,-80.38284818123681,3437153.591,m^2,38.24420327017036
1052869,Saint Martin Parish,USA,30.13026643539753,-91.6090054364579,606228.181,m^2,52.854619510009215
1052870,Saint Mary Parish,USA,29.63053861299016,-91.49325249815926,1883011.444,m^2,52.424133290078935
1052917,Saint Mary's County,USA,38.242309468773925,-76.52904668231758,494227.069,m^2,53.60598495668395
1052871,Saint Tammany Parish,USA,30.40008919685322,-89.95484470584013,2110709.02,m^2,54.05321056428707
1053499,Salem County,USA,39.57831926787737,-75.35757965879593,1407361.322,m^2,51.53987841865673
1054641,Salem Independent City,USA,37.28592923231499,-80.05452519738773,1019666.381,m^2,51.53007570522225
34157053,Salem Urban Area,USA,,,7223241.194,m^2,41.71447272732452
34157009,Salinas Urban Area,USA,,,4005173.299,m^2,38.70394883604761
1051878,Saline County,USA,34.64618732134028,-92.67659776615972,1034313.88,m^2,54.66088014404293
1052383,Saline County,USA,37.75507097562883,-88.53935953119255,242189.938,m^2,52.86089305246034
1052679,Saline County,USA,38.784548054863954,-97.65003310286914,1609991.034,m^2,50.03748711621707
1053290,Saline County,USA,39.137245902311285,-93.20384658072877,615229.302,m^2,50.71368572103543
1053438,Saline County,USA,40.52438798477402,-97.14071927987897,281158.339,m^2,48.69646843730998
34157067,Salt Lake City Urban Area,USA,,,19350578.562,m^2,47.04342795344891
1054504,Salt Lake County,USA,40.66699490730133,-111.92145839985264,21347112.564,m^2,47.08344323555046
1054067,Saluda County,USA,34.00632138513133,-81.72720898810279,189736.789,m^2,54.75816421136968
1053681,Sampson County,USA,34.990066701050836,-78.37307941509155,518603.609,m^2,54.65042555845383
34157079,San Angelo Urban Area,USA,,,1755984.376,m^2,58.895403539171355
34157080,San Antonio Urban Area,USA,,,30252787.476,m^2,54.31676354205715
1054435,San Augustine County,USA,31.3947306962767,-94.17025657794753,28264.428,m^2,57.03954412238592
1051925,San Benito County,USA,36.6057170699041,-121.07396791553658,947236.45,m^2,40.56048989457701
1051926,San Bernardino County,USA,34.842732785315974,-116.17966371939184,56062676.685,m^2,47.15643744228049
1054127,Sanborn County,USA,44.02387502356244,-98.0910281591312,7617.986,m^2,45.84689483545914
1053352,Sanders County,USA,47.673803004486885,-115.133597124599,22596.672,m^2,41.108228946280235
1051927,San Diego County,USA,33.02129794546108,-116.83449480382774,45151124.805,m^2,44.97444071918509
1053529,Sandoval County,USA,35.689322686292975,-106.86215216704214,809375.449,m^2,50.65501896635859
1053825,Sandusky County,USA,41.35616310428079,-83.14617751655385,1198554.527,m^2,49.153928551304034
1051928,San Francisco County,USA,37.71186733046939,-122.85892535028312,8502583.069,m^2,37.95124165143279
1052384,Sangamon County,USA,39.75821690930659,-89.6588450496616,4766410.451,m^2,50.57568331896895
1053016,Sanilac County,USA,43.4237786335138,-82.82056047942596,256945.522,m^2,46.630740974734714
1054436,San Jacinto County,USA,30.58131175941376,-95.16979879228512,28296.585,m^2,54.1668713733477
1051929,San Joaquin County,USA,37.93410543351568,-121.27063273728076,20010117.348,m^2,47.1214977409037
34157012,San Jose Urban Area,USA,,,88191875.529,m^2,40.43280771050672
1052005,San Juan County,USA,37.762226432352534,-107.67471748617965,277.159,m^2,40.06186340692527
1053527,San Juan County,USA,36.509147987006685,-108.31766089197042,2334946.625,m^2,49.825339001057465
1054505,San Juan County,USA,37.626280978419125,-109.80358182843032,52019.964,m^2,50.06550079504092
1054690,San Juan County,USA,48.55637703807598,-122.95901756472328,48892.405,m^2,36.507595116255786
1051930,San Luis Obispo County,USA,35.384203384541536,-120.5345910570639,4063515.623,m^2,39.83695339763186
1051931,San Mateo County,USA,37.39762401618937,-122.42291836587046,11185275.94,m^2,38.79121719808014
1052006,San Miguel County,USA,38.00303674055609,-108.4048027173246,3432.557,m^2,41.3255450674235
1053528,San Miguel County,USA,35.48026395681898,-104.8143239728946,149137.057,m^2,46.42513616853791
1054437,San Patricio County,USA,27.995318196704048,-97.50120515939832,1470167.978,m^2,46.42778924477432
1054506,Sanpete County,USA,39.374729628367426,-111.57618593356024,106997.513,m^2,45.29383437164563
1054438,San Saba County,USA,31.156674391466545,-98.81843678261237,33733.05,m^2,57.99097534910124
1051932,Santa Barbara County,USA,34.37057941886949,-120.01984114638718,6240503.368,m^2,41.19500981863744
34157007,Santa Barbara Urban Area,USA,,,3265359.98,m^2,43.67522838446743
1051933,Santa Clara County,USA,37.232319420123254,-121.69469962372716,37213446.492,m^2,40.97496621386035
34157018,Santa Clarita Urban Area,USA,,,4523822.553,m^2,47.12759396444876
1051813,Santa Cruz County,USA,31.52509264851137,-110.84359606601431,764199.028,m^2,55.26443260930187
1051934,Santa Cruz County,USA,36.9942469817691,-122.05163646296216,3080174.086,m^2,37.532272457732766
34157008,Santa Cruz Urban Area,USA,,,2025018.846,m^2,36.50635201051358
1053530,Santa Fe County,USA,35.5078706607882,-105.97387547246554,1392245.477,m^2,47.50134388693008
34157005,Santa Maria Urban Area,USA,,,3098459.836,m^2,38.553464434838006
1052081,Santa Rosa County,USA,30.703836706416016,-87.02239417720659,794853.155,m^2,53.91012503686923
34157015,Santa Rosa Urban Area,USA,,,4234565.221,m^2,42.33226102057007
1052082,Sarasota County,USA,27.161859318165607,-82.4389133279693,4596953.257,m^2,40.321573309615225
1053583,Saratoga County,USA,43.10757559047515,-73.86656616318795,2131412.034,m^2,48.55568999100434
1053740,Sargent County,USA,46.10785868134847,-97.6326832678986,150626.984,m^2,44.65378843408297
1053439,Sarpy County,USA,41.112483827242166,-96.11144261141396,3730910.01,m^2,49.068579938490664
1054815,Sauk County,USA,43.4263269747218,-89.94954548897304,1681951.066,m^2,48.492287305937595
1053440,Saunders County,USA,41.2264458593117,-96.63645095920482,188337.189,m^2,48.975334722660634
34157184,Savannah Urban Area,USA,,,13049212.641,m^2,54.00058053035139
1054816,Sawyer County,USA,45.87987177926729,-91.1449917133924,214982.516,m^2,46.3748996081151
1053584,Schenectady County,USA,42.818075482943016,-74.05845294140265,1406554.077,m^2,48.48619110433248
1054439,Schleicher County,USA,30.895308849268556,-100.5372307668296,1259.554,m^2,58.95226405537198
1052214,Schley County,USA,32.26204384942745,-84.31463610450808,63710.514,m^2,56.31801604990975
1053585,Schoharie County,USA,42.587403457183115,-74.44250358477744,121863.29,m^2,47.92099055425141
1053017,Schoolcraft County,USA,46.19562633191246,-86.20065019246529,63753.231,m^2,44.10296248357985
1052385,Schuyler County,USA,40.15903332785115,-90.61440627008596,56465.478,m^2,49.77493012633312
1053291,Schuyler County,USA,40.47056790815192,-92.52340108918588,5813.167,m^2,49.437818146287555
1053586,Schuyler County,USA,42.39448769015859,-76.8750526598419,88900.106,m^2,47.589511468074065
1054008,Schuylkill County,USA,40.70629088739144,-76.21519619085439,1824835.947,m^2,48.57448027354099
1053826,Scioto County,USA,38.80373301410837,-82.99276239121635,665484.457,m^2,51.86800412379879
1053292,Scotland County,USA,40.45480333195241,-92.14942388053512,70433.819,m^2,49.399184005626616
1053682,Scotland County,USA,34.84034983350156,-79.48274633568211,375152.95,m^2,54.85738359247875
1051879,Scott County,USA,34.860663205763494,-94.06276200367586,114534.77,m^2,54.166900810993894
1052386,Scott County,USA,39.643317565707854,-90.4755667789891,24085.008,m^2,50.17547916114456
1052475,Scott County,USA,38.68507279022776,-85.74747697275623,202269.851,m^2,51.91223863115418
1052577,Scott County,USA,41.637368784785515,-90.6248126099285,4137057.494,m^2,50.41694478225204
1052680,Scott County,USA,38.48266651121848,-100.90642935291224,37221.36,m^2,48.39764653951387
1052804,Scott County,USA,38.291568643274935,-84.5839472961873,1057969.137,m^2,51.76474786617522
1053094,Scott County,USA,44.65048448205322,-93.53608516747792,2545053.708,m^2,47.7077689772667
1053173,Scott County,USA,32.4054602905283,-89.5396361246434,237263.436,m^2,55.13483863986527
1053293,Scott County,USA,37.052889186167455,-89.56905542731164,706326.332,m^2,52.81628311855149
1054214,Scott County,USA,36.43014511843065,-84.5037526721697,115209.518,m^2,52.25643203367972
1054642,Scott County,USA,36.71406323978036,-82.60220052895757,134233.736,m^2,50.776216986168066
1053441,Scotts Bluff County,USA,41.850537834855366,-103.70698888132124,1397686.902,m^2,44.339585726474816
34157242,Scranton Urban Area,USA,,,4182488.527,m^2,48.01751681816389
1052215,Screven County,USA,32.75088861245259,-81.611670655667,127078.236,m^2,54.1183897217459
1054440,Scurry County,USA,32.7469887902266,-100.9175245365622,664909.759,m^2,56.728107719050634
1051880,Searcy County,USA,35.91093471489716,-92.69984162405102,9405.252,m^2,52.74930751456739
34157057,Seattle Urban Area,USA,,,64357259.355,m^2,39.9148550932728
1051881,Sebastian County,USA,35.19925260302042,-94.27369537340644,2828860.309,m^2,54.6813856813175
1052007,Sedgwick County,USA,40.87555624318641,-102.35144284438157,40985.196,m^2,45.84422670566221
1052681,Sedgwick County,USA,37.68481628737026,-97.46021482953194,11095337.333,m^2,50.82907825304602
1052083,Seminole County,USA,28.717209060224537,-81.23636758879837,5719218.699,m^2,46.78661054975685
1052216,Seminole County,USA,30.938207858017087,-84.86907851835602,103441.189,m^2,54.92778844605122
1053908,Seminole County,USA,35.16886332543578,-96.6170519080983,184492.525,m^2,54.01923843798008
1053587,Seneca County,USA,42.78061747872667,-76.82223666056794,191642.621,m^2,47.80240361041607
1053827,Seneca County,USA,41.12398985169737,-83.12771303307528,1086938.901,m^2,49.04342209111899
1054215,Sequatchie County,USA,35.372025431101314,-85.410486944148,70517.175,m^2,52.807190191609344
1053909,Sequoyah County,USA,35.49548727821518,-94.75583970057076,141271.137,m^2,54.1296509987033
1051882,Sevier County,USA,33.9969309467322,-94.24150092343666,70513.581,m^2,55.14782661513106
1054216,Sevier County,USA,35.78525515552978,-83.52372777860913,805830.252,m^2,51.31260264227459
1054507,Sevier County,USA,38.7477644788443,-111.8046691050723,86001.852,m^2,45.82822386196986
1052682,Seward County,USA,37.1933206620684,-100.85115620528752,557750.783,m^2,49.52337311017275
1053442,Seward County,USA,40.87275735584547,-97.138813200856,162262.328,m^2,48.59904254547611
1054441,Shackelford County,USA,32.735930215309494,-99.3555855060769,38518.613,m^2,57.44839942705102
1053294,Shannon County,USA,37.159080907820126,-91.40080048106736,1293.6,m^2,51.95413497217069
1054128,Shannon County,USA,43.33502809628487,-102.5532088206617,4602.459,m^2,43.536181854091474
1053174,Sharkey County,USA,32.87973584392498,-90.81154904862136,6246.487,m^2,55.91639316627089
1051883,Sharp County,USA,36.16088290054139,-91.48107800074024,43683.819,m^2,53.25410008222953
1051935,Shasta County,USA,40.76321307030256,-122.04106886882236,2762755.411,m^2,47.32053253048538
1054817,Shawano County,USA,44.789189751365825,-88.76578625783067,479406.117,m^2,46.122333833299834
1052683,Shawnee County,USA,39.0429319176458,-95.7569366883598,3940476.571,m^2,50.29124770121619
1054818,Sheboygan County,USA,43.72106710979948,-87.94581736184067,2669540.16,m^2,46.35498032440163
1051766,Shelby County,USA,33.26460877236894,-86.66194314565256,3772168.368,m^2,54.86162423172093
1052387,Shelby County,USA,39.390395022084746,-88.80630527163586,229807.733,m^2,50.900959712265205
1052476,Shelby County,USA,39.52372078320042,-85.79198207431875,825688.686,m^2,50.52555581947262
1052578,Shelby County,USA,41.683975266281905,-95.3110640100452,140401.071,m^2,48.81198250261211
1052805,Shelby County,USA,38.21550479546183,-85.19473777450024,770820.158,m^2,52.0499086597577
1053295,Shelby County,USA,39.79876316739557,-92.07769738779272,61984.8,m^2,49.84493212852183
1053828,Shelby County,USA,40.33138256388268,-84.20466336148212,1290100.658,m^2,49.37626723076983
1054217,Shelby County,USA,35.18467905096993,-89.89611253683123,25327061.918,m^2,53.85692527531491
1054442,Shelby County,USA,31.79231883270693,-94.14624945411524,218084.394,m^2,57.36546247779655
1054643,Shenandoah County,USA,38.8592634761015,-78.56952953981103,365446.339,m^2,50.330482727862275
1053095,Sherburne County,USA,45.44442350745248,-93.77387116233814,1105431.412,m^2,47.00669605270816
1052684,Sheridan County,USA,39.3504010914187,-100.44202385090176,29628.048,m^2,48.16839172125008
1053353,Sheridan County,USA,48.7220076731885,-104.5047857286201,13180.126,m^2,42.408043291847136
1053443,Sheridan County,USA,42.50405438454055,-102.4092605654821,78155.5,m^2,43.61537355656352
1053741,Sheridan County,USA,47.575012322815525,-100.34589060800909,7443.333,m^2,42.88468942609447
1054847,Sheridan County,USA,44.79084077434975,-106.8759566604042,213934.11,m^2,40.63706035003021
1052685,Sherman County,USA,39.35115844302351,-101.71904597624646,182925.084,m^2,47.40128480684476
1053444,Sherman County,USA,41.220020210584664,-98.97503137604032,19617.804,m^2,46.946576436384014
1053946,Sherman County,USA,45.40610812557205,-120.68827736250242,14571.249,m^2,42.14571283491209
1054443,Sherman County,USA,36.27860003360073,-101.89360196365266,37098.348,m^2,49.66399253141946
1053018,Shiawassee County,USA,42.95416605378514,-84.14785941592235,450672.754,m^2,48.02721535946235
1052295,Shoshone County,USA,47.34991234087165,-115.88864502584268,83667.8,m^2,41.72585428324875
34157105,Shreveport Urban Area,USA,,,6927445.642,m^2,56.828673572289865
1053096,Sibley County,USA,44.58090267684636,-94.23126682258976,49979.461,m^2,47.9743392190644
1051936,Sierra County,USA,39.58110326072002,-120.51728699253812,8575.406,m^2,42.88435474658576
1053531,Sierra County,USA,33.13176708771064,-107.18905444067704,113693.878,m^2,55.54577683593483
1053354,Silver Bow County,USA,45.903023668076386,-112.65616360113977,243103.221,m^2,41.90580478158288
1052806,Simpson County,USA,36.742905740622184,-86.58243498109387,284461.265,m^2,52.558206798384305
1053175,Simpson County,USA,31.913527700976537,-89.91941674146945,117270.292,m^2,55.28173224809571
34157124,Sioux City Urban Area,USA,,,2773083.346,m^2,47.879945535903126
1052579,Sioux County,USA,43.08354772975292,-96.17592319428256,1264434.972,m^2,47.004481395346914
1053445,Sioux County,USA,42.48860171260769,-103.75792509969772,795.198,m^2,43.2866015759597
1053742,Sioux County,USA,46.11224213027499,-101.04296291086028,889.94,m^2,43.114751556284695
34157128,Sioux Falls Urban Area,USA,,,4926051.783,m^2,46.58338101497785
1051937,Siskiyou County,USA,41.59278415693856,-122.53991082463396,198017.064,m^2,42.14464835212383
1051794,Sitka City and Borough,USA,57.12727845882819,-135.32577667960402,17462.796,m^2,35.820153485157824
1054691,Skagit County,USA,48.48217921532922,-121.79971380453284,2330857.512,m^2,39.02326466964232
1051795,Skagway-Yakutat-Angoon Census Area,USA,58.71132133179085,-136.77526307642168,2693.484,m^2,36.094206239947965
1054692,Skamania County,USA,46.026085795638615,-121.91187139637164,45195.562,m^2,40.12702837946788
1053743,Slope County,USA,46.44758772957389,-103.46037823672334,704.518,m^2,42.63296182638342
1052686,Smith County,USA,39.78567046211156,-98.78610901298546,43512.723,m^2,48.6479982418016
1053176,Smith County,USA,32.01652305941375,-89.50644023954428,134947.766,m^2,55.27748704635837
1054218,Smith County,USA,36.252549544185825,-85.95757099474677,153277.876,m^2,52.797864278860445
1054444,Smith County,USA,32.37462224690599,-95.26881746370172,3791023.393,m^2,57.3314236146155
1054644,Smyth County,USA,36.84381981904775,-81.53769327780769,296473.596,m^2,49.349996375393914
1054693,Snohomish County,USA,48.0456198706539,-121.72087860069114,9984260.337,m^2,39.53110168495399
1054009,Snyder County,USA,40.770440764313015,-77.06751274292047,385908.711,m^2,49.12439097286923
1053532,Socorro County,USA,34.008587864213524,-106.927830335485,162285.829,m^2,52.41249201740221
1051938,Solano County,USA,38.265564605011534,-121.94307921077883,8461464.562,m^2,43.24210418030939
1052896,Somerset County,USA,45.51395704992114,-69.95928162636459,602780.741,m^2,45.784407332284026
1052918,Somerset County,USA,38.06722861022632,-75.8515549385174,179797.66,m^2,53.67039482048877
1053500,Somerset County,USA,40.563400874558695,-74.61691535320584,4012397.425,m^2,50.36894978318355
1054010,Somerset County,USA,39.972805514520054,-79.02854817538709,404779.53,m^2,48.29823635350334
1054445,Somervell County,USA,32.223407274575095,-97.77328446562592,174607.367,m^2,57.41542629756281
1051939,Sonoma County,USA,38.51311567577709,-122.9845498737452,6030050.266,m^2,42.05665574877979
1054645,Southampton County,USA,36.720002787177854,-77.10762069436682,147038.6,m^2,54.70282953591778
34157194,South Bend Urban Area,USA,,,17191698.018,m^2,48.25898323640506
1051796,Southeast Fairbanks Census Area,USA,63.87176840294801,-143.3642121603724,24652.43,m^2,38.91563314448109
1052217,Spalding County,USA,33.260864216922826,-84.28423216365465,738975.931,m^2,54.53441956555416
1054068,Spartanburg County,USA,34.932522955277335,-81.99037269563274,8338956.998,m^2,54.03721331721395
1052477,Spencer County,USA,38.01454785377201,-87.0077355757794,638051.264,m^2,52.984863335369866
1052807,Spencer County,USA,38.03264490028339,-85.32809811330543,23410.316,m^2,52.221847240336274
1054129,Spink County,USA,44.938798912859845,-98.34718503240715,106059.692,m^2,44.89450846227236
1054694,Spokane County,USA,47.62113326736138,-117.40434070389595,8775560.801,m^2,42.784108966713084
34157075,Spokane Urban Area,USA,,,9504706.399,m^2,42.746375862882665
1054646,Spotsylvania County,USA,38.18576512579802,-77.65673743720035,1007755.949,m^2,53.69289638696045
34157113,Springdale Urban Area,USA,,,5380114.911,m^2,52.83292853649608
34157121,Springfield Urban Area,USA,,,7586682.395,m^2,51.89159018195594
34157149,Springfield Urban Area,USA,,,4777109.065,m^2,50.57529333234932
34157251,Springfield Urban Area,USA,,,6628632.471,m^2,48.69802471101585
34157148,Spring Hill Urban Area,USA,,,1073791.868,m^2,47.00185022261688
1052687,Stafford County,USA,38.0315334075565,-98.7182665201781,36165.281,m^2,49.411466013495094
1054647,Stafford County,USA,38.42052515131132,-77.44951085468131,599406.442,m^2,53.51165534854229
1051940,Stanislaus County,USA,37.559551379215165,-120.99716456573712,11915455.322,m^2,48.73187395213498
1054130,Stanley County,USA,44.41170479551003,-100.73624395946558,132639.609,m^2,44.482269741913974
1053683,Stanly County,USA,35.312207776986604,-80.25222439773094,710294.511,m^2,55.31238705433273
1052688,Stanton County,USA,37.56285534656073,-101.78462667326248,16018.764,m^2,48.93659492080663
1053446,Stanton County,USA,41.91882864079781,-97.19404679715949,335621.302,m^2,47.34155012306102
1052388,Stark County,USA,41.09312238985957,-89.79844271113865,13876.847,m^2,49.85364874311867
1053744,Stark County,USA,46.81130427790278,-102.65409339394012,991797.629,m^2,42.7334618865075
1053829,Stark County,USA,40.81401507764678,-81.3656753508273,6674882.374,m^2,49.3697207593669
1052478,Starke County,USA,41.2813611666946,-86.6474280031139,111552.912,m^2,48.54198500887184
1054446,Starr County,USA,26.562662024317568,-98.74181732627116,117147.934,m^2,45.08597172528882
34157229,State College Urban Area,USA,,,1325511.961,m^2,48.17616102296341
1054648,Staunton Independent City,USA,38.158839126708045,-79.0612228152982,422723.405,m^2,50.04519254144444
1053097,Stearns County,USA,45.55343267993922,-94.61248454425672,2747657.59,m^2,46.53234051663621
1053098,Steele County,USA,44.02435555869349,-93.2257847958831,826289.737,m^2,48.09255895187283
1053745,Steele County,USA,47.456934849197545,-97.72584489842208,28521.351,m^2,44.2107062179488
1052218,Stephens County,USA,34.55457401703428,-83.29281895389526,219001.145,m^2,54.47707300799729
1053910,Stephens County,USA,34.48706485289928,-97.85223988669914,524297.259,m^2,54.36018940736061
1054447,Stephens County,USA,32.73639770874142,-98.83646786138996,90264.419,m^2,57.48652151630201
1052389,Stephenson County,USA,42.354104462161594,-89.66280880401375,591667.77,m^2,49.7878509758948
1054448,Sterling County,USA,31.830263376516186,-101.04826538624434,15848.914,m^2,57.790746293405334
1052479,Steuben County,USA,41.6447909291179,-85.00168219413837,605671.45,m^2,48.08455880824497
1053588,Steuben County,USA,42.267968058792555,-77.38400947436573,931334.748,m^2,47.37068575905857
1052689,Stevens County,USA,37.1925585843106,-101.31248939457026,65120.301,m^2,49.14517798374427
1053099,Stevens County,USA,45.58665641040699,-96.00020735784416,98432.637,m^2,46.249870965053994
1054695,Stevens County,USA,48.39861858646695,-117.85496057964936,264577.156,m^2,43.14370826104125
1052219,Stewart County,USA,32.07888892093422,-84.83723911805664,7972.899,m^2,56.52327616341308
1054219,Stewart County,USA,36.50134853887143,-87.83856254726669,268861.242,m^2,53.19203990733629
34157054,St. George Urban Area,USA,,,1690043.557,m^2,52.508273419606304
1053355,Stillwater County,USA,45.67068860087994,-109.39196433035411,30492.369,m^2,40.74814662645595
34157136,St. Louis Urban Area,USA,,,47362132.173,m^2,51.92490304631962
34157026,Stockton Urban Area,USA,,,10323089.359,m^2,47.264834461073086
1053296,Stoddard County,USA,36.85564995363912,-89.94522750427481,359646.271,m^2,52.7071874297287
1053684,Stokes County,USA,36.40137764063713,-80.24051286162953,435393.915,m^2,53.98772391662847
1051884,Stone County,USA,35.85914055092289,-92.15718844566818,39359.849,m^2,53.31271194663373
1053177,Stone County,USA,30.790038596909405,-89.11813209118722,173242.728,m^2,55.26361229430652
1053297,Stone County,USA,36.74640636547243,-93.4556401799952,86900.082,m^2,52.54907892952277
1054449,Stonewall County,USA,33.17828065915258,-100.25617795162424,5430.245,m^2,55.924492541312596
1053470,Storey County,USA,39.44644485344311,-119.5290148970102,881113.199,m^2,44.83863195766291
1052580,Story County,USA,42.0354795306002,-93.46627828421828,2289272.218,m^2,49.71144431937539
1053481,Strafford County,USA,43.29650621929379,-71.02942324487357,632124.26,m^2,47.32466299743028
1053746,Stutsman County,USA,46.97919131160083,-98.95924763419124,447813.54,m^2,43.468307570601816
1054848,Sublette County,USA,42.767772099718826,-109.91518984709414,54050.349,m^2,43.31143353024418
1052935,Suffolk County,USA,42.35204962362976,-70.95157135187769,6973506.885,m^2,48.72815374842783
1053589,Suffolk County,USA,40.89332763528783,-72.65050181331411,24893405.352,m^2,49.88511122047952
1054649,Suffolk Independent City,USA,36.700032261989385,-76.63597846034567,1486276.69,m^2,54.600940090771395
1052480,Sullivan County,USA,39.09085746854478,-87.41308145023753,341425.952,m^2,51.561942619991584
1053298,Sullivan County,USA,40.2107201948797,-93.11242902001337,141251.625,m^2,49.59652190196042
1053482,Sullivan County,USA,43.36082212798952,-72.22193259117907,212149.312,m^2,47.0451276363319
1053590,Sullivan County,USA,41.716178869403144,-74.76877245618321,157022.081,m^2,48.080974484091826
1054011,Sullivan County,USA,41.44701216429951,-76.5118559575312,1835.29,m^2,47.814946411738745
1054220,Sullivan County,USA,36.51312432406595,-82.30435891087544,2800013.706,m^2,51.23646623071209
1054131,Sully County,USA,44.71600861007368,-100.1333083788299,83641.358,m^2,44.239093523565224
1054746,Summers County,USA,37.65666544707644,-80.85823767835193,4794.973,m^2,49.61863434893168
1052008,Summit County,USA,39.63322838554122,-106.11584731011298,230015.221,m^2,40.00914099506485
1053830,Summit County,USA,41.125502863082616,-81.53196314838857,7347583.795,m^2,49.15511147933768
1054508,Summit County,USA,40.869125417210356,-110.95342695116784,151672.407,m^2,42.85023205967846
1052690,Sumner County,USA,37.23781323133373,-97.47613605493736,265771.393,m^2,51.73922152712652
1054221,Sumner County,USA,36.470137172114896,-86.46042099364112,1723813.992,m^2,52.673772331812
1051767,Sumter County,USA,32.590875775929256,-88.19775551502784,50190.936,m^2,55.45267583772496
1052084,Sumter County,USA,28.70456268045102,-82.08103125324743,665460.267,m^2,48.42477028158918
1052220,Sumter County,USA,32.039900309942155,-84.19706330310936,551675.478,m^2,56.48196199868068
1054069,Sumter County,USA,33.916076661378995,-80.38149522369953,1222678.723,m^2,54.36545588026888
1053178,Sunflower County,USA,33.60099893773225,-90.58956814755824,190092.945,m^2,55.47474576186928
1053685,Surry County,USA,36.414125822115366,-80.68995384028517,667295.825,m^2,52.239737840409845
1054650,Surry County,USA,37.11719187173304,-76.8884842784222,80840.12,m^2,54.55385535053635
1054012,Susquehanna County,USA,41.822151857561266,-75.8016444344665,37176.237,m^2,47.91696378522656
1052023,Sussex County,USA,38.676317295874824,-75.28330036109895,2122696.825,m^2,52.91010546030284
1053501,Sussex County,USA,41.13875418933285,-74.69072977281927,322090.672,m^2,49.11652839483659
1054651,Sussex County,USA,36.922411405410664,-77.26257702979919,65979.399,m^2,54.42478977415359
1051941,Sutter County,USA,39.0341985191674,-121.69362162075304,1199311.736,m^2,48.79390135226693
1054450,Sutton County,USA,30.49722378034495,-100.53607242657968,38176.263,m^2,59.999973884295585
1052085,Suwannee County,USA,30.196061603629413,-82.99155933627401,363266.98,m^2,52.56326734678721
1053686,Swain County,USA,35.487522680331374,-83.493077716934,32485.103,m^2,48.885267194627644
1053356,Sweet Grass County,USA,45.813587256430615,-109.93958269636158,8316.316,m^2,41.13320429382433
1054849,Sweetwater County,USA,41.6597883715514,-108.8782512256996,675201.244,m^2,45.48767164741776
1053100,Swift County,USA,45.28336666646137,-95.68196526508348,123920.873,m^2,46.43972279795027
1054451,Swisher County,USA,34.5297036649533,-101.73429588628464,137259.131,m^2,50.67060326937376
1052481,Switzerland County,USA,38.82653230690683,-85.03619490448676,49198.671,m^2,51.461235345158
34157245,Syracuse Urban Area,USA,,,6869147.245,m^2,48.10904990521862
1052221,Talbot County,USA,32.699459960144345,-84.53317554629037,26127.734,m^2,55.89040247424441
1052919,Talbot County,USA,38.756301714573226,-76.16536571836323,474459.875,m^2,53.32284868978647
1052222,Taliaferro County,USA,33.56611934854186,-82.8787342652284,7386.84,m^2,54.72021121345528
1051768,Talladega County,USA,33.380193877250974,-86.16756913076887,1327970.329,m^2,54.59443377518414
34157137,Tallahassee Urban Area,USA,,,5233828.622,m^2,54.092648162181256
1053179,Tallahatchie County,USA,33.952308532515346,-90.173852304085,13960.298,m^2,54.98088472036915
1051769,Tallapoosa County,USA,32.86259010900289,-85.79742040952038,288186.006,m^2,55.549827808085865
1052581,Tama County,USA,42.079836039758405,-92.53326832378002,144221.881,m^2,49.66260258386174
34157139,Tampa Urban Area,USA,,,36430889.571,m^2,43.5016043415955
1053299,Taney County,USA,36.65437425437947,-93.04221151015209,752101.998,m^2,52.61303534125168
1052872,Tangipahoa Parish,USA,30.63487865143616,-90.40833513156906,1177324.174,m^2,54.60466352829683
1053533,Taos County,USA,36.57769487766601,-105.6306408210964,152532.995,m^2,45.427109183819546
1054452,Tarrant County,USA,32.770577395135284,-97.29204021694352,43639778.909,m^2,57.01572524987881
1053180,Tate County,USA,34.65259651264805,-89.9455306163166,88326.445,m^2,54.180967387513434
1052223,Tattnall County,USA,32.045550590047824,-82.05861865270569,62982.715,m^2,54.466251494556886
1052086,Taylor County,USA,29.969021922199616,-83.65565703601125,469297.179,m^2,52.06704398067562
1052224,Taylor County,USA,32.55554544443029,-84.2495035729198,16282.611,m^2,55.62202787992663
1052582,Taylor County,USA,40.737307216440385,-94.69801713776783,47156.006,m^2,49.39329346509965
1052808,Taylor County,USA,37.36665726266849,-85.32819486576626,301511.048,m^2,52.57430622907058
1054453,Taylor County,USA,32.30174833678132,-99.89152218533812,2955131.742,m^2,57.51674193752408
1054747,Taylor County,USA,39.335244639045015,-80.04619132183728,16390.942,m^2,50.30082108764707
1054819,Taylor County,USA,45.21152412689534,-90.50124137457004,285300.432,m^2,46.172210243971875
1052390,Tazewell County,USA,40.50766609275709,-89.51286110518453,3094496.085,m^2,50.03231182210399
1054652,Tazewell County,USA,37.124514145124024,-81.5618964082681,268941.435,m^2,49.73156813118068
1051942,Tehama County,USA,40.12530175207415,-122.23466770735772,912890.308,m^2,48.38370746181698
1052225,Telfair County,USA,31.929966407085892,-82.93882581770306,102645.349,m^2,55.14039788592856
1052009,Teller County,USA,38.88214964404154,-105.16174383915312,104558.454,m^2,43.625989429797805
34157029,Temecula Urban Area,USA,,,4716731.506,m^2,46.56126260433362
1052873,Tensas Parish,USA,32.002964937776404,-91.339714953562,22495.435,m^2,56.45892773356016
1052874,Terrebonne Parish,USA,29.269042148611373,-90.87397676447355,2512182.178,m^2,52.10297106725196
1052226,Terrell County,USA,31.77700878227633,-84.43701609327663,103257.369,m^2,56.3770528086959
1054454,Terrell County,USA,30.225289424325105,-102.07587860135166,3315.974,m^2,61.1203444297211
1054455,Terry County,USA,33.17517974777311,-102.33641689481698,344617.732,m^2,54.01067041437089
1052296,Teton County,USA,43.76031037133864,-111.20704628152517,12426.79,m^2,40.907344052647545
1053357,Teton County,USA,47.836436825679336,-112.24165794121392,44296.97,m^2,40.065579429021895
1054850,Teton County,USA,43.93442758296669,-110.59072603870466,61390.811,m^2,40.8901749155912
1053300,Texas County,USA,37.32029486848125,-91.96345563181002,101929.601,m^2,51.67225021316428
1053911,Texas County,USA,36.74885979313937,-101.48889342011002,390847.59,m^2,49.644239656179025
1053447,Thayer County,USA,40.17727644565388,-97.59546350361327,47437.878,m^2,48.47257978107705
1052227,Thomas County,USA,30.86415427751252,-83.9191962888385,1005210.08,m^2,54.72806476632229
1052691,Thomas County,USA,39.35122038387557,-101.055569914377,185533.287,m^2,47.934402779162745
1053448,Thomas County,USA,41.914481502937,-100.5554303941824,3311.724,m^2,45.20796026480467
1054456,Throckmorton County,USA,33.17633309872589,-99.21340722861518,6890.671,m^2,56.54035100500372
1053449,Thurston County,USA,42.16038140850146,-96.54480397594725,21641.946,m^2,47.95902669750678
1054696,Thurston County,USA,46.92950836609738,-122.8328844633336,3497420.62,m^2,39.76522923885546
1052228,Tift County,USA,31.45746705610419,-83.52659897020465,1149561.935,m^2,55.41505159789411
34157017,Tijuana Urban Area,USA,,,44718820.954,m^2,44.90471812876321
1053947,Tillamook County,USA,45.45274401145798,-123.83108111003725,283454.786,m^2,37.75241879316865
1053912,Tillman County,USA,34.37389314787629,-98.92361322530236,58325.77,m^2,54.11631014901303
1053591,Tioga County,USA,42.17025833417113,-76.30703039095333,186184.821,m^2,47.89790959919337
1054013,Tioga County,USA,41.77249700695237,-77.25443637654506,131974.265,m^2,47.81941808124485
1053181,Tippah County,USA,34.770207712376596,-88.90929917117579,160384.174,m^2,53.80132527290379
1052482,Tippecanoe County,USA,40.38954228035309,-86.89369282134727,5068811.541,m^2,49.632567076338255
1052483,Tipton County,USA,40.31142164666137,-86.05225428616752,274350.496,m^2,49.650693133793354
1054222,Tipton County,USA,35.49665749007039,-89.75837382376376,403715.189,m^2,53.729204270786056
1053182,Tishomingo County,USA,34.74348170367585,-88.23983758623035,417854.695,m^2,54.48127123951545
1054457,Titus County,USA,33.2153483836028,-94.96940548952144,705074.353,m^2,56.29529686353518
1052809,Todd County,USA,36.83618255032643,-87.17884442513356,75323.055,m^2,52.39828153544755
1053101,Todd County,USA,46.07208116954592,-94.89734157919092,155037.665,m^2,45.804991690245075
1054132,Todd County,USA,43.19133186534398,-100.71886673020089,4640.054,m^2,44.074982101501405
34157209,Toledo Urban Area,USA,,,14142495.765,m^2,48.725732228776806
1052019,Tolland County,USA,41.85523859784345,-72.33658015478183,517423.955,m^2,48.91404480490278
1054458,Tom Green County,USA,31.404591611574148,-100.46548631438822,1825166.968,m^2,58.90127935845922
1053592,Tompkins County,USA,42.45159392498911,-76.47395821709063,987226.657,m^2,47.72148997492072
1054509,Tooele County,USA,40.4486596505267,-113.13118741018744,364197.591,m^2,47.99182628311234
1053358,Toole County,USA,48.65561461597428,-111.69569065715436,78102.619,m^2,39.96420803763315
1052229,Toombs County,USA,32.12223749161986,-82.33169802932443,421922.303,m^2,54.89440166664998
34157115,Topeka Urban Area,USA,,,3807402.191,m^2,50.28872109298001
1053534,Torrance County,USA,34.6412798781492,-105.84710495205458,40727.862,m^2,48.65121522951536
1053747,Towner County,USA,48.68539019262175,-99.2479487911439,28117.499,m^2,43.17425472301075
1052230,Towns County,USA,34.91677999564232,-83.7372017554735,51223.744,m^2,50.83810857324291
34157022,Tracy Urban Area,USA,,,2419302.272,m^2,45.97750507589322
1053748,Traill County,USA,47.45421272462323,-97.16237535968716,138128.356,m^2,45.08036966718115
1053687,Transylvania County,USA,35.202457617486495,-82.79818757923762,90131.718,m^2,49.70234157746777
1053102,Traverse County,USA,45.772401866964536,-96.47194764329184,42030.58,m^2,45.70275016428515
1054459,Travis County,USA,30.33334360906914,-97.7803385895778,14976689.109,m^2,55.24880492309617
1053359,Treasure County,USA,46.21097806550016,-107.27146575319992,2058.353,m^2,41.80526323716097
1052692,Trego County,USA,38.91448307554794,-99.87320159624804,91255.094,m^2,48.38616907238077
1054820,Trempealeau County,USA,44.30416049564224,-91.35897553644726,667911.478,m^2,48.16186662987696
1052231,Treutlen County,USA,32.403704533174405,-82.56724319914524,11501.471,m^2,54.85678701446102
1052810,Trigg County,USA,36.80663503066248,-87.87376044336554,83932.528,m^2,53.072948332975265
1052811,Trimble County,USA,38.612603151094525,-85.33680640729605,25652.391,m^2,52.019246354072806
1051943,Trinity County,USA,40.650142548886485,-123.11293152676092,80074.994,m^2,42.39682968942839
1054460,Trinity County,USA,31.08830183362444,-95.13524004313965,35221.353,m^2,55.71272412504994
1054133,Tripp County,USA,43.344784427471616,-99.88373885165718,49100.232,m^2,45.067738763433944
1052232,Troup County,USA,33.033340087350645,-85.02894553752219,1945778.467,m^2,55.19753325957636
1054223,Trousdale County,USA,36.39408455109169,-86.15866588826388,25882.914,m^2,52.732283969262504
1053831,Trumbull County,USA,41.31688698825201,-80.76084092994567,3600393.992,m^2,48.7115661787828
1054748,Tucker County,USA,39.11363487048748,-79.56377451159413,27636.707,m^2,48.52852512421252
34157052,Tucson Urban Area,USA,,,14490243.327,m^2,57.24440971770301
1051944,Tulare County,USA,36.220211538093054,-118.80144209703172,5980179.008,m^2,51.511040442587365
1053913,Tulsa County,USA,36.12144022079538,-95.94271258915346,15968397.114,m^2,54.05034358303221
34157107,Tulsa Urban Area,USA,,,19233886.154,m^2,54.06352409311449
1053183,Tunica County,USA,34.65494623204865,-90.37662973757968,198212.082,m^2,54.27376559214993
1051945,Tuolumne County,USA,38.027776428938466,-119.95396528206012,253614.719,m^2,44.926251378178094
34157028,Turlock Urban Area,USA,,,2032753.8,m^2,49.9200165588179
1052233,Turner County,USA,31.716403578198953,-83.62413865858588,129711.607,m^2,56.05896819241473
1054134,Turner County,USA,43.31146681234423,-97.14723638444976,159421.637,m^2,46.53610211642727
1051770,Tuscaloosa County,USA,33.289881354230914,-87.52480955201052,4638856.31,m^2,55.415614792776374
34157131,Tuscaloosa Urban Area,USA,,,3777021.74,m^2,55.453211597611826
1053832,Tuscarawas County,USA,40.4408824797531,-81.47367245625898,1200444.291,m^2,49.65840923058711
1053019,Tuscola County,USA,43.46466127548481,-83.41808821744121,178916.627,m^2,47.41377080063106
1052234,Twiggs County,USA,32.667209245371495,-83.4271866730963,174848.625,m^2,55.07399105369001
1052297,Twin Falls County,USA,42.3562991344936,-114.66685305386676,1161365.987,m^2,45.105542464969744
1054461,Tyler County,USA,30.770894874187505,-94.37850400187014,49330.841,m^2,54.71556748850075
1054749,Tyler County,USA,39.46445131541624,-80.8843931155186,118480.001,m^2,51.00410532575873
1053688,Tyrrell County,USA,35.85499106527453,-76.18495492366142,4523.033,m^2,56.41389925742306
1054851,Uinta County,USA,41.288112684621936,-110.54701227730328,154517.974,m^2,43.86086982993966
1054510,Uintah County,USA,40.12341221707904,-109.51815406561332,165802.899,m^2,48.520729706903374
1053593,Ulster County,USA,41.88823828145293,-74.25867046041954,783461.179,m^2,48.845137474258955
1053948,Umatilla County,USA,45.59230174266228,-118.73904404534656,1394505.847,m^2,44.84957184191713
1054224,Unicoi County,USA,36.111096207777216,-82.43205343658241,155010.452,m^2,51.08149073070248
1051885,Union County,USA,33.17142674585037,-92.59714977291983,1458875.135,m^2,55.24678067873163
1052087,Union County,USA,30.043491641633427,-82.37087052662483,28404.04,m^2,51.15417437096976
1052235,Union County,USA,34.83457263743636,-83.99088291142954,109049.271,m^2,51.9047208211048
1052391,Union County,USA,37.47198978342633,-89.25442371385458,127066.087,m^2,52.745072097797426
1052484,Union County,USA,39.62527780608758,-84.92505587723603,13266.623,m^2,49.92111828307777
1052583,Union County,USA,41.02679402351328,-94.24356396172752,281727.115,m^2,49.47126265073918
1052812,Union County,USA,37.65846126897705,-87.94376114794466,149695.863,m^2,52.865351622977045
1053184,Union County,USA,34.49351104729809,-89.00376706757463,560287.286,m^2,54.124003418846094
1053502,Union County,USA,40.65862213555561,-74.30956445363049,8823833.864,m^2,50.7634748018642
1053535,Union County,USA,36.48129886798747,-103.47004449267352,18986.922,m^2,49.00710046631044
1053689,Union County,USA,34.987635957271024,-80.53101289449852,2510563.378,m^2,54.9802580156174
1053833,Union County,USA,40.29951242971871,-83.37139821786003,1183662.989,m^2,49.36534590505811
1053949,Union County,USA,45.31132732124016,-118.01008180760304,277522.465,m^2,40.68896412764278
1054014,Union County,USA,40.96379839911324,-77.06149584580508,376323.684,m^2,48.582650870307695
1054070,Union County,USA,34.68942846462021,-81.61893810028798,495720.176,m^2,54.9113396465832
1054135,Union County,USA,42.83481486543725,-96.65569113572772,297265.019,m^2,47.692186600670965
1054225,Union County,USA,36.28826141453401,-83.83770423598394,34151.998,m^2,53.01445748503499
1052875,Union Parish,USA,32.832818985423096,-92.37443255269494,107669.7,m^2,55.248045373953865
1054462,Upshur County,USA,32.738864401282896,-94.94118989061988,186442.289,m^2,56.97554231379342
1054750,Upshur County,USA,38.897193670829154,-80.23450292825893,103020.363,m^2,50.513284611509285
1052236,Upson County,USA,32.88140147143616,-84.30017066507844,229704.765,m^2,55.226515740759666
1054463,Upton County,USA,31.369310839804267,-102.04306303816212,90648.853,m^2,60.15318782908372
1054511,Utah County,USA,40.12039729147873,-111.66898335950488,7385982.846,m^2,47.26995599808086
34157246,Utica Urban Area,USA,,,1954383.077,m^2,48.10790366457926
1054464,Uvalde County,USA,29.355356701155,-99.76170072284272,225854.163,m^2,55.17236268077998
1051797,Valdez-Cordova Census Area,USA,61.29791137610102,-144.56252297921682,51219.471,m^2,36.44896012299698
1053536,Valencia County,USA,34.71650134933223,-106.80553151919489,787181.295,m^2,52.62794121778516
1052298,Valley County,USA,44.76678619127363,-115.56632232680197,28581.455,m^2,40.505182888694776
1053360,Valley County,USA,48.36532134362149,-106.66659256545944,45253.858,m^2,42.398254310162905
1053450,Valley County,USA,41.56676048772078,-98.98146097308415,147259.795,m^2,46.81496614877129
1054465,Val Verde County,USA,29.893298605889772,-101.15100975761646,579177.238,m^2,58.080592904792304
1051886,Van Buren County,USA,35.580946666002724,-92.5154592680917,50068.672,m^2,53.2963417523836
1052584,Van Buren County,USA,40.75323150354178,-91.95105815163338,25299.373,m^2,49.7022226598264
1053020,Van Buren County,USA,42.2509126678725,-86.01995626776811,685831.571,m^2,47.46557990547799
1054226,Van Buren County,USA,35.69621042637634,-85.45315951738898,1712.414,m^2,53.076047030683
1053690,Vance County,USA,36.3657123066751,-78.41073510523395,594885.378,m^2,54.83737633235288
1052485,Vanderburgh County,USA,38.02456338501697,-87.58632115176266,4312227.19,m^2,52.90373247820461
1053834,Van Wert County,USA,40.85531621978765,-84.58601785992923,542910.731,m^2,49.12901039526515
1054466,Van Zandt County,USA,32.56450818668689,-95.83634052620982,285153.429,m^2,57.03145878003802
1054015,Venango County,USA,41.400434387094265,-79.75727684805543,387796.623,m^2,47.85563647623615
1051946,Ventura County,USA,34.13423482692812,-119.21479984586188,12152565.78,m^2,43.36202530557296
1052392,Vermilion County,USA,40.18367200650861,-87.73336602338408,1242066.304,m^2,49.91684016169881
1052876,Vermilion Parish,USA,29.759814307180857,-92.31021383070347,362954.899,m^2,52.52607817534928
1052486,Vermillion County,USA,39.85689685022468,-87.4634987454853,444077.834,m^2,50.45434353969579
1053301,Vernon County,USA,37.85028913279397,-94.3422822865134,229692.883,m^2,52.025132959822706
1054821,Vernon County,USA,43.59382449133327,-90.83382417837448,225702.141,m^2,48.32618998505645
1052877,Vernon Parish,USA,31.109149783240714,-93.18461420004633,175074.366,m^2,56.06905829377671
1054467,Victoria County,USA,28.79585254555584,-96.9720206349333,1848948.176,m^2,50.02163112169348
1052487,Vigo County,USA,39.43185525427697,-87.3885361436378,2691728.413,m^2,51.05674778081706
1054822,Vilas County,USA,46.05336583330809,-89.51455833138819,286034.285,m^2,44.77173038889377
1053835,Vinton County,USA,39.251050230184255,-82.48537075860986,23369.643,m^2,51.499664629023215
1054653,Virginia Beach Independent City,USA,36.77851667558867,-75.9537418096392,6830987.656,m^2,54.78639901688032
34157225,Virginia Beach Urban Area,USA,,,33639316.074,m^2,54.724234056643915
34157037,Visalia Urban Area,USA,,,3929403.115,m^2,51.51247708215857
1052088,Volusia County,USA,29.082592984566645,-81.06711469898629,4384883.932,m^2,45.276489580978954
1053103,Wabasha County,USA,44.28573349218168,-92.23108451844162,391993.836,m^2,48.09979323246297
1052393,Wabash County,USA,38.44726563946566,-87.84379306776334,84315.083,m^2,52.218011408468875
1052488,Wabash County,USA,40.84642791380558,-85.79431753957002,715736.833,m^2,49.02752999579107
1052693,Wabaunsee County,USA,38.95391372289804,-96.20498610384536,17387.475,m^2,49.87514552860608
34157093,Waco Urban Area,USA,,,4267268.596,m^2,57.28851827821527
1051798,Wade Hampton Census Area,USA,62.15896131326407,-163.5717284286252,3371.45,m^2,39.10767147666435
1053104,Wadena County,USA,46.58807234153019,-94.96958950003192,182983.628,m^2,45.39075814476692
1053914,Wagoner County,USA,35.96149063027018,-95.5228287276914,453133.925,m^2,54.379380449168536
1054697,Wahkiakum County,USA,46.2919351600802,-123.4466404912832,20740.004,m^2,39.047209489448505
1053691,Wake County,USA,35.79020523398299,-78.65206206575134,14005308.872,m^2,55.05783313787669
1052089,Wakulla County,USA,30.13474908826465,-84.3566563439551,88058.302,m^2,52.95986745236129
1052897,Waldo County,USA,44.47841295823356,-69.1207982525709,183866.448,m^2,45.534721995608464
1051771,Walker County,USA,33.80360297174669,-87.29716819947323,564828.297,m^2,55.112988291023946
1052237,Walker County,USA,34.73542360967678,-85.30127333904342,542965.012,m^2,53.74823312003758
1054468,Walker County,USA,30.739712646453462,-95.57431135356138,488554.814,m^2,55.15640376025442
1052694,Wallace County,USA,38.91639952671061,-101.7641733521534,19613.544,m^2,47.45167665772182
1054698,Walla Walla County,USA,46.23080039857014,-118.47902092866391,830224.556,m^2,43.14079869494971
1054469,Waller County,USA,30.008097556253176,-95.9891373577112,450695.596,m^2,52.41147531426066
1053950,Wallowa County,USA,45.580185911049625,-117.18074820797352,39119.974,m^2,39.92375092069335
1053749,Walsh County,USA,48.36840858840821,-97.72134043506432,182555.937,m^2,44.242538663642584
1053185,Walthall County,USA,31.147414974609823,-90.10801816288112,29002.3,m^2,55.72157608189695
1052090,Walton County,USA,30.56742719775756,-86.17993038410852,425028.243,m^2,53.49749437944998
1052238,Walton County,USA,33.781551623279036,-83.7337849410337,939836.35,m^2,54.087582781832175
1054136,Walworth County,USA,45.430513498121066,-100.0327810232039,53438.289,m^2,43.657591207682565
1054823,Walworth County,USA,42.67124251142647,-88.53911532266171,1714971.466,m^2,48.99590967655202
1052585,Wapello County,USA,41.02996739044261,-92.41047309806676,1217838.54,m^2,49.875903992166315
1053750,Ward County,USA,48.22095143093778,-101.5410805798043,1202514.448,m^2,42.91109251437451
1054470,Ward County,USA,31.51020634906595,-103.10505292472028,365468.15,m^2,60.18260532415752
1052239,Ware County,USA,31.05315975355943,-82.4236241689791,783589.163,m^2,53.782083150121366
1052240,Warren County,USA,33.409063684727066,-82.67681374923882,102005.399,m^2,54.98845771879193
1052394,Warren County,USA,40.84929404344665,-90.61510293385795,214542.203,m^2,49.74317926156469
1052489,Warren County,USA,40.348394551687555,-87.35280773414958,79675.502,m^2,49.804378791363
1052586,Warren County,USA,41.33297085305962,-93.5634683719193,344626.286,m^2,50.03044873947891
1052813,Warren County,USA,36.99346702781714,-86.42354889943518,2186857.01,m^2,52.52796024098531
1053186,Warren County,USA,32.35922142354058,-90.8529443496155,1082872.311,m^2,56.11684224327719
1053302,Warren County,USA,38.76625947024888,-91.15907910063012,267356.937,m^2,51.249435218507166
1053503,Warren County,USA,40.85795657443599,-74.9970156100992,1060972.006,m^2,49.1778864427456
1053594,Warren County,USA,43.561343074925645,-73.85247343765379,534897.174,m^2,48.29180616310379
1053692,Warren County,USA,36.398245298832464,-78.1091368477221,56711.408,m^2,54.818667207134055
1053836,Warren County,USA,39.427455045820395,-84.16704416650803,3113085.705,m^2,50.966258838029646
1054016,Warren County,USA,41.814367122003006,-79.27647656827226,362508.708,m^2,47.499286610240546
1054227,Warren County,USA,35.678913412787374,-85.77847617429758,422390.116,m^2,53.324025853862544
1054654,Warren County,USA,38.9100365336366,-78.20679541599618,527077.729,m^2,50.845810546474446
1052490,Warrick County,USA,38.092700795873206,-87.27241593812765,847600.421,m^2,52.932895833236024
1054512,Wasatch County,USA,40.33190250911264,-111.16649777478855,93478.618,m^2,43.195655599016234
1053951,Wasco County,USA,45.16105420234382,-121.16593424584508,394234.91,m^2,41.74642178694931
1053105,Waseca County,USA,44.02411432627808,-93.58669518203892,364181.712,m^2,48.28164150098784
1054852,Washakie County,USA,43.903714164226905,-107.68177367715552,57245.324,m^2,44.87474070371233
1054824,Washburn County,USA,45.89906793533859,-91.79122625165532,222586.216,m^2,46.747870851984835
1051772,Washington County,USA,31.40797528931146,-88.2077674427752,709039.556,m^2,55.33802778416498
1051887,Washington County,USA,35.97979897766467,-94.2146098424648,5204587.213,m^2,52.83227648912874
1052010,Washington County,USA,39.969637986482624,-103.20045589849522,33336.345,m^2,46.152779976329136
1052091,Washington County,USA,30.610525374402236,-85.66523454622977,66582.909,m^2,55.10875247280049
1052241,Washington County,USA,32.969556709732224,-82.7958399221229,410738.188,m^2,55.02603527578497
1052299,Washington County,USA,44.45378504875298,-116.78365943424416,158773.308,m^2,45.57590500035434
1052395,Washington County,USA,38.35328132293112,-89.41177531249608,372016.101,m^2,52.73014763949692
1052491,Washington County,USA,38.59998199093148,-86.10554018056271,139007.549,m^2,51.90457636944595
1052587,Washington County,USA,41.33538099573905,-91.71856608177924,175357.644,m^2,50.32176742178402
1052695,Washington County,USA,39.78491802505211,-97.0874562207373,48102.998,m^2,49.31373250374125
1052814,Washington County,USA,37.75324394101001,-85.17461641864075,138447.224,m^2,52.27824843205235
1052898,Washington County,USA,44.91778282997287,-67.59437143298321,178580.172,m^2,45.200999347228766
1052920,Washington County,USA,39.605078940166486,-77.81380086041553,2402489.333,m^2,50.862466750440305
1053106,Washington County,USA,45.03702056672808,-92.88438955816744,3459778.555,m^2,47.642882644840256
1053187,Washington County,USA,33.28225057329784,-90.94760804113136,667938.372,m^2,55.408267745096694
1053303,Washington County,USA,37.96438358995082,-90.87712909649024,72134.937,m^2,51.71979734313762
1053451,Washington County,USA,41.53129066367292,-96.21975055496908,629178.276,m^2,48.91994273972677
1053595,Washington County,USA,43.315199506167595,-73.43542030427284,521320.945,m^2,48.30729887324976
1053693,Washington County,USA,35.84223078444502,-76.56644014537991,74339.14,m^2,55.660364647748146
1053837,Washington County,USA,39.455160283915475,-81.49398684751219,1114945.306,m^2,51.32795859225761
1053915,Washington County,USA,36.71693164271259,-95.904424149532,601565.684,m^2,53.013141171795965
1053952,Washington County,USA,45.55974977191,-123.09890516268293,10042664.148,m^2,41.1631439762253
1054017,Washington County,USA,40.19130077729253,-80.2485739749821,1819849.622,m^2,49.807322791531185
1054026,Washington County,USA,41.31717788420728,-71.58653632552648,1993826.232,m^2,49.36589181157889
1054228,Washington County,USA,36.29354832897849,-82.49802834919198,1446180.344,m^2,50.79236646781586
1054471,Washington County,USA,30.21475718095891,-96.4051065046773,543482.85,m^2,54.0240989573084
1054513,Washington County,USA,37.28180022107998,-113.50772073544294,1893385.139,m^2,52.41276863164394
1054527,Washington County,USA,44.27346335015903,-72.61524700171925,523621.296,m^2,46.69335721211767
1054655,Washington County,USA,36.725053275334254,-81.95937568749001,448950.685,m^2,50.389064389109905
1054825,Washington County,USA,43.36973593355846,-88.23051483488098,2156295.271,m^2,48.18518982551717
34157226,Washington D.C. Urban Area,USA,,,65443912.672,m^2,52.41131088247902
1052878,Washington Parish,USA,30.853415621819277,-90.04097556581728,338356.321,m^2,55.25783454182906
1053916,Washita County,USA,35.29062988797452,-98.99084507328074,85925.396,m^2,52.097326918342056
1053471,Washoe County,USA,40.66358262888573,-119.66382407936796,11842211.94,m^2,43.74445838376036
1053021,Washtenaw County,USA,42.25299872789134,-83.83944683010526,5524742.083,m^2,47.84900362053698
1053694,Watauga County,USA,36.23060898435117,-81.69624907860671,388766.13,m^2,48.87949667323129
34157248,Waterbury Urban Area,USA,,,2251411.618,m^2,49.44902795513602
34157145,Waterloo Urban Area,USA,,,4220000.996,m^2,49.24024962765672
1053107,Watonwan County,USA,43.97954796554897,-94.61495031909628,193493.867,m^2,47.673826736844326
34157011,Watsonville Urban Area,USA,,,1187071.178,m^2,39.532645435015354
34157185,Waukegan Urban Area,USA,,,9544046.115,m^2,47.86602269974467
1054826,Waukesha County,USA,43.02036036019353,-88.3046134486677,10385226.219,m^2,48.220440083029835
1054827,Waupaca County,USA,44.47050459528265,-88.96470935260605,793627.109,m^2,47.20591934568102
1054828,Waushara County,USA,44.113144834794326,-89.24316105955185,202777.362,m^2,47.89062399381643
1052242,Wayne County,USA,31.551504683967355,-81.91674284349462,519683.696,m^2,53.96248181701663
1052396,Wayne County,USA,38.430027295926,-88.42636617143634,108431.785,m^2,52.39032407333329
1052492,Wayne County,USA,39.86452751475674,-85.01036538403312,1186500.833,m^2,49.781452844542585
1052588,Wayne County,USA,40.73922416682527,-93.32805419729851,43582.883,m^2,49.75819761625223
1052815,Wayne County,USA,36.80228915766158,-84.82908263524673,147929.137,m^2,52.67705695464174
1053022,Wayne County,USA,42.28415972447242,-83.28787577320254,47738580.517,m^2,48.16966119713416
1053188,Wayne County,USA,31.639968491464018,-88.69594487220911,205532.064,m^2,55.52581512050596
1053304,Wayne County,USA,37.11297630548339,-90.46210132064456,18254.828,m^2,52.022651980067955
1053452,Wayne County,USA,42.2107145226464,-97.12036970081436,130939.893,m^2,47.30789812085764
1053596,Wayne County,USA,43.15568130792308,-77.03049805290443,453361.197,m^2,47.62589612846818
1053695,Wayne County,USA,35.3635663559089,-78.00505063373822,1309689.913,m^2,55.35207340487474
1053838,Wayne County,USA,40.82906548201542,-81.88827772208111,1106111.279,m^2,49.42466066743724
1054018,Wayne County,USA,41.647613797641,-75.30338610881725,82682.394,m^2,48.00653780053829
1054229,Wayne County,USA,35.24113232598929,-87.7889539475436,128395.735,m^2,53.55380978970991
1054514,Wayne County,USA,38.3240102041355,-110.90164012465584,5986.274,m^2,46.123120157881175
1054751,Wayne County,USA,38.14708691378258,-82.42546291554162,157964.98,m^2,52.16623728879654
1054656,Waynesboro Independent City,USA,38.06950226784796,-78.90291961322991,496837.842,m^2,50.78143255641948
1054230,Weakley County,USA,36.2998785045497,-88.71781193343085,475258.685,m^2,52.94644886289664
1054472,Webb County,USA,27.758692942130736,-99.33094161106897,6106198.322,m^2,49.00799803730974
1054515,Weber County,USA,41.269854935028704,-111.91238293642378,3983313.175,m^2,47.00447041525928
1052243,Webster County,USA,32.046993000501935,-84.55090312532583,9188.455,m^2,56.201928398190994
1052589,Webster County,USA,42.42708877485575,-94.18240788768324,1236403.418,m^2,48.96093249800446
1052816,Webster County,USA,37.518717628272775,-87.68271739055145,23151.538,m^2,52.925886522096285
1053189,Webster County,USA,33.61378524731312,-89.28586671970807,54800.536,m^2,54.9433155361838
1053305,Webster County,USA,37.28240019568428,-92.874688568553,246726.543,m^2,51.62765783979715
1053453,Webster County,USA,40.177694112338294,-98.50167480582616,19001.463,m^2,48.08551904661236
1054752,Webster County,USA,38.49473486512203,-80.42250883129725,10700.41,m^2,49.54676288104849
1052879,Webster Parish,USA,32.71441722425246,-93.33601085095644,475553.508,m^2,56.33734998544055
1052011,Weld County,USA,40.55580251774451,-104.39198050804724,4320503.276,m^2,45.04588283154447
1052493,Wells County,USA,40.72961530127333,-85.22095732476014,403798.787,m^2,49.09998580307771
1053751,Wells County,USA,47.58772398354985,-99.66169910419887,29721.74,m^2,42.91155329398615
1052880,West Baton Rouge Parish,USA,30.462866733710648,-91.31333773910669,1643309.155,m^2,54.182324232837374
1052881,West Carroll Parish,USA,32.78810336320586,-91.4580678414701,31663.331,m^2,55.80320298581346
1053597,Westchester County,USA,41.15067676525322,-73.75433825731199,4971982.49,m^2,50.49544070035532
34157237,West Chester Urban Area,USA,,,3511246.001,m^2,50.48936596026329
1052882,West Feliciana Parish,USA,30.880983950005607,-91.4210383562931,118134.651,m^2,55.13215083692929
1054019,Westmoreland County,USA,40.31117472391472,-79.46669506221942,3208977.279,m^2,49.3625844516302
1054657,Westmoreland County,USA,38.128162995410015,-76.78694166189399,33477.814,m^2,53.7862605067344
1054853,Weston County,USA,43.841206805248994,-104.56871167692938,109036.727,m^2,43.196771698768984
1054753,Wetzel County,USA,39.60462569059485,-80.63910592489195,151743.561,m^2,50.470575288529055
1053023,Wexford County,USA,44.33814081552787,-85.57880313216128,504967.632,m^2,45.93613038350149
1054473,Wharton County,USA,29.277319904006337,-96.22177996339768,357430.628,m^2,50.76183698504986
1054699,Whatcom County,USA,48.82766760489495,-121.83599914471992,4211708.229,m^2,39.118968084861606
1053361,Wheatland County,USA,46.46649886181726,-109.8427148100518,7948.354,m^2,40.88820855236191
1052244,Wheeler County,USA,32.11705929340119,-82.72470844691595,7016.344,m^2,55.018504081327826
1053454,Wheeler County,USA,41.9146282786869,-98.52799612843724,2270.313,m^2,46.485818034781985
1053953,Wheeler County,USA,44.72623384441458,-120.02661337614548,1296.1,m^2,42.41787747858962
1054474,Wheeler County,USA,35.40147730834457,-100.27066146540947,84076.793,m^2,50.10628605922207
1051888,White County,USA,35.25642679788531,-91.74501417597486,891021.886,m^2,53.87522267438445
1052245,White County,USA,34.64634746087733,-83.74730986545862,85267.565,m^2,53.0488069760172
1052397,White County,USA,38.08890622794231,-88.17930167583988,110610.462,m^2,52.65218209648198
1052494,White County,USA,40.75086184071025,-86.86537803701171,308325.584,m^2,49.24006844336343
1054231,White County,USA,35.926942972250735,-85.4549472299809,174406.905,m^2,53.04525597768047
1053472,White Pine County,USA,39.443030622405246,-114.9016205356597,62052.747,m^2,45.44473866725029
1052398,Whiteside County,USA,41.75761260363312,-89.9154106727996,789982.744,m^2,50.662906902685464
1052246,Whitfield County,USA,34.806069781269954,-84.96805316037661,3241515.512,m^2,54.21479646832552
1052495,Whitley County,USA,41.13935196696199,-85.50568389667892,1056550.78,m^2,48.68349064112186
1052817,Whitley County,USA,36.75931834068295,-84.14540725178418,131326.488,m^2,52.26897962884684
1054700,Whitman County,USA,46.90058998450175,-117.5238424350642,804726.659,m^2,42.99736461446097
1053362,Wibaux County,USA,46.96595303537929,-104.24756704677472,1825.078,m^2,42.68670160946546
1052696,Wichita County,USA,38.48171506806106,-101.34783288417178,9991.591,m^2,48.206453106417186
1054475,Wichita County,USA,33.988181536036244,-98.70330758098784,2126892.599,m^2,55.76783903134923
34157095,Wichita Falls Urban Area,USA,,,1997876.332,m^2,55.78203026732688
34157106,Wichita Urban Area,USA,,,10856568.583,m^2,50.807903301116184
1052921,Wicomico County,USA,38.3699459295657,-75.63129169493484,1469076.819,m^2,53.24803135839283
1054476,Wilbarger County,USA,34.07888453332384,-99.24150489453072,180450.883,m^2,54.74161750707532
1051773,Wilcox County,USA,31.98990020715354,-87.30827093253474,266658.557,m^2,55.7131809312236
1052247,Wilcox County,USA,31.973376186078276,-83.43230623549145,88596.523,m^2,55.88222243213766
34157241,Wilkes-Barre Urban Area,USA,,,3377036.341,m^2,48.045742741978984
1052248,Wilkes County,USA,33.7821317830472,-82.74376429383874,49326.024,m^2,54.57200180983572
1053696,Wilkes County,USA,36.208300722079464,-81.16387846600676,566357.633,m^2,51.408037772486416
1053108,Wilkin County,USA,46.35769693613173,-96.46912355031702,73272.095,m^2,45.62590924962634
1052249,Wilkinson County,USA,32.80251008200559,-83.17121205188265,216503.544,m^2,54.88289312714438
1053190,Wilkinson County,USA,31.161647283004207,-91.3124092079123,8422.832,m^2,55.7004277183731
1054477,Willacy County,USA,26.48692482909937,-97.53169610603628,35482.296,m^2,43.61240783290912
1052399,Will County,USA,41.446203660415186,-87.97836863956387,26164257.001,m^2,48.4743431737628
1054071,Williamsburg County,USA,33.62008704606398,-79.72777418385085,171182.336,m^2,54.06653261817855
1054658,Williamsburg Independent City,USA,37.27063043671991,-76.70814959127026,390398.772,m^2,54.55881793347444
1053752,Williams County,USA,48.34370343556585,-103.48055080155832,862614.462,m^2,42.63986483338138
1053839,Williams County,USA,41.560753442121474,-84.58866240300131,990747.575,m^2,48.39121076829282
1052400,Williamson County,USA,37.73135335492055,-88.93005770634625,671710.774,m^2,53.18103090899656
1054232,Williamson County,USA,35.89420114653635,-86.89943012493258,2805877.269,m^2,52.63679558858139
1054478,Williamson County,USA,30.648684818292946,-97.6034334460498,4495408.133,m^2,55.84090263156536
1052697,Wilson County,USA,37.55962850511103,-95.74368657090396,119367.679,m^2,51.87690215539836
1053697,Wilson County,USA,35.70591207126014,-77.91988218567813,1566482.524,m^2,55.11428800912687
1054233,Wilson County,USA,36.15544349499728,-86.2963375832835,2139793.19,m^2,52.78900615671181
1054479,Wilson County,USA,29.174283699642107,-98.08554986108406,111157.515,m^2,53.48147121676839
1054659,Winchester Independent City,USA,39.17334491360408,-78.17513421610232,908348.669,m^2,50.58890646758904
1052020,Windham County,USA,41.83086236231608,-71.98763433428473,638163.518,m^2,48.81206836082409
1054528,Windham County,USA,42.990279584693134,-72.71386511158856,222905.192,m^2,47.35359336089399
1054529,Windsor County,USA,43.579315916876695,-72.58536362262024,253167.349,m^2,47.084380569154675
1054480,Winkler County,USA,31.84955747720493,-103.0482428743808,132923.475,m^2,57.94786218160486
1052401,Winnebago County,USA,42.33937644537586,-89.16156714077331,6246130.489,m^2,49.89108882480153
1052590,Winnebago County,USA,43.3807202889461,-93.73360597239088,101245.326,m^2,48.1523792219307
1054829,Winnebago County,USA,44.06908260272336,-88.64456336914346,5227039.33,m^2,47.59508824051645
1052591,Winneshiek County,USA,43.29165529019126,-91.84317345440006,407152.87,m^2,48.12147658937048
1052883,Winn Parish,USA,31.945675189630848,-92.63656999940972,117706.848,m^2,56.30854829278922
1053109,Winona County,USA,43.989197250374446,-91.78074151487664,1141346.084,m^2,48.18149087722283
1051774,Winston County,USA,34.149475325382326,-87.37353906887772,209685.646,m^2,54.80652188753064
1053191,Winston County,USA,33.08758537033776,-89.03613563208332,129481.476,m^2,54.767521456119326
34157205,Winston-Salem Urban Area,USA,,,7088305.505,m^2,54.30993898153096
1054754,Wirt County,USA,39.022488289289946,-81.37904065929933,2056.862,m^2,51.751828270443035
1054481,Wise County,USA,33.216263192858754,-97.6537250089637,680739.079,m^2,56.299370631548534
1054660,Wise County,USA,36.97593539771243,-82.62169882192153,159222.181,m^2,50.39324175568227
1052818,Wolfe County,USA,37.739540821398045,-83.49279833547665,3874.639,m^2,52.15559255971976
1052592,Woodbury County,USA,42.38954841168965,-96.04398051810198,2238496.313,m^2,47.912431622128835
1053840,Wood County,USA,41.3617968522852,-83.62352598338651,4574597.933,m^2,48.91396853827066
1054482,Wood County,USA,32.78714399559786,-95.38109057214054,422238.619,m^2,56.93539602544029
1054755,Wood County,USA,39.20998048593837,-81.5145700116088,1569276.705,m^2,51.489276940487045
1054830,Wood County,USA,44.45548269893072,-90.04149096009597,2155716.053,m^2,47.16932177570049
1052402,Woodford County,USA,40.78821012722131,-89.21062133491183,291217.502,m^2,49.86735385842297
1052819,Woodford County,USA,38.04245967426561,-84.74326374046538,357007.651,m^2,51.99882203364879
34157036,Woodland Urban Area,USA,,,2117886.134,m^2,47.70993636761777
1051889,Woodruff County,USA,35.18605144406107,-91.2424366299563,95356.222,m^2,54.05045996893627
1053917,Woods County,USA,36.76765943978649,-98.86546711957668,170159.206,m^2,51.49182149451261
1052698,Woodson County,USA,37.88707680459952,-95.7408594481238,28132.844,m^2,51.30544768243125
1053918,Woodward County,USA,36.42231310209698,-99.26427121324606,559221.518,m^2,50.708168232539286
1052922,Worcester County,USA,38.213368855574174,-75.22479712158912,641884.579,m^2,52.67752205026879
1052936,Worcester County,USA,42.3520886927098,-71.9079877373684,4938104.628,m^2,48.41111174528156
34157253,Worcester Urban Area,USA,,,3287620.271,m^2,48.50848246518796
1052250,Worth County,USA,31.55142240257955,-83.85086152198394,105314.218,m^2,55.6433822069495
1052593,Worth County,USA,43.380125061084776,-93.26054938218714,57063.76,m^2,48.01667943016724
1053306,Worth County,USA,40.477359553196486,-94.42315286468448,8614.722,m^2,49.40394373724422
1051799,Wrangell-Petersburg Census Area,USA,56.5422642043512,-133.00211920520286,15760.262,m^2,37.239929386960696
1052594,Wright County,USA,42.732234335381925,-93.73540049966248,688095.635,m^2,48.785048810838624
1053110,Wright County,USA,45.17530519511828,-93.9643153879602,1335293.541,m^2,47.14881507915569
1053307,Wright County,USA,37.27315757069697,-92.46685376184756,156819.687,m^2,51.65912242255655
1053841,Wyandot County,USA,40.842544578236264,-83.30400928437722,464091.125,m^2,49.091272848624286
1052699,Wyandotte County,USA,39.113789752251826,-94.76535693151938,6542100.76,m^2,50.54332859740302
1053598,Wyoming County,USA,42.70231528546827,-78.2230465667786,83557.292,m^2,47.32826099725683
1054020,Wyoming County,USA,41.51964802520923,-76.01684357282763,566125.563,m^2,48.10998909794858
1054756,Wyoming County,USA,37.61030785525929,-81.54837935188655,8527.865,m^2,50.68780181205965
1054661,Wythe County,USA,36.91705651616781,-81.07997404712577,404164.178,m^2,49.84726020671728
1053698,Yadkin County,USA,36.16051529542155,-80.66761363393468,98136.807,m^2,53.39179115538169
1054701,Yakima County,USA,46.45667012136867,-120.73778241995709,5123263.45,m^2,44.148872713543554
34157060,Yakima Urban Area,USA,,,3840887.838,m^2,43.775831774757485
1053192,Yalobusha County,USA,34.02978405645214,-89.70732664172002,8546.671,m^2,55.1345866712314
1053954,Yamhill County,USA,45.23230961448302,-123.31022206787844,1578532.371,m^2,40.90262332605658
1053699,Yancey County,USA,35.89953338656974,-82.3068539275942,64979.662,m^2,49.24701767454562
1054137,Yankton County,USA,43.01013199952067,-97.39348107641965,474977.704,m^2,46.973931999553386
1053599,Yates County,USA,42.63350527374606,-77.10430744438317,41260.016,m^2,47.881580171951455
1051814,Yavapai County,USA,34.60034435275953,-112.5529898438387,1329736.045,m^2,51.010493121587906
1053193,Yazoo County,USA,32.78002142456705,-90.39606935443312,259657.501,m^2,55.84794455446909
1051890,Yell County,USA,35.003582690537876,-93.41161182735898,135284.637,m^2,54.697821564173616
1053111,Yellow Medicine County,USA,44.716835500416856,-95.86813462129685,213538.319,m^2,46.15308303049815
1053363,Yellowstone County,USA,45.93609509792073,-108.2747404846386,5422594.847,m^2,41.60236871445542
1054483,Yoakum County,USA,33.17427701393685,-102.8272741017882,244414.409,m^2,54.444590302366336
1051947,Yolo County,USA,38.68673643990252,-121.90211609461076,6656755.834,m^2,47.31527091864791
1052899,York County,USA,43.40067931100108,-70.61789499159178,1091906.155,m^2,46.99966233911375
1053455,York County,USA,40.87325552111656,-97.5967762365864,276757.286,m^2,48.17855032730737
1054021,York County,USA,39.92067070231656,-76.72683128691484,5868412.584,m^2,50.871462538599175
1054072,York County,USA,34.97444777787603,-81.18471851620271,3567632.466,m^2,55.210004654106086
1054662,York County,USA,37.23924843354062,-76.5385335202904,1205456.423,m^2,54.62670918963614
34157232,York Urban Area,USA,,,5562003.115,m^2,50.895560204482194
1054484,Young County,USA,33.1757906670443,-98.68900699753338,319010.285,m^2,57.00688766194482
34157221,Youngstown Urban Area,USA,,,9757651.151,m^2,48.80579961246044
34157042,Yuba City Urban Area,USA,,,1244967.013,m^2,48.694491906991594
1051948,Yuba County,USA,39.269375845014885,-121.35011453980916,462386.806,m^2,48.10296518495383
1051800,Yukon-Koyukuk Census Area,USA,65.50019051954447,-151.42012048226752,81650.347,m^2,40.27406802080095
1051815,Yuma County,USA,32.77057352071624,-113.9047673137364,1757678.663,m^2,48.277326732844344
1052012,Yuma County,USA,40.00299323494822,-102.42210182918603,191265.765,m^2,46.95020751361332
34157045,Yuma Urban Area,USA,,,1600070.365,m^2,48.40972742595604
1054485,Zapata County,USA,26.99844515546594,-99.1694366531278,25349.156,m^2,46.79486417614851
1054486,Zavala County,USA,28.862653607835178,-99.75893647189012,44478.668,m^2,53.52758423431206
1054138,Ziebach County,USA,44.97913069245953,-101.66598555003723,644.378,m^2,43.835978261206925
49534044,48th Street power station,USA,42.7553,-86.0853,84.0,MW,261.3095238095238
25449983,491 E 48th Street,USA,42.7568,-86.0849,161.7,MW,0.0411873840445269
25449754,59th Street,USA,40.7713,-73.9912,17.1,MW,261.34502923976606
25449755,74th Street,USA,40.7682,-73.9512,37.0,MW,97.27027027027027
25449211,A B Brown,USA,37.9053,-87.715,706.8,MW,403.6502546689304
25449841,Aberdeen CT,USA,45.4299,-98.494,111.0,MW,218.73873873873873
25456555,Acadia Energy Center,USA,30.4286,-92.4131,1389.2,MW,128.7791534696228
25456958,ADA Carbon Solutions Red River,USA,32.0039,-93.3911,20.8,MW,97.2596153846154
25456139,Ada Cogeneration LP,USA,42.9627,-85.4941,33.1,MW,261.32930513595164
25449206,AES Alamitos LLC,USA,33.768,-118.1005,1793.0,MW,261.3496932515337
41635051,AES Beaver Valley Partners Beaver Valley,USA,40.6572,-80.3539,0.0,MW,0.0
25456110,AES Hawaii,USA,21.3034,-158.1065,203.0,MW,367.6847290640394
25449459,AES Huntington Beach LLC,USA,33.6448,-117.9793,917.2,MW,261.3388573920628
25449033,AES Petersburg,USA,38.5281,-87.2525,2154.8,MW,424.72619268609606
25449208,AES Redondo Beach LLC,USA,33.8504,-118.395,821.4,MW,261.38300462624784
25448863,AES Warrior Run Cogeneration Facility,USA,39.5952,-78.7453,229.0,MW,328.51528384279476
25456574,Afton Generating Station,USA,32.1142,-106.8465,287.0,MW,165.85365853658536
25456294,Agnews Power Plant,USA,37.4058,-121.9272,32.0,MW,261.34375
25456086,Agrilectric Power Partners Ltd,USA,30.2012,-93.1269,12.1,MW,534.2148760330579
713406,Agua Fria,USA,33.5561,-112.2153,613.3,MW,261.3729007011251
25456755,Agua Mansa Power Plant,USA,34.0414,-117.3603,60.5,MW,3.897520661157025
25450115,Airport Industrial,USA,38.2844,-104.5308,10.0,MW,97.28
25456623,Air Products Port Arthur,USA,29.8665,-93.9651,169.1,MW,261.324659964518
50384994,Air Products Texas City,USA,29.3822,-94.9,0.0,MW,0.0
25457108,A.J. Mihm Generating Station,USA,46.7927,-88.614,56.4,MW,261.34751773049646
25456024,Alabama River Pulp,USA,31.5825,-87.4889,117.0,MW,574.6153846153846
25450008,Alameda,USA,37.7886,-122.2889,54.8,MW,261.3138686131387
25449467,Alamosa,USA,37.4594,-105.8947,53.2,MW,261.27819548872174
25457075,Albany Green Energy,USA,31.5559,-84.1103,54.5,MW,574.6788990825688
50384863,Albany Medical Ctr Cogen Plant,USA,42.655,-73.7777,4.3,MW,261.3953488372093
25456805,Alden Bailey Power Plant,USA,46.1584,-123.406,10.9,MW,261.3761467889908
25449538,Algona,USA,43.0733,-94.2392,16.1,MW,97.2670807453416
25456935,Algonquin Power Sanger LLC,USA,36.6842,-119.5522,61.5,MW,261.3008130081301
25456084,Algonquin Windsor Locks,USA,41.9227,-72.6255,71.0,MW,261.40845070422534
25450049,Allegany Cogen,USA,42.5027,-78.0686,67.0,MW,261.34328358208955
25456722,Allegheny Energy Units 3 4 & 5,USA,40.5453,-79.7686,556.0,MW,261.33093525179856
713191,Allen,USA,35.0664,-90.1431,1791.7,MW,204.4985209577496
25457023,Allendale Biomass,USA,32.9997,-81.2826,22.5,MW,574.6666666666666
25449104,Allen S King,USA,45.03,-92.7786,598.4,MW,0.0
25456349,Alliance Refinery,USA,29.6833,-89.975,25.0,MW,261.36
25456545,Alliant Energy Neenah,USA,44.1936,-88.5064,371.0,MW,0.0
42299280,Alma,USA,44.3083,-91.9111,0.0,MW,0.0
25449991,Almond Power Plant,USA,37.5744,-120.985,223.5,MW,42.52348993288591
25457028,Alpaca,USA,41.6631,-76.8056,21.0,MW,261.3333333333333
25456211,Alpena Cement Plant,USA,45.0699,-83.4082,47.2,MW,97.28813559322032
25449949,A L Pierce,USA,41.4482,-72.8349,84.0,MW,261.3095238095238
25457066,Alpine Power Plant,USA,45.0637,-84.8254,453.8,MW,9.263992948435432
25456713,AL Sandersville LLC,USA,33.1189,-82.8608,692.0,MW,261.271676300578
25450055,Alsey,USA,39.5698,-90.436,173.0,MW,261.32947976878614
25456208,AltaGas Ripon Energy Inc.,USA,37.7325,-121.116,49.5,MW,261.4141414141414
25456130,Altavista Power Station,USA,37.1187,-79.2736,71.1,MW,574.6835443037975
25456769,AMEA Peaking,USA,33.1661,-86.2825,98.6,MW,5.8519269776876275
25456871,Amelia,USA,37.3097,-78.0589,14.4,MW,261.31944444444446
25456896,Ameresco Ox Mountain,USA,37.5042,-122.406,11.4,MW,261.3157894736842
25456408,American Crystal Sugar Hillsboro,USA,47.4376,-97.0631,13.3,MW,367.6691729323308
41635154,American Eagle Paper Mills,USA,40.6799,-78.2335,0.0,MW,0.0
25448878,Ames Electric Services Power Plant,USA,42.0258,-93.6089,108.8,MW,227.38970588235296
25449938,Ames GT,USA,42.0272,-93.5828,78.7,MW,97.28081321473952
25449800,Anadarko and WFEC GenCo power complex,USA,35.084,-98.2282,624.9,MW,261.3218114898384
25450023,Anaheim GT,USA,33.8535,-117.8563,0.0,MW,0.0
25448994,Anclote,USA,28.1844,-82.7886,1112.4,MW,82.87486515641855
25449995,Anderson,USA,40.0529,-85.7389,168.7,MW,261.35151155898046
25456503,Androscoggin Energy Center,USA,44.5063,-70.2423,163.5,MW,261.34556574923545
25456393,Androscoggin Mill,USA,44.5063,-70.2395,80.0,MW,261.37500000000006
25449979,Angus Anson,USA,43.6035,-96.6356,405.7,MW,0.8306630515158985
25456065,Anheuser-Busch St Louis,USA,38.5967,-90.212,22.0,MW,261.3636363636364
25449746,Animas,USA,36.7251,-108.192,0.0,MW,0.0
25456575,ANP Bellingham Energy Project,USA,42.1106,-71.4535,578.0,MW,261.4186851211073
25456576,ANP Blackstone Energy Project,USA,42.0599,-71.5158,578.0,MW,261.4186851211073
25456814,Anson County Generation Facility,USA,34.9687,-79.9217,343.8,MW,17.9173938336242
25456946,Antelope Station,USA,33.865,-101.8433,167.4,MW,261.3500597371565
25448896,Antelope Valley,USA,47.3705,-101.8357,954.0,MW,554.2976939203354
713517,Anthony,USA,37.1517,-98.0311,11.1,MW,261.35135135135135
25448883,Apache Station,USA,32.0617,-109.8946,408.0,MW,464.7058823529411
25456685,Apex Generating Station,USA,36.416,-114.9609,600.6,MW,261.4052614052614
25456995,Apple Data Center - Fuel Cell 1&2,USA,35.5883,-81.2667,10.5,MW,261.3333333333333
25456568,Arapahoe Combustion Turbine Project,USA,39.6692,-105.0018,194.0,MW,75.05154639175258
25456030,ArcelorMittal Burns Harbor,USA,41.635,-87.1387,176.2,MW,261.3507377979569
25456203,Archbald Power Station,USA,41.485,-75.5406,93.4,MW,261.3490364025696
25456147,Archer Daniels Midland Cedar Rapids,USA,41.9221,-91.6875,294.6,MW,426.34080108621856
25456146,Archer Daniels Midland Clinton,USA,41.8206,-90.2097,180.0,MW,396.27777777777777
25456913,Archer Daniels Midland Columbus,USA,41.4164,-97.2863,71.4,MW,367.6470588235294
25448882,Archer Daniels Midland Decatur,USA,39.8701,-88.8908,335.0,MW,314.32835820895525
25456148,Archer Daniels Midland Peoria,USA,40.6772,-89.6049,36.0,MW,261.3333333333333
25456112,Argus Cogen Plant,USA,35.765,-117.3833,55.0,MW,367.6363636363636
25456988,Arizona State University CHP,USA,33.4172,-111.9283,17.1,MW,261.34502923976606
25456611,Arlington Valley Energy Facility,USA,33.3417,-112.8897,713.0,MW,349.0883590462833
25456632,Armstrong,USA,40.638,-79.3517,688.0,MW,12.286337209302326
25449604,Arsenal Hill - J Lamar Stall plant complex,USA,32.5188,-93.7606,749.0,MW,261.28170894526033
25448947,Arthur Kill Generating Station,USA,40.5916,-74.2,895.5,MW,261.3065326633166
25450130,Arvada,USA,44.69,-106.1092,22.5,MW,261.3333333333333
25449499,Arvah B Hopkins,USA,30.4522,-84.4,673.1,MW,261.32818303372454
25448984,Asbury,USA,37.3613,-94.5893,0.0,MW,0.0
25456061,Ascend Performance Materials Texas Inc.,USA,29.2558,-95.2103,52.1,MW,261.4203454894434
25449871,Ascutney,USA,43.4011,-72.4203,13.2,MW,97.27272727272728
25456402,Ashdown,USA,33.6398,-94.1133,156.5,MW,574.6325878594249
25449770,Asheville,USA,35.4731,-82.5417,1011.5,MW,261.29510627780525
25456763,Ashtabula,USA,41.89,-80.7612,26.1,MW,261.34099616858236
41635885,Aspen Biomass Power Plant,USA,31.3658,-94.7436,0.0,MW,0.0
25456640,Astoria Energy,USA,40.7819,-73.8965,1245.0,MW,207.14859437751005
25456596,Astoria Gas Turbines,USA,40.787,-73.9048,502.8,MW,261.33651551312647
25448946,Astoria Generating Station,USA,40.7877,-73.9126,958.0,MW,261.3778705636743
25457102,Astoria Station,USA,44.5815,-96.5652,0.0,MW,0.0
41635667,Atascocita,USA,29.9522,-95.2422,0.0,MW,0.0
1928341,Athens Energy,USA,44.9455,-69.6607,8.5,MW,574.5882352941177
25449301,Athens Generating Plant,USA,42.2728,-73.8492,1221.6,MW,0.0297478716437459
25449539,Atlantic,USA,41.409,-95.0,10.0,MW,261.3
25456309,"Atlantic Alumina, Gramercy Operations",USA,30.054,-90.6693,85.3,MW,261.3130128956624
25456580,Attala,USA,33.0147,-89.6753,551.3,MW,518.592417921277
25449715,Auburn,USA,40.3883,-95.8464,18.7,MW,97.27272727272728
41635721,Auburndale Peaker Energy Center,USA,28.0535,-81.8059,0.0,MW,0.0
25456590,Audrain Generating Station,USA,39.3092,-91.5369,814.4,MW,0.0
25449956,Augusta Electric Plant No 2,USA,37.6861,-96.965,20.7,MW,261.3526570048309
25449352,Aurora,USA,41.8151,-88.2265,1086.2,MW,3.7552936844043447
41628103,Austin Northeast,USA,43.7014,-92.9626,0.0,MW,0.0
25448928,Avon Lake,USA,41.5045,-82.0546,712.1,MW,355.56803819688247
25449486,Avon Park,USA,27.5794,-81.4928,0.0,MW,0.0
25456245,Axiall Natrium Plant,USA,39.7475,-80.8547,123.0,MW,261.3821138211382
25457051,Backus Microgrid Project,USA,41.5428,-72.0936,10.4,MW,97.3076923076923
25457072,Bacliff,USA,29.4923,-94.9848,427.2,MW,3.794475655430712
1193,Baconton Power Plant,USA,31.3869,-84.08,341.6,MW,261.32903981264633
25456107,Badger Creek Limited,USA,35.4837,-119.0299,46.0,MW,261.30434782608694
25449101,Bailly,USA,41.645,-87.1225,0.0,MW,0.0
40692519,Baldwin City Plant No 2,USA,38.7649,-95.192,6.4,MW,261.40625
25449027,Baldwin Energy Complex,USA,38.205,-89.8544,1894.1,MW,367.6680217517555
25450132,Barber Creek,USA,44.1685,-105.8915,22.5,MW,261.3333333333333
25448923,Barney M Davis,USA,27.6064,-97.3117,1082.2,MW,48.623175013860646
25456841,Barre Peaker,USA,33.8073,-117.9832,49.8,MW,22.06827309236948
25449975,Barrow,USA,71.292,-156.7786,20.3,MW,261.33004926108373
25448865,Barry,USA,31.0069,-88.0103,2569.5,MW,310.6830122591944
25456624,BASF Freeport Works,USA,29.002,-95.394,92.7,MW,240.6688241639698
25456746,Basin Creek Plant,USA,45.9293,-112.5194,54.9,MW,261.38433515482694
25456554,Bastrop Energy Center,USA,30.1458,-97.55,618.7,MW,218.19945046064328
25456449,Batavia Power Plant,USA,42.9828,-78.1592,66.2,MW,261.32930513595164
25449058,Batesville Generation Facility,USA,34.3356,-89.9275,891.0,MW,309.31537598204267
713638,Baxter Wilson,USA,32.2831,-90.9306,544.6,MW,261.29269188395153
25449487,Bayboro,USA,27.7581,-82.6353,226.8,MW,97.2663139329806
25456031,Bay County Waste to Energy,USA,30.2661,-85.5207,0.0,MW,0.0
41635948,Bayer CropScience Institute Plant,USA,38.3808,-81.7725,0.0,MW,0.0
25449881,Bay Front,USA,46.5872,-90.9017,67.2,MW,447.7678571428571
25456903,Bayonne Energy Center,USA,40.6528,-74.0915,644.0,MW,30.10869565217391
41635202,Bayonne Plant Holding LLC,USA,40.6553,-74.1124,0.0,MW,0.0
25456037,Bayou Cogen Plant,USA,29.6256,-95.0466,318.4,MW,261.3379396984925
25456661,Bayou Cove Peaking Power,USA,30.2825,-92.5997,416.0,MW,1.244951923076923
25456718,Bayswater Peaking Facility LLC,USA,40.6112,-73.7618,121.0,MW,123.30578512396694
25449329,Baytown Energy Center,USA,29.7731,-94.9019,932.9,MW,379.5690856469075
25456820,Bayway Refinery,USA,40.6376,-74.2212,11.2,MW,97.32142857142858
41627311,B C Cobb,USA,43.2588,-86.2423,0.0,MW,0.0
25456888,Bear Garden,USA,37.6956,-78.2853,559.0,MW,705.5456171735242
25456106,Bear Mountain Limited,USA,35.4192,-118.9266,46.0,MW,3.130434782608696
25450118,Beatrice,USA,40.3302,-96.8081,247.1,MW,185.67381626871713
25450139,Beaver,USA,46.1724,-123.1739,610.7,MW,261.3394465367611
25457027,Beaver Dam (PA),USA,41.6116,-76.8403,22.0,MW,261.3636363636364
712914,Belews Creek,USA,36.2824,-80.0587,2220.0,MW,281.0810810810811
25448960,Belle River,USA,42.7749,-82.4885,2022.0,MW,331.84965380811076
25449564,Belleville,USA,39.8328,-97.632,14.5,MW,227.3793103448276
25456039,Bellingham Cogeneration Facility,USA,42.0925,-71.4833,386.1,MW,261.33126133126126
25456337,Bellmeade Power Station,USA,37.4964,-77.4317,0.0,MW,0.0
25449565,Beloit,USA,39.4578,-98.1122,19.3,MW,261.34715025906735
41627219,Beluga,USA,61.1861,-151.0356,0.0,MW,0.0
25449840,Ben French,USA,44.0872,-103.261,110.0,MW,246.45454545454547
25449689,Benndale,USA,30.8889,-88.8054,28.4,MW,261.3380281690141
25456723,Bennett Mountain,USA,43.1472,-115.6666,172.8,MW,18.506944444444443
41635731,Benson Power Biomass Plant,USA,45.3224,-95.6295,0.0,MW,0.0
25449175,Bergen Generating Station,USA,40.8375,-74.0244,1400.8,MW,250.49971444888635
25456506,Berkshire Power,USA,42.0476,-72.6478,289.0,MW,318.47750865051904
25449873,Berlin 5,USA,44.2507,-72.6033,41.8,MW,97.27272727272728
25449930,Bernice Lake,USA,60.6935,-151.3874,76.7,MW,261.4080834419817
25456180,Berry Cogen,USA,35.093,-119.4436,38.7,MW,261.2403100775193
25456262,Berry Cogen Tanne Hills 18,USA,35.0898,-119.4409,18.0,MW,261.3333333333333
721192,Berry NMW Cogens,USA,35.3076,-119.6116,11.4,MW,261.3157894736842
25456362,Berry Placerita Cogen,USA,34.3841,-118.4949,42.8,MW,261.44859813084116
25449947,Bethel,USA,60.7897,-161.7878,12.6,MW,97.3015873015873
25449371,Bethlehem Energy Center,USA,42.5942,-73.7638,893.1,MW,283.9547643041093
25456715,Bethlehem Power Plant,USA,40.6175,-75.3147,1153.0,MW,109.54032957502169
25456205,Bethpage Power Plant,USA,40.7469,-73.4994,240.0,MW,487.5
25449227,Big Bend,USA,27.7944,-82.4036,1892.4,MW,313.6757556541957
41627614,Big Brown,USA,31.8206,-96.0544,0.0,MW,0.0
25449607,Big Cajun 1,USA,30.6739,-91.3556,492.8,MW,0.2148944805194804
25448906,Big Cajun 2,USA,30.7261,-91.3692,1708.0,MW,40.23419203747073
25449041,Big Sandy,USA,38.1707,-82.6176,280.5,MW,235.93582887700535
25456613,Big Sandy Peaker Plant,USA,38.3441,-82.5938,353.4,MW,261.3469156762875
25449135,Big Stone,USA,45.3037,-96.5101,450.0,MW,476.0
25456199,Billerud Quinnesec Mill,USA,45.7956,-87.9556,56.0,MW,574.6428571428571
41635679,Binghamton Cogen,USA,42.1072,-75.9278,0.0,MW,0.0
25456150,Biomass One LP,USA,42.4361,-122.85,30.0,MW,574.6666666666666
25457039,"Biomass to Energy Facility, Kauai",USA,21.9653,-159.4606,10.3,MW,491.8446601941747
25449210,Birchwood Power,USA,38.2667,-77.3147,258.3,MW,183.855981416957
25457100,Birdsboro Power,USA,40.2685,-75.7997,525.0,MW,353.14285714285717
4407965,Biron Mill,USA,44.43,-89.78,44.6,MW,312.5560538116591
25449105,Black Dog,USA,44.8108,-93.2501,562.8,MW,209.66595593461267
25456515,Black Hawk Station,USA,35.6957,-101.36,243.9,MW,261.33661336613363
25456846,Black Mountain Generating Station,USA,35.0361,-114.1594,121.0,MW,40.446280991735534
25449733,B L England,USA,39.2908,-74.6364,0.0,MW,0.0
25449772,Blewett,USA,34.9833,-79.8775,70.0,MW,97.28571428571428
25450042,Bloomington Power Plant,USA,37.042,-113.6267,10.2,MW,97.2843137254902
25449810,Blossburg,USA,41.7065,-77.0818,24.0,MW,261.3333333333333
25449883,Blount Street,USA,43.0789,-89.3744,100.0,MW,261.3
25449662,Blue Earth,USA,43.6375,-94.1017,11.0,MW,97.27272727272728
25456552,Bluegrass Generating Station,USA,38.3902,-85.4133,624.0,MW,0.761698717948718
25450129,Blue Lake,USA,44.7855,-93.4315,559.4,MW,194.8516267429389
25456704,Blue Spruce Energy Center,USA,39.744,-104.6804,397.8,MW,66.01307189542483
25449703,Blue Valley,USA,39.0919,-94.3261,0.0,MW,0.0
25457117,Blue Water Energy Center,USA,42.7763,-82.4812,0.0,MW,0.0
25456761,Bluffview,USA,36.7166,-108.2153,67.0,MW,261.34328358208955
25456618,Blythe Energy Inc,USA,33.6157,-114.6865,591.0,MW,257.6988155668359
25456982,BMW Manufacturing Co,USA,34.8942,-82.1783,11.0,MW,261.3636363636364
25449158,Boardman,USA,45.6932,-119.8088,642.2,MW,367.6424789785114
25456652,Bobby C Smith Jr Energy Facility,USA,32.2773,-81.2844,596.6,MW,307.2410325175997
25457144,Bob Glanzer Generating Station,USA,44.3689,-98.1717,0.0,MW,0.0
25456072,Boise Cascade International Falls,USA,48.6061,-93.4078,52.3,MW,574.5697896749522
25448959,Bonanza,USA,40.0864,-109.2854,499.5,MW,497.6976976976978
41628262,Boomer Lake Station,USA,36.1438,-97.0681,6.0,MW,97.28333333333332
25456682,Border Hybrid Energy Center,USA,32.5624,-116.9439,60.5,MW,27.05785123966942
25456161,Borger Plant,USA,35.6647,-101.4354,30.0,MW,261.3333333333333
25450127,Boulder Park,USA,47.6968,-117.1472,24.6,MW,261.3414634146341
25449503,Boulevard,USA,32.0411,-81.145,15.6,MW,97.3076923076923
25449870,Bountiful City,USA,40.8869,-111.8853,30.4,MW,261.3486842105263
40699084,Bowater Newsprint Calhoun Operation,USA,35.2964,-84.7569,63.2,MW,574.6835443037975
25449001,Bowen,USA,34.1256,-84.9222,3498.6,MW,297.5475904647573
25457052,"Bowerman Power LFG, LLC",USA,33.7189,-117.7022,23.8,MW,261.34453781512605
25449132,Bowline Point,USA,41.2055,-73.9665,1242.0,MW,39.57326892109501
25456604,Bowling Green Generating Station,USA,41.3974,-83.6412,49.5,MW,261.4141414141414
25450048,Bowling Green Peaking,USA,41.3884,-83.6402,32.0,MW,0.0
25456473,Boydton Plank Road Cogen Plant Hybrid,USA,37.1936,-77.4672,10.2,MW,97.2843137254902
25456224,BP Chemicals Green Lake Plant,USA,28.5707,-96.8333,38.8,MW,97.29381443298968
25457140,Braes Bayou Plant,USA,29.4803,-95.6203,0.0,MW,0.0
25448921,Brame Energy Center,USA,31.3976,-92.719,1707.3,MW,342.35342353423533
25448894,Brandon Shores,USA,39.1821,-76.5371,1370.2,MW,186.83403882644868
25449968,Brandon Station,USA,33.5853,-101.8861,21.0,MW,261.3333333333333
25450066,Brandy Branch,USA,30.3206,-81.9472,783.1,MW,261.397011875878
25456486,Brandywine Power Facility,USA,38.6681,-76.8678,288.8,MW,185.94182825484765
25449474,Branford,USA,41.2925,-72.7942,21.8,MW,97.29357798165135
41628054,Brayton Point,USA,41.7103,-71.1931,0.0,MW,0.0
25456965,Brea Expansion Plant,USA,33.932,-117.8402,35.7,MW,261.34453781512605
40691917,Breese,USA,38.6075,-89.5245,16.0,MW,97.3125
25449876,Bremo Bluff,USA,37.7089,-78.2878,0.0,MW,0.0
25450083,Brentwood,USA,40.7871,-73.2934,47.0,MW,189.5531914893617
25456507,Bridgeport Energy Project,USA,41.1692,-73.1844,520.0,MW,440.38461538461536
25457015,"Bridgeport Fuel Cell, LLC",USA,41.1681,-73.2111,16.6,MW,261.32530120481925
25456513,Bridgeport Gas Processing Plant,USA,33.1958,-97.8025,10.4,MW,261.3461538461538
713214,Bridgeport Station,USA,41.1671,-73.181,994.9,MW,301.03527992763094
25456035,Bridgewater Power LP,USA,43.7155,-71.6585,15.0,MW,574.6
25456898,Broad Mountain,USA,40.6696,-76.3807,11.0,MW,261.3636363636364
25449316,Broad River Energy Center,USA,35.0786,-81.575,985.0,MW,261.3197969543147
41627858,Broadway (CA),USA,34.1254,-118.148,0.0,MW,0.0
25449529,Broadway (IN),USA,37.9691,-87.6049,0.0,MW,0.0
25456491,Brooklyn Navy Yard Cogeneration,USA,40.6994,-73.9764,322.0,MW,261.335403726708
721226,Brotman Power Station,USA,29.3641,-95.4351,0.0,MW,0.0
25456522,Brownsville Peaking Power,USA,35.5438,-89.198,460.0,MW,261.30434782608694
25449815,Brunner Island,USA,40.0961,-76.6962,1616.1,MW,142.1941711527752
25449802,Brunot Island,USA,40.4649,-80.0438,365.4,MW,249.8905309250137
25456088,Brunswick Cellulose,USA,31.1731,-81.5192,72.2,MW,574.6537396121884
25449372,Brunswick County Power Station,USA,36.765,-77.7139,1472.2,MW,519.6984105420458
25456872,Brunswick Landfill Gas,USA,36.7639,-77.8108,10.5,MW,261.3333333333333
25456111,Brush Generation Facility,USA,40.2415,-103.631,235.4,MW,261.3423959218352
25449787,Bryan (OH),USA,41.4718,-84.5431,39.3,MW,250.91603053435117
25450046,Bryan Peaking,USA,41.4609,-84.527,10.8,MW,97.3148148148148
25449860,Bryan (TX),USA,30.6469,-96.3728,22.0,MW,261.3636363636364
25456724,Buchanan Generation LLC,USA,37.1753,-81.9614,88.0,MW,261.3636363636364
25449774,Buck,USA,35.7133,-80.3767,697.9,MW,302.7654391746669
25456238,Buckeye Florida LP,USA,30.0688,-83.5253,73.0,MW,574.6575342465753
25456196,Bucksport Generation LLC,USA,44.5738,-68.8046,186.8,MW,261.3490364025696
41636007,Buena Vista Biomass Power,USA,38.2778,-120.9136,0.0,MW,0.0
25449229,Bull Run,USA,36.0211,-84.1567,950.0,MW,258.94736842105266
41628026,Buras,USA,29.3591,-89.5373,0.0,MW,0.0
25456966,Burgess BioPower,USA,44.4719,-71.1753,75.0,MW,743.2
25449875,Burlington GT,USA,44.4814,-73.2239,25.5,MW,97.29411764705884
712968,Burlington (IA),USA,40.7412,-91.1167,290.8,MW,429.50481430536456
25456108,Burney Forest Products,USA,40.8797,-121.7203,31.0,MW,574.516129032258
25456989,Burnside Alumina Plant,USA,30.1342,-90.9175,0.0,MW,0.0
40699912,Bushy Park Combustion Turbine Facility,USA,33.0149,-79.93,0.0,MW,0.0
25449531,Butler-Warner Generation Plant,USA,35.0986,-78.8294,303.4,MW,261.33816743572845
25449776,Buxton,USA,35.2672,-75.5347,15.0,MW,97.26666666666668
25457133,BYU Central Heating Plant,USA,40.2472,-111.6462,16.5,MW,261.3333333333333
25456428,Cadillac Renewable Energy,USA,44.2617,-85.4352,88.0,MW,122.38636363636364
25456809,Caithness Long Island Energy Center,USA,40.8142,-72.9403,348.9,MW,692.4620235024363
41635906,Calabasas Gas to Energy Facility,USA,34.1511,-118.7236,9.2,MW,261.304347826087
25456553,Calcasieu,USA,30.1608,-93.345,358.8,MW,0.0
25449328,Caledonia,USA,33.6464,-88.2717,801.0,MW,571.0362047440699
25456653,Calhoun Energy Center,USA,33.5883,-85.9731,748.0,MW,3.622994652406417
25456684,CalPeak Power Enterprise Peaker Plant,USA,33.1219,-117.1174,58.9,MW,9.809847198641766
25456681,CalPeak Power Panoche Peaker Plant,USA,36.6531,-120.5807,60.5,MW,17.75206611570248
25456676,CalPeak Power Vaca Dixon Peaker Plant,USA,38.3989,-121.924,60.5,MW,19.388429752066116
25456619,Calumet Energy Team LLC,USA,41.6835,-87.5563,312.8,MW,261.34910485933506
25456622,Calvert City,USA,37.0483,-88.3539,26.7,MW,261.34831460674155
25448907,Cambria Cogen,USA,40.4742,-78.7014,0.0,MW,0.0
25449680,Cambridge CT Hybrid,USA,45.601,-93.2081,194.3,MW,240.14410705095216
25456311,CamChino Leasing LLC,USA,33.9896,-117.6809,30.8,MW,261.3311688311688
720202,Camden Plant Holding LLC,USA,39.9175,-75.1192,172.9,MW,0.0
25456067,Camden Resource Recovery Facility,USA,39.9092,-75.1169,35.0,MW,534.2857142857143
25456137,Camden South Carolina,USA,34.2338,-80.6558,0.0,MW,0.0
25456825,Campbell Industrial Park,USA,21.3063,-158.1054,113.0,MW,97.2566371681416
25450019,Campbell Power Plant,USA,38.511,-121.4735,173.9,MW,93.15698677400806
25449716,Canaday,USA,40.6942,-99.7011,108.8,MW,0.0
446117,Canal,USA,41.7703,-70.5086,1495.0,MW,97.25752508361204
25449045,Cane Island,USA,28.2764,-81.533,706.0,MW,317.2804532577904
25449054,Cane Run,USA,38.1831,-85.8892,807.0,MW,624.2874845105329
25456812,Cannon Falls Energy Center,USA,44.5367,-92.9155,346.8,MW,1.5940023068050748
25456197,Canton North Carolina,USA,35.5357,-82.843,52.5,MW,574.6666666666666
25456908,Canyon Power Plant,USA,33.8581,-117.8617,150.0,MW,16.046666666666667
25448986,Cape Canaveral,USA,28.4698,-80.7644,1295.0,MW,394.2857142857143
25449608,Cape Gas Turbine,USA,43.6436,-70.2544,35.0,MW,97.28571428571428
25456249,Capitol District Energy Center,USA,41.7639,-72.6925,70.5,MW,261.27659574468083
41628334,Carbon,USA,39.7272,-110.8644,0.0,MW,0.0
25456893,Carbon Limestone,USA,40.9975,-80.5208,25.6,MW,261.328125
40691303,Cardinal,USA,40.2522,-80.6486,1880.4,MW,417.62390980642414
41634944,Cardinal Cogen,USA,37.4298,-122.1763,0.0,MW,0.0
25456145,Cargill Corn Milling Division,USA,41.1386,-92.6467,20.0,MW,261.35
41635062,Cargill Corn Wet Milling Plant,USA,35.0821,-90.1348,0.0,MW,0.0
25449609,Caribou Generation Station,USA,46.848,-68.0026,0.0,MW,0.0
40691859,Carl Bailey,USA,35.2601,-91.3634,120.0,MW,261.3333333333333
25449734,Carlls Corner,USA,39.4547,-75.2014,83.8,MW,261.3365155131265
41628202,Carlsbad,USA,32.418,-104.2156,0.0,MW,0.0
25457036,Carlsbad Energy Center and Encina,USA,33.1383,-117.3351,659.0,MW,261.30500758725344
25449515,Carlyle,USA,38.6106,-89.3583,10.3,MW,97.28155339805824
25449516,Carmi,USA,38.0967,-88.1631,13.4,MW,97.31343283582088
25457058,Carroll County Energy,USA,40.6044,-81.0592,832.3,MW,594.4971764988587
25449696,Carrollton,USA,39.3515,-93.5016,20.6,MW,245.43689320388347
25456341,Carr Street Generating Station,USA,43.0613,-76.0824,73.8,MW,261.3821138211382
25456014,Carson Cogeneration,USA,33.8759,-118.2491,55.8,MW,261.2903225806452
25450015,Carson Power Plant,USA,38.4457,-121.4624,125.5,MW,218.804780876494
713650,Carthage,USA,37.1766,-94.2994,41.8,MW,97.27272727272728
25456097,Carthage Energy LLC,USA,43.9854,-75.6227,62.9,MW,0.0
25457013,Carty Generating Station,USA,45.6986,-119.8131,500.0,MW,614.8
25456651,Carville Energy LLC,USA,30.2294,-91.065,555.0,MW,367.38738738738743
25449907,Cascade Creek,USA,44.0322,-92.4908,84.9,MW,261.3663133097762
25456760,Cass County,USA,40.949,-95.9642,345.0,MW,17.08695652173913
25456016,Castleton Energy Center,USA,42.5395,-73.7447,72.0,MW,155.2777777777778
25456333,Caterpillar,USA,40.4175,-86.8447,12.2,MW,208.9344262295082
25449164,Cayuga,USA,39.9242,-87.4244,1184.9,MW,242.46771879483495
25449763,Cayuga Operating Company,USA,42.6028,-76.6336,322.5,MW,367.7519379844961
42298843,CC Perry K,USA,39.7631,-86.1667,23.4,MW,261.3247863247863
25449496,C D McIntosh Jr,USA,28.0801,-81.9229,909.4,MW,302.946998020673
41635049,Cedar Bay Generating Company LP,USA,30.4225,-81.6064,0.0,MW,0.0
25449848,Cedar Bayou,USA,29.7508,-94.9244,2065.5,MW,261.34107964173324
41628185,Cedar Station,USA,39.6893,-74.2618,0.0,MW,0.0
25456361,Celanese Acetate LLC,USA,37.3439,-80.765,27.2,MW,261.3602941176471
25456955,Centennial Generating Station,USA,46.8661,-96.7464,11.5,MW,97.30434782608695
25456842,Center Hybrid,USA,33.9296,-118.1046,49.8,MW,1.740361445783133
41627956,Centerville,USA,40.7478,-92.8731,0.0,MW,0.0
40699918,Centrahoma East,USA,34.5888,-96.2877,25.0,MW,261.36
40699919,Centrahoma West,USA,34.5932,-96.2959,25.0,MW,261.36
25449383,Central Alabama Generating Station,USA,32.6497,-86.74,927.1,MW,481.39359292417214
41635998,Central Energy Facility,USA,34.6794,-82.8403,5.5,MW,261.27272727272725
40692380,Central Energy Plant,USA,28.4263,-81.5809,70.0,MW,261.2857142857143
40699921,Central Heating Plant,USA,42.3901,-72.5371,17.1,MW,261.34502923976606
41635280,Central Utility Plant,USA,33.9249,-118.0679,0.0,MW,0.0
25456990,Central Utility Plant at White Oak,USA,39.0394,-76.9825,52.0,MW,246.92307692307693
25456953,Central Utility Plant Cincinnati,USA,39.1345,-84.5094,47.2,MW,254.66101694915253
25456978,Central Utility Plant - Texas A&M,USA,30.6181,-96.3425,50.1,MW,261.27744510978044
25456751,Century Generating Facility,USA,34.0606,-117.3533,44.8,MW,261.3839285714286
25456610,Ceredo Generating Station,USA,38.3681,-82.5339,519.0,MW,261.271676300578
25456882,CFB Power Plant,USA,28.6503,-96.5397,310.0,MW,261.35483870967744
25456017,CF Industries Yazoo City Complex,USA,32.9041,-90.3781,25.0,MW,261.36
25456154,Chalk Cliff Limited,USA,35.0968,-119.4299,46.0,MW,261.30434782608694
25449617,Chalk Point Power,USA,38.5444,-76.6861,2647.0,MW,140.80090668681527
25456707,Chambersburg,USA,39.8669,-77.6858,87.6,MW,38.39041095890411
25456083,Chambers Cogeneration LP,USA,39.6935,-75.4858,285.0,MW,183.859649122807
41628159,Chamois,USA,38.6839,-91.7558,0.0,MW,0.0
25457082,Chamon Power LLC,USA,29.8832,-95.1114,121.0,MW,20.363636363636363
25449331,Channel Energy Center LLC,USA,29.7189,-95.2319,923.8,MW,294.2195280363715
25449322,Channelview Cogeneration Plant,USA,29.837,-95.1217,918.3,MW,261.35249918327344
25449566,Chanute 2,USA,37.6953,-95.4586,64.0,MW,305.625
25449961,Chanute 3,USA,37.6376,-95.4704,34.8,MW,204.77011494252875
25456873,Charles City,USA,37.4389,-77.1286,14.4,MW,261.31944444444446
25457000,Charles D. Lamb Energy Center,USA,36.8139,-97.1253,122.0,MW,48.81147540983606
713720,Charles P Keller,USA,40.6583,-73.6406,29.4,MW,261.32653061224494
25456710,Chehalis Generating Facility,USA,46.6217,-122.9151,593.3,MW,313.33220967470083
25448853,Chena Power Plant,USA,64.8477,-147.7351,27.5,MW,367.6363636363636
25449170,Cherokee,USA,39.8073,-104.9645,1006.4,MW,249.20508744038156
25456508,Cherokee County Cogen,USA,35.0727,-81.613,117.7,MW,261.3423959218352
25450143,Cherry Street,USA,42.3886,-71.56,17.3,MW,230.05780346820808
25449266,Chesapeake,USA,36.7711,-76.3019,51.1,MW,97.279843444227
25449267,Chesterfield,USA,37.38,-77.38,1499.5,MW,336.04534844948313
25456874,Chesterfield Landfill Gas,USA,37.3517,-77.4969,14.4,MW,97.29166666666666
25449823,Chester Generating Station,USA,39.8301,-75.3837,55.8,MW,97.27598566308244
25456227,Chester Operations,USA,39.8437,-75.3577,69.2,MW,261.271676300578
25448976,Cheswick Power Plant,USA,40.5383,-79.7906,637.0,MW,267.81789638932497
25449684,Chevron Oil,USA,30.34,-88.4919,170.5,MW,261.34897360703815
25456940,Cheyenne Prairie Generating Station,USA,41.1236,-104.72,140.0,MW,261.35714285714283
4401101,Chillicothe,USA,39.7834,-93.5641,90.0,MW,0.0
49699562,Chillicothe Paper Power Plant,USA,39.322,-82.9747,55.0,MW,574.5454545454545
25449378,Choctaw County,USA,33.2881,-89.4201,899.0,MW,261.2903225806452
25448884,Cholla,USA,34.9407,-110.3003,839.9,MW,265.0315513751637
25449302,Chouteau,USA,36.2221,-95.2771,1069.6,MW,503.9267015706807
25456800,Chowchilla II,USA,37.1073,-120.2485,49.6,MW,261.2903225806452
25456096,CH Resources Beaver Falls,USA,43.8861,-75.4342,107.8,MW,0.0
25456098,CH Resources Syracuse,USA,43.0669,-76.2242,102.7,MW,2.8451801363193767
25449367,Chuck Lenzie Generating Station,USA,36.3837,-114.9218,1465.6,MW,375.5458515283843
25456690,Chula Vista Energy Center,USA,32.5917,-117.0586,37.2,MW,261.34408602150535
25449557,Cimarron River,USA,37.1611,-100.7634,50.0,MW,0.0
25456382,CITGO Refinery Powerhouse,USA,30.1826,-93.3234,50.0,MW,261.4
25449520,City of Peru Plank Road Generating Station,USA,41.3255,-89.1113,28.9,MW,97.26643598615918
50384992,City of Peru Water Street Generating Sta,USA,41.3243,-89.1241,16.3,MW,97.30061349693251
25456099,Civic Center,USA,34.0564,-118.2436,0.0,MW,0.0
25456288,Clairton Works,USA,40.3095,-79.8819,31.0,MW,261.35483870967744
25449088,Clark (NVE),USA,36.0875,-115.0507,1375.6,MW,261.3405059610352
25449651,Claude Vandyke,USA,42.731,-85.8551,24.8,MW,261.3306451612903
25449071,Clay Boswell,USA,47.2611,-93.6528,922.5,MW,413.0081300813008
25449567,Clay Center,USA,39.374,-97.1272,29.9,MW,261.33779264214047
25456992,Clayville,USA,39.4244,-75.02,73.0,MW,19.45205479452055
25457080,"Clean Energy Future-Lordstown, LLC",USA,41.1489,-80.8516,962.0,MW,694.6985446985447
41635063,Clear Lake Cogeneration Ltd,USA,29.6255,-95.067,0.0,MW,0.0
25456273,Clearwater Paper APP CB,USA,33.7062,-91.2377,28.0,MW,574.6428571428571
25456424,Clearwater Paper Corporation - Augusta,USA,33.3283,-81.9531,84.7,MW,430.34238488783944
25456272,Clearwater Paper IPP Lewiston,USA,46.4231,-116.9764,93.8,MW,574.6268656716418
25456828,Clearwater Power Plant,USA,33.8912,-117.6085,49.0,MW,261.42857142857144
25449629,Cleary Flood Hybrid,USA,41.8653,-71.1061,146.3,MW,229.59671907040325
25456910,Cleveland Cnty Generating Facility,USA,35.1705,-81.4167,736.0,MW,14.103260869565217
25450044,Cleveland Peaking,USA,41.5567,-81.5882,10.8,MW,97.3148148148148
720138,Cleveland Works,USA,41.4739,-81.6728,10.0,MW,261.3
25456243,Clewiston Sugar House,USA,26.7351,-80.9377,49.0,MW,534.2857142857143
25450134,Clifton,USA,39.6125,-97.2778,85.0,MW,0.8504705882352942
25449030,Clifty Creek,USA,38.7378,-85.4206,1303.8,MW,452.6767909188526
25448880,Clinch River,USA,36.9333,-82.1997,475.0,MW,0.0101473684210526
25449268,Clover,USA,36.869,-78.704,848.0,MW,16.89858490566038
25457139,Clyde Peaking Engine,USA,41.2933,-82.9653,10.0,MW,261.3
25457056,CML&P Generating Facility No. 2,USA,37.093,-95.5851,56.1,MW,261.31907308377896
25449908,Coachella,USA,33.6758,-116.1714,92.4,MW,261.3636363636364
25448951,Coal Creek,USA,47.3777,-101.1571,1209.6,MW,432.7050264550265
25456359,Coalinga 25D Cogen,USA,36.1556,-120.3972,13.6,MW,261.3235294117647
41634989,Coastal Carolina Clean Power,USA,35.0217,-77.8583,0.0,MW,0.0
25448914,Coffeen,USA,39.0586,-89.4031,0.0,MW,0.0
25449568,Coffeyville,USA,37.0373,-95.6127,44.0,MW,0.0
713785,Coit GT,USA,33.9803,-81.0407,39.2,MW,97.2704081632653
25449231,Colbert,USA,34.7393,-87.8469,476.0,MW,261.34453781512605
25449556,Colby,USA,39.403,-101.0382,16.0,MW,261.3125
25449569,Colby City of,USA,39.3944,-101.0584,16.4,MW,97.25609756097562
25449874,Colchester 16,USA,44.4902,-73.1706,18.0,MW,97.27777777777776
25457053,Coldwater Peaking Plant,USA,41.9194,-85.0242,12.9,MW,261.3178294573643
25448924,Coleto Creek,USA,28.7128,-97.2142,622.4,MW,556.3946015424165
25449632,Colfax,USA,42.6587,-84.0952,13.5,MW,97.25925925925924
25456109,Collins Pine Project,USA,40.3034,-121.2444,0.0,MW,0.0
25456827,Colorado Bend Energy Center,USA,29.2878,-96.0683,580.1,MW,295.4662989139803
25457070,Colorado Bend II,USA,29.2894,-96.0654,1230.3,MW,333.90230025197104
25455991,Colorado Energy Nations Company,USA,39.7606,-105.215,35.0,MW,261.34285714285716
47814787,Colossus 1 power station,USA,35.0592,-90.1557,0.0,MW,0.0
25457153,Colstrip,USA,45.8831,-106.614,1647.4,MW,372.8299138035693
25456134,Colstrip Energy LP,USA,45.9752,-106.6547,46.1,MW,367.67895878524945
41635943,Colton Plant,USA,34.0597,-117.3453,0.0,MW,0.0
25456663,Columbia Energy Center,USA,39.0192,-92.2629,162.8,MW,0.0
25456642,Columbia Energy Center (SC),USA,33.8697,-81.0178,668.5,MW,282.12415856394915
25449699,Columbia (MO),USA,38.9646,-92.3168,101.6,MW,281.2992125984252
25449287,Columbia (WI),USA,43.4864,-89.4203,1112.0,MW,544.5143884892086
25456181,Columbus MS,USA,33.3602,-88.46,124.6,MW,574.6388443017656
25456856,Colusa Generating Station,USA,39.3661,-122.27,712.4,MW,348.2594048287479
25448860,Colver Green Energy,USA,40.5511,-78.7979,118.0,MW,615.8474576271186
25449171,Comanche (CO),USA,38.2076,-104.5763,1635.3,MW,354.24692716932674
25450136,Comanche (OK),USA,34.5431,-98.3244,290.0,MW,261.3448275862069
25456696,Combined Locks Energy Center,USA,44.2717,-88.3011,66.5,MW,538.0451127819549
41634932,Commerce Refuse To Energy,USA,33.9949,-118.1538,0.0,MW,0.0
40699390,Commonwealth Chesapeake,USA,37.9892,-75.54,402.5,MW,1.7428571428571429
25449974,Concord,USA,43.168,-88.6869,381.6,MW,4.337002096436058
713094,Conemaugh,USA,40.3842,-79.0611,1951.0,MW,602.2552537160431
25448939,Conesville,USA,40.1842,-81.8811,0.0,MW,0.0
41627937,Connersville,USA,39.6561,-85.1758,0.0,MW,0.0
25456051,Consumer Operations LLC,USA,44.4924,-88.0323,90.8,MW,261.34361233480183
41635929,Consumer Operations LLC,USA,45.5847,-122.4056,0.0,MW,0.0
25456901,Coolidge Generation Station,USA,32.9174,-111.5033,726.0,MW,18.774104683195592
42298757,Coolwater,USA,34.8606,-116.8539,0.0,MW,0.0
25448978,Cooper,USA,36.9981,-84.5919,344.0,MW,39.127906976744185
25449200,Cope,USA,33.3644,-81.03,417.3,MW,60.100647016534865
25448849,Copper,USA,31.7569,-106.375,86.9,MW,0.0
4408945,Copper Crossing Energy and Research Cent,USA,33.1551,-111.4836,0.0,MW,0.0
25449534,Coralville GT,USA,41.6719,-91.564,72.0,MW,261.3888888888889
25456562,Cordova Energy,USA,41.7122,-90.2797,611.2,MW,258.01701570680626
25456215,Cornell University Central Heat,USA,42.4428,-76.4745,35.7,MW,261.34453781512605
25449180,Coronado,USA,34.5778,-109.2727,821.8,MW,12.265758091993186
41635041,"Corona Energy Partners, Ltd",USA,33.8827,-117.5565,0.0,MW,0.0
25456240,Corpus Christi,USA,27.8111,-97.5958,41.0,MW,261.4634146341463
25456572,Corpus Christi Energy Center,USA,27.8139,-97.4283,593.3,MW,228.7207146468903
25456155,Corpus Refinery,USA,27.8322,-97.5281,47.0,MW,261.27659574468083
25449475,Cos Cob,USA,41.0289,-73.5989,115.0,MW,97.30434782608695
25456759,Cosumnes Power Plant,USA,38.3385,-121.124,556.8,MW,295.07902298850576
25449355,Cottonwood Energy Company LP,USA,30.2588,-93.7353,1433.6,MW,493.0245535714286
25448919,Coughlin Power Station,USA,30.8439,-92.2611,922.8,MW,240.03034243606416
25456284,Covanta Alexandria/Arlington Energy,USA,38.8016,-77.1281,29.0,MW,534.1379310344828
25456275,Covanta Bristol Energy,USA,41.6492,-72.9153,16.3,MW,534.2331288343559
25456122,Covanta Delaware Valley,USA,39.8265,-75.3882,90.0,MW,534.2222222222222
25456104,Covanta Essex Company,USA,40.7376,-74.1255,69.8,MW,534.2406876790831
25456280,Covanta Fairfax Energy,USA,38.695,-77.2411,124.0,MW,534.1935483870968
25456282,Covanta Haverhill,USA,42.765,-71.1242,46.0,MW,534.1304347826087
25456103,Covanta Hempstead,USA,40.7389,-73.5906,78.6,MW,534.2239185750636
25455994,Covanta Hennepin Energy,USA,44.9833,-93.2804,39.5,MW,534.1772151898734
25456268,Covanta Lake County Energy,USA,28.7402,-81.8892,15.5,MW,534.258064516129
25456269,Covanta Marion Inc,USA,45.0485,-122.9628,13.1,MW,534.1984732824428
25456105,Covanta Southeastern Connecticut Company,USA,41.475,-72.0688,18.3,MW,534.207650273224
25456270,Covanta Stanislaus Energy,USA,37.3853,-121.141,24.0,MW,534.1666666666666
41635240,Covanta Wallingford Energy,USA,41.4405,-72.8351,0.0,MW,0.0
25455993,Covanta Warren Energy,USA,40.8205,-75.0112,0.0,MW,0.0
25457041,Cove Point LNG Terminal,USA,38.3914,-76.4142,222.6,MW,260.6019766397125
25456330,Covington Facility,USA,37.7997,-79.9947,160.9,MW,517.4021131137353
25449749,Coxsackie,USA,42.3509,-73.8158,21.3,MW,261.36150234741785
1927747,Cox Waste to Energy,USA,37.3208,-85.3611,5.0,MW,574.6
25449080,Coyote,USA,47.2214,-101.8157,450.0,MW,592.6666666666666
25450000,Coyote Springs,USA,45.848,-119.674,583.0,MW,531.7324185248714
41627253,"CP Crane Power, LLC",USA,39.3236,-76.3651,0.0,MW,0.0
25456055,CPI USA NC Roxboro,USA,36.435,-78.9619,67.5,MW,574.6666666666666
25456054,CPI USA NC Southport,USA,33.9444,-78.0118,135.0,MW,574.5925925925926
720454,CP Kelco San Diego Plant,USA,32.6947,-117.1436,19.2,MW,261.3541666666667
25457088,CPV Fairview Energy Center,USA,40.4142,-78.8555,1197.0,MW,334.83709273182956
25456890,CPV St Charles Energy Center,USA,38.5686,-76.8919,775.3,MW,355.6042822133368
721216,CPV Three Rivers Energy Center,USA,41.3722,-88.2844,0.0,MW,0.0
25456776,CPV Towantic Energy Center,USA,41.4837,-73.122,841.5,MW,556.1497326203208
25456900,CPV Valley Energy Center,USA,41.4122,-74.4378,770.5,MW,639.7144711226476
25449252,Craig (CO),USA,40.4627,-107.5912,1427.6,MW,522.9756234239283
25456079,Craven County Wood Energy LP,USA,35.1302,-77.1679,50.0,MW,553.0
713487,Crawfordsville Power Plant,USA,40.0489,-86.8992,24.9,MW,358.99598393574297
25456699,Creed Energy Center,USA,38.2422,-121.8547,48.0,MW,0.515
25456602,Crete Energy Venture LLC,USA,41.4294,-87.6187,356.0,MW,0.0
41628221,C R Huntley Generating Station,USA,42.97,-78.93,0.0,MW,0.0
25456920,Cricket Valley Energy,USA,41.6761,-73.5811,1312.5,MW,261.3333333333333
25449504,Crisp Plant,USA,31.8447,-83.9407,17.5,MW,261.37142857142857
25456523,Crockett Cogen Project,USA,38.057,-122.2149,247.0,MW,261.33603238866397
25449203,Cross,USA,33.3715,-80.1132,2451.5,MW,253.11034060779116
25456646,Crossroads Energy Center,USA,34.183,-90.5621,306.4,MW,10.065274151436032
25450123,Croydon CT Generating Station,USA,40.08,-74.8917,546.4,MW,0.0051244509516837
25456383,C R Wing Cogen Plant,USA,32.2732,-101.4224,230.0,MW,0.0
25457152,Crystal River,USA,28.9656,-82.6977,3449.0,MW,280.51609162075965
25456258,CSL Gas Recovery,USA,26.288,-80.1665,11.2,MW,261.3392857142857
25456312,CSUCI Site Authority,USA,34.162,-119.0479,31.1,MW,261.3504823151125
25456494,CT Resource Rec Authority Facility,USA,41.7505,-72.653,90.0,MW,534.2222222222222
25456863,Culbertson Generation Station,USA,48.21,-104.3917,108.2,MW,0.0
25449904,Cumberland (NJ),USA,39.3757,-74.9654,231.2,MW,3.4839965397923875
25449230,Cumberland (TN),USA,36.3903,-87.6539,2600.0,MW,401.15384615384613
25449895,Cumberland (WI),USA,45.5332,-92.0219,21.2,MW,190.9433962264151
25449745,Cunningham,USA,32.7131,-103.3533,519.2,MW,94.1448382126348
25456782,Currant Creek,USA,39.8214,-111.8935,566.9,MW,494.26706650202857
4401201,Cushing,USA,35.9826,-96.7757,20.6,MW,261.3592233009709
25450051,Custer Energy Center,USA,44.0854,-87.7261,24.5,MW,261.3469387755102
41634948,Cutrale Citrus Juices USA II,USA,28.0548,-81.7982,8.2,MW,261.3414634146342
25457123,Cuyahoga Falls 1,USA,41.1418,-81.4745,14.4,MW,97.29166666666666
25456683,Cuyamaca Peak Energy Plant,USA,32.7965,-116.9721,48.7,MW,3.193018480492813
25449719,C W Burdick,USA,40.9228,-98.3269,142.8,MW,0.0
25456364,Cymric 36W Cogen,USA,35.3633,-119.6756,12.4,MW,261.3709677419355
25449647,Dafter,USA,46.3744,-84.4172,8.0,MW,97.2875
25450028,Dahlberg,USA,34.0423,-83.3977,919.0,MW,4.364526659412404
41628021,Dale,USA,37.8806,-84.2619,0.0,MW,0.0
25449223,Dallman,USA,39.7548,-89.6024,617.8,MW,333.6031078018776
25449631,Dan E Karn,USA,43.645,-83.8401,1946.3,MW,291.06509787802497
25449775,Dan River,USA,36.4905,-79.7214,697.9,MW,619.4297177246025
25449924,Dansby,USA,30.7217,-96.4608,203.2,MW,78.34645669291339
25449747,Danskammer Generating Station,USA,41.5732,-73.965,532.0,MW,0.0
25456599,"Darby Power, LLC",USA,39.7139,-83.1778,564.0,MW,1.1542553191489362
25449977,Darbytown,USA,37.4982,-77.3685,368.4,MW,261.34636264929424
25448910,Darlington County,USA,34.4185,-80.1657,316.0,MW,261.3291139240506
25457011,Dart Container Corp,USA,40.0865,-76.176,11.2,MW,261.3392857142857
25456348,Dartmouth Power Associates LP,USA,41.6731,-70.9994,97.4,MW,2.195071868583162
25456897,Dave Gates Generating Station,USA,46.1047,-112.8766,203.1,MW,74.54455933037913
25449140,Dave Johnston,USA,42.8378,-105.7769,816.7,MW,452.6754010040406
25448900,D B Wilson,USA,37.4497,-87.0806,509.4,MW,619.7487239890067
25457038,DC Water CHP,USA,38.8206,-77.0183,25.1,MW,261.35458167330677
25457118,Dearborn Energy Center,USA,42.2967,-83.232,35.0,MW,261.34285714285716
25449306,Dearborn Industrial Generation,USA,42.304,-83.152,747.9,MW,261.3985826982217
25448996,DeBary,USA,28.9039,-81.3323,748.0,MW,165.37433155080217
25456616,Decatur Energy Center,USA,34.6292,-87.0214,902.4,MW,261.3031914893617
25448892,Decker Creek,USA,30.3033,-97.6128,932.0,MW,261.3733905579399
25450137,DeCordova Steam Electric Station,USA,32.4031,-97.7006,357.6,MW,261.35346756152126
25456864,Deer Creek Station,USA,44.3958,-96.5336,324.0,MW,120.37037037037037
25449000,Deerhaven Generating Station,USA,29.7592,-82.3878,325.7,MW,129.10653976051583
25456922,Deerhaven Renewable,USA,29.7675,-82.3964,116.1,MW,475.7105943152455
25456141,Deer Island Treatment Plant,USA,42.3533,-70.9628,17.5,MW,261.37142857142857
25456668,Deer Park Energy Center,USA,29.7134,-95.1345,1176.0,MW,523.1292517006802
25449663,Delano,USA,45.0414,-93.7905,10.5,MW,97.23809523809524
25456974,Delano Energy Center,USA,35.7909,-119.2945,60.5,MW,13.910743801652892
25456385,Delaware City Plant,USA,39.5939,-75.6333,249.0,MW,261.32530120481925
25449824,Delaware Generating Station,USA,39.968,-75.1252,77.0,MW,97.28571428571428
25456629,Dell Power Station,USA,35.8619,-90.0253,679.1,MW,120.18848475924018
25449633,Delray,USA,42.2947,-83.1019,142.2,MW,0.0
25449305,Delta Energy Center,USA,38.0173,-121.8452,943.5,MW,368.3094859565448
25457130,Delta Energy Park,USA,42.6906,-84.6578,0.0,MW,0.0
25449448,Demoss Petrie,USA,32.2523,-110.9921,85.0,MW,0.0
25457112,Denton Energy Center,USA,33.2149,-97.2097,225.6,MW,261.34751773049646
25456502,De Pere Energy Center,USA,44.4486,-88.072,192.3,MW,11.986479459178366
721198,Derby Fuel Cell,USA,41.325,-73.0992,0.0,MW,0.0
25456073,DeRidder Mill,USA,30.8606,-93.3756,61.5,MW,574.6341463414634
25456544,Desert Basin,USA,32.9042,-111.7889,646.1,MW,238.5079709023371
25456520,Desert Star Energy Center,USA,35.7889,-114.9942,537.3,MW,0.0
50383789,Desert View Power,USA,33.586,-116.0873,55.5,MW,574.5945945945946
41635638,DeSoto County Plant,USA,27.2272,-81.8092,0.0,MW,0.0
50376808,Detroit Lakes,USA,46.8175,-95.8433,12.5,MW,97.28
25449476,Devon Station,USA,41.2095,-73.108,464.6,MW,97.28798966853203
25456257,DFW Gas Recovery,USA,33.0196,-96.962,12.4,MW,261.3709677419355
25449945,D G Hunter,USA,31.3207,-92.4613,65.1,MW,261.2903225806452
25449159,Dickerson,USA,39.208,-77.4549,345.0,MW,252.31884057971016
25449777,Dick's Creek,USA,39.465,-84.3778,159.1,MW,261.3450659962288
25456778,Diesel Generators,USA,43.0802,-89.3747,54.0,MW,97.27777777777776
25456501,Dighton Power Plant,USA,41.8312,-71.1239,200.0,MW,6.405
25456221,Dillard Complex,USA,43.0895,-123.4156,40.0,MW,574.75
25449444,Dillingham,USA,59.0429,-158.4686,11.0,MW,97.27272727272728
50384883,Dinuba Energy,USA,36.5715,-119.4192,11.5,MW,574.6086956521739
25456558,Dogwood Energy Facility,USA,38.7931,-94.3006,655.2,MW,198.26007326007328
25448920,Dolet Hills,USA,32.0306,-93.5692,720.7,MW,183.8490356597752
25450052,Dominion/Lo Mar,USA,38.7443,-77.4974,19.2,MW,97.29166666666669
25456480,Domino Sugar Baltimore,USA,39.2744,-76.5956,17.5,MW,261.37142857142857
720112,Domtar Kingsport Mill,USA,36.5495,-82.5693,50.0,MW,261.4
25456184,Domtar Paper Co LLC Plymouth NC,USA,35.8619,-76.7759,114.0,MW,574.6491228070175
25456770,Donald Von Raesfeld Power Plant,USA,37.3767,-121.9508,154.0,MW,569.7402597402596
25457024,Dorchester Biomass,USA,33.2399,-80.4542,22.5,MW,574.6666666666666
25449624,Doreen,USA,42.4433,-73.2058,21.1,MW,97.29857819905212
25448966,Doswell Energy Center,USA,37.8208,-77.4463,1313.0,MW,335.64356435643566
25456246,Double C Generation Limited Partnership,USA,35.5005,-119.046,49.8,MW,261.2449799196787
25449445,Douglas,USA,31.3638,-109.5528,26.1,MW,97.27969348659003
1928375,Douglas County Forest Products,USA,43.2898,-123.3616,6.3,MW,574.6031746031746
25449789,Dover (OH),USA,40.5207,-81.4675,41.6,MW,300.96153846153845
25450045,Dover Peaking,USA,40.5416,-81.4985,10.8,MW,97.3148148148148
25456179,Dow St Charles Operations,USA,29.9836,-90.4466,323.6,MW,261.3411619283066
25456598,Doyle Energy Facility,USA,33.8377,-83.6996,409.0,MW,261.36919315403424
25456635,Dresden Energy Facility,USA,40.0928,-82.0276,678.3,MW,661.8015627303554
25456752,Drews Generating Facility,USA,34.0607,-117.3539,44.8,MW,261.3839285714286
25449402,Dry Fork Station,USA,44.3889,-105.4608,483.7,MW,623.320239818069
42305896,DTE Pontiac North LLC,USA,42.6603,-83.2983,0.0,MW,0.0
41627949,Dubuque,USA,42.5031,-90.6586,0.0,MW,0.0
25448917,Duck Creek,USA,40.4663,-89.9841,0.0,MW,0.0
25457126,Duke Energy CHP at Clemson University,USA,34.6779,-82.8231,13.4,MW,261.34328358208955
25449099,Dunkirk Generating Plant,USA,42.4917,-79.3472,0.0,MW,0.0
25450011,Dutch Harbor,USA,53.8925,-166.5382,21.6,MW,97.26851851851852
25449138,Dynegy Moss Landing Power Plant Hybrid,USA,36.8048,-121.7822,1398.0,MW,320.81545064377684
25449921,Dynegy Oakland Power Plant,USA,37.7966,-122.2812,149.0,MW,97.31543624161074
25456159,Eagle Point Energy Center,USA,44.7383,-68.8258,25.3,MW,534.3873517786561
25456256,Eagle Point Power Generation,USA,39.8713,-75.1556,251.8,MW,5.552025416997617
25449526,Eagle Valley (IN),USA,39.4808,-86.4208,644.0,MW,743.3229813664597
25449555,Earl F Wisdom,USA,43.1606,-95.2569,119.1,MW,261.3769941225861
25449960,East 12th Street,USA,37.2367,-96.9625,26.5,MW,0.0
25448925,East Bend,USA,38.9036,-84.8514,772.0,MW,397.40932642487047
25449756,East Hampton,USA,40.9617,-72.2103,27.3,MW,97.28937728937728
25456556,Eastman Cogeneration Facility,USA,32.4481,-94.6903,467.7,MW,510.36989523198633
41636049,East. Michigan Univ. Heating Plant,USA,42.2489,-83.6289,7.8,MW,261.28205128205127
25456737,East Millinocket Mill,USA,45.6219,-68.5756,0.0,MW,0.0
25449619,Easton,USA,38.7786,-76.0769,33.6,MW,97.29166666666666
25449901,Easton 2,USA,38.795,-76.07,38.8,MW,97.29381443298968
25449750,East River,USA,40.7281,-73.9742,716.2,MW,261.37950293214186
25449163,Ebensburg Power,USA,40.455,-78.7472,57.6,MW,660.5902777777777
25449391,E B Harris Electric Generating Plant,USA,32.3814,-86.5744,1304.0,MW,285.8128834355828
25448867,E C Gaston,USA,33.2442,-86.4581,2034.0,MW,187.1189773844641
25449046,Eckert Station,USA,42.7184,-84.5581,287.0,MW,367.59581881533103
25457010,Ector County Energy Center,USA,32.0705,-102.586,358.8,MW,1.693979933110368
25449146,Eddystone Generating Station,USA,39.858,-75.323,861.6,MW,0.0
25448918,E D Edwards,USA,40.5958,-89.6631,644.3,MW,367.685860623933
25448936,Edgecombe Genco LLC,USA,36.0373,-77.7533,0.0,MW,0.0
110,Edge Moor,USA,39.7412,-75.5055,1890.8,MW,261.3179606515761
25449288,Edgewater,USA,43.7151,-87.7059,413.7,MW,494.56127628716456
25456727,Edgewood Energy LLC,USA,40.7866,-73.2926,100.0,MW,44.91
25456607,Edward L. Addison Generating Plant,USA,32.9111,-84.3064,701.2,MW,3.6565887050770103
25449165,Edwardsport,USA,38.7975,-87.2505,812.7,MW,418.8507444321398
25449048,E F Barrett,USA,40.6167,-73.6479,687.2,MW,261.35040745052385
25456132,E F Oxnard Energy Facility,USA,34.1958,-119.1664,48.5,MW,261.44329896907215
25456808,EG178 Facility,USA,32.7471,-100.9547,153.9,MW,261.3385315139701
25456219,Eielson AFB Central Heat & Power Plant,USA,64.6714,-147.076,27.5,MW,343.1272727272727
25457068,Eight Flags Energy,USA,30.6608,-81.4706,21.6,MW,261.34259259259255
41628369,E J Stoneman Station,USA,42.7083,-90.9847,0.0,MW,0.0
25457035,Eklutna Generation Station,USA,61.4595,-149.3406,171.0,MW,261.34502923976606
41627845,El Cajon,USA,32.7958,-116.9722,0.0,MW,0.0
25456905,El Cajon Energy Center,USA,32.7972,-116.972,61.0,MW,0.4731147540983606
25449462,El Centro Hybrid,USA,32.8022,-115.54,358.3,MW,68.93664526932739
25449909,Electrifarm,USA,42.4407,-92.4205,264.1,MW,0.0189322226429382
41627294,Elizabethtown Power LLC,USA,34.6472,-78.6415,0.0,MW,0.0
25456648,Elk Hills Power LLC,USA,35.2803,-119.4707,623.0,MW,578.6516853932584
25456847,Elkins Generating Center,USA,35.9714,-94.0014,66.0,MW,261.3636363636364
25450072,Elk Mound,USA,44.9028,-91.5681,71.0,MW,0.1212676056338028
25449681,Elk River,USA,45.2967,-93.5548,191.3,MW,261.3173026659697
40692065,Elk River City of,USA,45.3158,-93.5781,12.2,MW,140.32786885245903
25457030,Elk Station,USA,33.8646,-101.8386,599.4,MW,18.201534868201534
25456376,Elkton,USA,38.3836,-78.6528,9.9,MW,246.46464646464645
25450140,Ellwood,USA,34.4314,-119.9001,58.0,MW,261.37931034482756
25449137,Elmer Smith,USA,37.7942,-87.0608,0.0,MW,0.0
25449413,Elm Road Generating Station,USA,42.8492,-87.8336,1402.6,MW,433.9797518893484
25456313,Elmwood Park Power LLC,USA,40.9053,-74.1304,89.5,MW,261.340782122905
25456023,El Segundo Cogen,USA,33.9058,-118.4031,180.1,MW,261.35480288728485
25456952,El Segundo Power and Energy Center LLC power station,USA,33.9102,-118.4246,537.4,MW,261.25790844808336
25456567,Elwood Energy LLC,USA,41.4414,-88.1154,1728.0,MW,8.628472222222223
25450133,Emery Station,USA,43.094,-93.2922,602.8,MW,331.12143331121433
25449922,Empire Energy Center,USA,37.1385,-94.1041,379.0,MW,10.810026385224274
25456817,Empire Generating Co LLC,USA,42.6252,-73.748,653.7,MW,468.71653663760134
25456850,Emporia Energy Center,USA,38.4459,-96.0653,730.2,MW,17.51574910983292
40699914,Enchanted Rock Lodi,USA,38.1477,-121.2997,0.0,MW,0.0
40699915,Enchanted Rock Turlock Irrigation Distri,USA,37.4359,-121.131,0.0,MW,0.0
25450074,Encogen,USA,48.746,-122.486,176.4,MW,261.3378684807256
41627435,Endicott Station,USA,42.0317,-84.755,0.0,MW,0.0
25455998,Energy Center Dover,USA,39.1495,-75.5473,118.0,MW,27.305084745762713
25456003,Engineered Carbons Borger Cogen,USA,35.667,-101.432,20.0,MW,261.35
41634947,Engineered Carbons Echo Cogeneration,USA,30.1525,-93.7206,0.0,MW,0.0
25456583,Ennis Power Company LLC,USA,32.32,-96.675,418.0,MW,261.244019138756
25456032,Enterprise Products Operating,USA,29.8247,-94.9197,20.7,MW,261.3526570048309
25456251,Equilon Los Angeles Refining,USA,33.7917,-118.2347,83.0,MW,261.32530120481925
7943,Equus Freeport Power,USA,40.6443,-73.5683,198.6,MW,246.37462235649548
25449047,Erickson Station,USA,42.6922,-84.6572,154.7,MW,367.6793794440853
25450041,Erie Energy Center,USA,37.5742,-95.2372,20.0,MW,97.3
40699916,ERock MID Claribel Generation Station,USA,37.7103,-120.9685,0.0,MW,0.0
25449155,Escalante,USA,35.4159,-108.082,0.0,MW,0.0
41628078,Escanaba,USA,45.7717,-87.0639,0.0,MW,0.0
25456022,Escanaba Mill,USA,45.8044,-87.0891,83.8,MW,463.2458233890215
25456689,Escondido Energy Center,USA,33.1284,-117.1203,54.0,MW,30.296296296296298
25449625,Essential Power Massachusetts LLC,USA,42.095,-72.595,250.6,MW,250.1995211492418
25450059,Essential Power Rock Springs LLC,USA,39.719,-76.1598,795.6,MW,261.31221719457017
25450034,Essex,USA,36.8682,-89.8402,121.2,MW,261.3036303630363
25449542,Estherville,USA,43.4028,-94.8433,15.6,MW,244.4871794871795
41627850,Etiwanda Generating Station,USA,34.0912,-117.5266,0.0,MW,0.0
25450098,Evander Andrews Power Complex,USA,43.1792,-115.7343,270.9,MW,47.65596160944999
25456883,Evergreen BioPower LLC,USA,44.7708,-122.612,21.0,MW,574.7619047619048
41635960,Evergreen Community Power,USA,40.3256,-75.9228,0.0,MW,0.0
25449043,E W Brown,USA,37.7883,-84.7126,1444.6,MW,295.51432922608336
25449620,Exelon Framingham LLC,USA,42.2672,-71.3983,42.6,MW,97.27699530516432
25456638,Exelon LaPorte Generating Station,USA,29.7028,-95.0718,236.0,MW,18.21186440677966
41628050,Exelon L Street,USA,42.3392,-71.0353,0.0,MW,0.0
25449621,Exelon Medway LLC,USA,42.14,-71.4464,135.0,MW,97.25925925925924
25457063,Exelon West Medway II LLC,USA,42.1372,-71.4447,263.6,MW,261.3429438543247
25456767,Exira,USA,41.5144,-94.9197,181.5,MW,15.482093663911844
25456071,Expander Turbine,USA,41.6836,-87.4233,20.0,MW,261.35
25456114,ExxonMobil Baton Rouge Turbine Generator,USA,30.4897,-91.1876,85.3,MW,261.3130128956624
25456068,ExxonMobil Baytown Refinery,USA,29.7567,-95.0161,209.3,MW,255.4706163401816
25456115,ExxonMobil Baytown Turbine,USA,29.756,-95.0139,381.8,MW,261.3410162388685
25456265,ExxonMobil Beaumont Refinery,USA,30.0624,-94.0768,677.8,MW,261.2865151962231
25456266,ExxonMobil Oil Joliet Refinery,USA,41.4167,-88.1833,43.4,MW,261.2903225806451
25450125,Factory,USA,39.8259,-89.6373,26.6,MW,97.29323308270676
25449929,Fairbanks,USA,64.8542,-147.7194,36.8,MW,97.2826086956522
41628166,Fairbury,USA,40.1339,-97.1843,0.0,MW,0.0
41635246,Fairfield Works,USA,33.4885,-86.9212,0.0,MW,0.0
25449692,Fairgrounds,USA,38.5935,-92.2206,68.3,MW,97.27672035139092
25456620,Fairless Energy Center,USA,40.1475,-74.7411,1338.0,MW,499.4768310911809
25450027,Fairless Hills,USA,40.1405,-74.7506,0.0,MW,0.0
25449664,Fairmont (MN),USA,43.6579,-94.4647,39.0,MW,206.66666666666669
25449825,Falls,USA,40.1765,-74.79,63.6,MW,97.27987421383648
25449718,Falls City,USA,40.0549,-95.6087,31.3,MW,253.482428115016
25456796,Faribault Energy Park,USA,44.3356,-93.2906,334.5,MW,122.9596412556054
25449517,Farmer City,USA,40.2461,-88.6388,11.3,MW,169.91150442477874
25456686,Fayette Energy Facility,USA,39.8592,-79.9182,714.9,MW,634.0746957616451
25449057,Fayette Power Project,USA,29.9172,-96.7506,1690.0,MW,617.1597633136093
25449212,F B Culley,USA,37.9111,-87.3275,368.9,MW,496.34047167254
25457109,F.D. Kuester Generating Station,USA,46.5127,-87.5107,131.6,MW,261.32218844984806
25456741,Feather River Energy Center,USA,39.1089,-121.6092,47.0,MW,8.263829787234043
25449634,Fermi,USA,41.9631,-83.2581,64.0,MW,97.28125
25456019,Fernandina Beach Mill,USA,30.6824,-81.4561,96.9,MW,574.6130030959752
25456082,Fernandina Plant,USA,30.6612,-81.473,42.0,MW,574.5238095238094
25456441,Ferndale Generating Station,USA,48.829,-122.6851,285.5,MW,261.3309982486865
25450099,Field Street,USA,29.0213,-80.9949,24.0,MW,97.29166666666669
25456077,Finch Paper,USA,43.3084,-73.6376,29.0,MW,574.4827586206897
41628237,FirstEnergy Ashtabula,USA,41.9086,-80.7697,0.0,MW,0.0
25449246,FirstEnergy Bay Shore,USA,41.6917,-83.4378,187.0,MW,97.27272727272728
25449154,FirstEnergy Bruce Mansfield,USA,40.6348,-80.4159,2741.1,MW,221.55339097442632
25448929,FirstEnergy Eastlake,USA,41.6711,-81.4425,32.0,MW,97.28125
25449077,FirstEnergy Fort Martin Power Station,USA,39.7108,-79.9275,1152.0,MW,488.8888888888889
25449078,FirstEnergy Harrison Power Station,USA,39.3842,-80.3325,2052.0,MW,617.9337231968811
41627290,FirstEnergy Lake Shore,USA,41.5356,-81.6419,0.0,MW,0.0
25449512,Fisk Street,USA,41.8508,-87.6533,227.5,MW,97.27472527472528
25449882,Fitchburg,USA,43.0147,-89.4603,57.6,MW,261.2847222222222
25450076,F J Gannon,USA,27.9072,-82.4182,2293.7,MW,261.3244975367311
25449215,Flint Creek,USA,36.2561,-94.5241,558.0,MW,515.4121863799284
25457148,"Flint Hills Resources Pine Bend, LLC",USA,44.4548,-93.0212,73.4,MW,261.30790190735695
25456237,Flint River Operations,USA,32.2528,-84.0698,77.0,MW,574.6753246753246
25456303,Florence Mill,USA,34.1533,-79.5586,103.8,MW,574.6628131021195
41634975,Florida Power Development,USA,28.5819,-82.4311,0.0,MW,0.0
25456034,Florida's Natural Growers,USA,27.9114,-81.6006,10.7,MW,261.3084112149533
25456331,Ford Utilities Center,USA,35.0841,-106.6252,14.8,MW,249.1216216216216
25449332,Fore River Generating Station,USA,42.2422,-70.9661,872.2,MW,450.4700756707177
25449543,Forest City Light Plant,USA,43.2632,-93.6354,22.0,MW,97.27272727272728
25449969,Forked River,USA,39.8154,-74.2098,76.8,MW,261.328125
25456437,Formosa Plastics,USA,30.4992,-91.1872,62.8,MW,261.30573248407643
25456080,Formosa Utility Venture Ltd,USA,28.6944,-96.5433,689.4,MW,261.386713083841
25449369,Forney Energy Center,USA,32.7563,-96.4916,1894.2,MW,358.19871185724844
25449730,Fort Churchill,USA,39.1281,-119.1322,230.0,MW,31.956521739130434
25449558,Fort Dodge,USA,37.7328,-99.9497,149.0,MW,0.0
25456938,"Fort Hill 1, 2, 3 & 4",USA,41.4711,-72.1022,10.4,MW,97.3076923076923
49699563,Fort James Muskogee Mill Power Plant,USA,35.7326,-95.2938,0.0,MW,0.0
25450138,Fort Lupton,USA,40.0922,-104.796,100.8,MW,261.3095238095238
25448987,Fort Myers,USA,26.6967,-81.7831,2680.9,MW,267.8578089447573
25449172,Fort St Vrain,USA,40.2461,-104.8742,1148.5,MW,308.6634740966478
25456045,Foster Wheeler Mt Carmel Cogen,USA,40.8112,-76.453,47.3,MW,367.65327695560256
25456665,Fountain Valley Power Facility,USA,38.5569,-104.6875,228.0,MW,26.30701754385965
25448885,Four Corners,USA,36.6881,-108.4791,1540.0,MW,605.0649350649351
25456771,Fox Energy Center,USA,44.3204,-88.2089,618.8,MW,721.0730446024564
41628092,Fox Lake,USA,43.6728,-94.7075,0.0,MW,0.0
25456939,Foxwoods CoGen,USA,41.4731,-71.9606,16.2,MW,261.358024691358
41627948,Frank E Ratts,USA,38.5201,-87.2662,0.0,MW,0.0
25456680,Frank Knutson,USA,39.9411,-104.682,154.2,MW,19.915693904020753
25449479,Franklin Drive,USA,41.7989,-73.1163,21.8,MW,97.29357798165135
41635754,Franklin/Grays,USA,46.3069,-119.1139,0.0,MW,0.0
25456410,Franklin Heating Station,USA,44.0206,-92.4656,17.7,MW,224.29378531073448
41628032,Franklin (LA),USA,29.8222,-91.5425,0.0,MW,0.0
25449888,Frederic Diesel,USA,45.6548,-92.4651,13.7,MW,97.29927007299273
25448859,Frederickson,USA,47.0797,-122.365,177.8,MW,261.36107986501685
25456736,Frederickson Power LP,USA,47.0861,-122.3657,318.3,MW,6.924285265472824
25456960,Fredericktown Energy Center,USA,37.5717,-90.3173,27.6,MW,261.34057971014494
25450063,Freedom Power Project,USA,39.1033,-88.859,71.0,MW,261.40845070422534
25456369,Freeport Energy,USA,28.9913,-95.4075,494.3,MW,261.3797289095691
25456793,Freeport Energy Center,USA,28.9888,-95.3954,260.0,MW,261.34615384615387
25457043,Freeport LP Pretreatment Facility,USA,28.9827,-95.3087,87.0,MW,261.37931034482756
41635437,Freeport McMoRan,USA,32.6618,-108.3628,0.0,MW,0.0
25449330,Freestone Energy Center,USA,31.8907,-96.1131,1036.0,MW,494.0154440154441
25456720,Fremont Energy Center,USA,41.3771,-83.1614,739.5,MW,354.15821501014204
25449886,French Island,USA,43.8292,-91.2597,188.0,MW,167.9255319148936
25456013,Fresno Cogen Partners,USA,36.617,-120.0998,80.8,MW,261.3861386138614
25457084,Friendswood Energy,USA,29.6473,-95.4515,121.5,MW,1.7868312757201643
40699276,Frontera Energy Center,USA,26.208,-98.3992,529.0,MW,241.20982986767487
25456254,Frontier,USA,35.4419,-97.6483,131.4,MW,261.3394216133942
25456612,Front Range Power Plant,USA,38.6281,-104.7069,554.3,MW,481.6886162727765
25449468,Fruita,USA,39.1364,-108.7347,26.6,MW,261.3533834586466
721239,FTBLID2,USA,29.5753,-95.6369,0.0,MW,0.0
25456970,Fullerton Mill CHP,USA,33.8617,-117.8931,0.0,MW,0.0
25450057,Fulton (AR),USA,33.6094,-93.7924,154.8,MW,261.3695090439276
25449701,Fulton (MO),USA,38.8681,-91.9478,33.2,MW,202.04819277108433
25449869,Gadsby,USA,40.7686,-111.9289,432.8,MW,261.3216266173752
25448848,Gadsden,USA,34.0128,-85.9708,138.0,MW,261.3768115942029
25456605,Galion Generating Station,USA,40.7167,-82.789,49.5,MW,261.4141414141414
25449232,Gallatin (TN),USA,36.3156,-86.4006,1918.4,MW,97.9462051709758
25456641,Gans,USA,39.7475,-79.8389,87.6,MW,30.091324200913245
25449591,Garden City,USA,37.9703,-100.8956,240.3,MW,1.0740740740740742
25449985,Gardner Energy Center,USA,38.8308,-94.8903,39.2,MW,261.2244897959184
25449570,Garnett Municipal,USA,38.2697,-95.2447,11.7,MW,97.26495726495727
25456924,Garrison Energy Center LLC,USA,39.1872,-75.4994,361.0,MW,24.049861495844876
25456290,Gary Works,USA,41.6224,-87.3289,161.0,MW,261.3664596273292
25456902,Gastonia Prime Power Park,USA,35.3017,-81.2092,11.8,MW,97.28813559322032
25449540,Gas Turbine (IA),USA,42.512,-92.476,43.4,MW,261.2903225806451
25456843,Gateway Generating Station,USA,38.0175,-121.7587,619.7,MW,569.9532031628207
25449119,"Gavin Power, LLC",USA,38.9347,-82.1158,2600.0,MW,399.2307692307692
25456263,Gaviota Oil Plant,USA,34.4751,-120.2051,0.0,MW,0.0
41628062,Gaylord - Consumers,USA,45.0306,-84.7039,0.0,MW,0.0
25456431,Gaylord Container Bogalusa,USA,30.7811,-89.8575,99.5,MW,574.6733668341709
25450093,Gaylord - Wolverine,USA,45.0046,-84.7218,70.2,MW,261.3960113960114
25456041,Geismar,USA,30.2,-91.0,84.1,MW,261.35552913198575
25456884,Geismar Cogen,USA,30.2082,-90.9925,83.9,MW,261.3825983313468
25456418,General Chemical,USA,41.5933,-109.7542,30.0,MW,367.6666666666667
25455997,General Electric Aircraft Engines,USA,42.45,-70.9739,0.0,MW,0.0
25450025,General Electric Plastic,USA,32.3102,-86.5254,97.0,MW,261.340206185567
25457151,"Generate Colchester Fuel Cells, LLC",USA,41.5941,-72.3313,0.0,MW,0.0
25456468,Genesee Power Station LP,USA,43.0851,-83.6694,39.5,MW,574.6835443037975
25449518,Geneseo,USA,41.4515,-90.1486,29.4,MW,234.55782312925172
25456834,Geneva Generation Facility,USA,41.8911,-88.2711,29.5,MW,261.35593220338984
25448954,Genoa,USA,43.5589,-91.2325,345.6,MW,367.7662037037037
25449470,George Birdsall,USA,38.8814,-104.8169,61.1,MW,261.3747954173486
25449650,George Johnson,USA,43.8393,-85.426,50.0,MW,261.4
25449946,George M Sullivan Generation Plant 2,USA,61.2297,-149.7167,193.9,MW,261.32026817947394
25449069,George Neal North,USA,42.3238,-96.376,584.1,MW,154.56257490155795
25449997,George Neal South,USA,42.3006,-96.3617,695.9,MW,0.0
25450037,Georgetown,USA,39.9026,-86.2441,340.0,MW,261.35294117647055
25457107,Georgia LFG Richland Creek Plant,USA,34.1271,-84.0334,11.2,MW,261.3392857142857
25456479,Georgia-Pacific Brewton Mill,USA,31.077,-87.1116,103.4,MW,488.58800773694384
25456401,Georgia-Pacific Cedar Springs,USA,31.166,-85.0951,101.2,MW,574.604743083004
25456118,Georgia-Pacific Consr Prods LP-Naheola,USA,32.2268,-88.0252,87.5,MW,574.6285714285714
25456220,Georgia-Pacific Corp - Nekoosa Mill,USA,44.3142,-89.8964,35.1,MW,378.3475783475783
25456089,Georgia-Pacific Crossett LLC,USA,33.1421,-91.975,25.0,MW,261.36
720171,Georgia-Pacific Monticello Paper,USA,31.6283,-90.0815,81.5,MW,574.601226993865
25456053,Georgia-Pacific Muskogee,USA,35.7322,-95.2939,114.0,MW,261.3157894736842
25456092,Georgia-Pacific Palatka Operations,USA,29.6807,-81.6809,79.8,MW,574.68671679198
25456093,Georgia-Pacific Port Hudson,USA,30.6547,-91.28,60.0,MW,261.3333333333333
25456973,Georgia-Pacific Toledo Mill,USA,44.6119,-123.9319,18.8,MW,574.468085106383
25456803,Georgia-Pacific Wauna Mill,USA,46.154,-123.4066,30.0,MW,574.6666666666666
25449074,Gerald Andrus,USA,33.35,-91.1167,781.4,MW,28.67929357563348
25449086,Gerald Gentleman,USA,41.0808,-101.1408,1362.6,MW,468.14912666960225
25449925,Germantown,USA,43.1952,-88.1496,335.7,MW,141.70390229371463
41627883,G E Turner,USA,28.8696,-81.274,0.0,MW,0.0
25448969,G G Allen,USA,35.1906,-81.0087,1148.4,MW,215.43016370602575
25449044,Ghent,USA,38.7485,-85.0374,2225.9,MW,479.35666471988856
25449978,Gianera,USA,37.401,-121.9687,64.6,MW,261.30030959752327
25449239,Gibbons Creek,USA,30.6199,-96.0819,453.5,MW,367.58544652701215
25449166,Gibson,USA,38.3722,-87.7658,3339.5,MW,451.86405150471626
25456569,Gibson City Energy Center LLC,USA,40.4705,-88.3987,270.0,MW,5.807407407407408
25457049,Gila River Power Block 1,USA,32.975,-112.6944,2476.0,MW,288.89337641357025
25449736,Gilbert,USA,40.5658,-75.1639,512.0,MW,0.0
25456411,Gillette SBMC,USA,42.3436,-71.0559,12.2,MW,261.3114754098361
25456733,Gilroy Peaking Energy Center,USA,36.999,-121.5363,144.0,MW,0.6373611111111112
25456000,Gilroy Power Plant,USA,37.0001,-121.5367,130.0,MW,18.515384615384615
4400975,Girard,USA,37.5077,-94.8393,10.8,MW,97.3148148148148
25449966,Gladstone,USA,45.8476,-87.0038,22.6,MW,97.3008849557522
25457007,Glass House Camarillo Cultivation,USA,34.1797,-119.0831,13.2,MW,261.3636363636364
25456601,Gleason Generating Facility,USA,36.2454,-88.612,567.8,MW,261.35963367382885
25449465,Glenarm,USA,34.126,-118.1494,265.6,MW,261.3328313253012
25449665,Glencoe,USA,44.7709,-94.1582,39.5,MW,97.29113924050633
25449713,Glendive GT,USA,47.0539,-104.74,83.7,MW,261.2903225806451
41628626,Glen Gardner,USA,40.6815,-74.9207,0.0,MW,0.0
41628343,Glen Lyn,USA,37.3706,-80.8633,0.0,MW,0.0
25449934,Glennallen,USA,62.1104,-145.5325,9.2,MW,97.28260869565216
41635416,Glenns Ferry Cogen Facility,USA,42.954,-115.2937,0.0,MW,0.0
25449757,Glenwood,USA,40.826,-73.6476,110.0,MW,97.27272727272728
25450073,Glenwood Landing,USA,40.8319,-73.6473,106.0,MW,90.22641509433964
25456467,Goal Line LP,USA,33.1185,-117.0995,51.4,MW,0.0
41635953,Goddard Steam Plant,USA,38.5868,-77.1731,0.0,MW,0.0
25456673,Goldendale Generating Station,USA,45.8114,-120.833,302.8,MW,646.9616908850726
25449572,Goodland,USA,39.3416,-101.7052,18.7,MW,255.18716577540107
25456848,Goodman Energy Center,USA,38.9303,-99.3617,103.5,MW,261.3526570048309
25456419,Goodyear Beaumont Chemical Plant,USA,29.9728,-94.2142,34.8,MW,261.3505747126437
25456675,Goose Creek Energy Center,USA,40.1069,-88.5999,684.0,MW,261.4035087719298
25456701,Goose Haven Energy Center,USA,38.2268,-121.8433,48.0,MW,0.575
25449561,Gordon Evans Energy Center,USA,37.7903,-97.5217,375.1,MW,7.864569448147161
25456487,Gordonsville Energy LP,USA,38.1247,-78.2035,300.4,MW,326.43142476697733
25448869,Gorgas,USA,33.6443,-87.1965,0.0,MW,0.0
25449610,Gould Street,USA,39.2663,-76.6047,0.0,MW,0.0
25449751,Gowanus Gas Turbines Generating,USA,40.6635,-74.0051,620.0,MW,181.93548387096772
25449854,Graham,USA,33.1344,-98.6117,634.7,MW,6.456593666299039
41628080,Grand Haven Diesel Plant,USA,43.0598,-86.2379,0.0,MW,0.0
50375973,Grand Tower Energy Center LLC,USA,37.6577,-89.5112,640.9,MW,261.35122484006865
25449655,Granite City,USA,45.5756,-94.1408,0.0,MW,0.0
25449321,Granite Ridge,USA,42.9042,-71.4261,790.0,MW,302.65822784810126
25448980,Grant Town Power Plant,USA,39.5618,-80.1631,95.7,MW,368.54754440961335
25456839,Grapeland Hybrid,USA,34.0903,-117.5343,49.8,MW,261.2449799196787
25456117,Graphic Packaging,USA,42.3068,-85.579,10.0,MW,261.3
41635413,Graphic Packaging International,USA,37.3682,-121.9436,0.0,MW,0.0
25449963,Gravel Neck,USA,37.1575,-76.6911,407.7,MW,245.2048074564631
25456140,Grayling Generating Station,USA,44.6049,-84.6906,38.6,MW,574.6113989637305
25456478,Grays Ferry Cogeneration,USA,39.9422,-75.1881,192.6,MW,261.318795430945
25450117,Grays Harbor Energy Facility,USA,46.9692,-123.48,714.9,MW,394.88040285354595
25449461,Grayson,USA,34.1556,-118.2782,300.9,MW,261.34928547690265
25449559,Great Bend - Sunflower,USA,38.4099,-98.8695,81.6,MW,0.0
25450110,Greater Des Moines,USA,41.5563,-93.5283,576.3,MW,237.37636647579387
25455999,Greater Detroit Resource Recovery,USA,42.3678,-83.0514,0.0,MW,0.0
41636062,Great Lakes Central Power Plant,USA,42.31,-87.83,0.0,MW,0.0
25449454,GREC,USA,36.1903,-95.2894,1734.3,MW,167.21443810182782
25449311,Green Country Power Station,USA,35.9833,-95.9346,903.9,MW,366.6334771545525
25448870,Greene County,USA,32.6017,-87.7811,1288.4,MW,16.803787643588947
41627963,Greenfield Light Plant,USA,41.3039,-94.4606,5.0,MW,97.28
25449762,Greenidge Generation LLC,USA,42.6789,-76.9483,112.0,MW,288.92857142857144
25456886,Greenland Energy Center,USA,30.1591,-81.5184,380.8,MW,78.07247899159664
25456048,Greenleaf 1,USA,39.0525,-121.6926,0.0,MW,0.0
25456047,Greenleaf 2 Power Plant,USA,39.1392,-121.6388,49.5,MW,261.4141414141414
25456669,Green Power 2,USA,29.3781,-94.9328,611.0,MW,287.3977086743044
41628014,Green River,USA,37.3636,-87.1214,0.0,MW,0.0
25449849,Greens Bayou,USA,29.8222,-95.2194,432.0,MW,0.0
25457065,Greensville County Power Station,USA,36.7185,-77.6528,1773.3,MW,592.6803135397282
25456585,Greenville Electric Generating Station,USA,40.0758,-84.6151,236.0,MW,261.35593220338984
41635463,Greenville Steam,USA,45.4542,-69.61,0.0,MW,0.0
25449905,Greenwood (MI),USA,43.1056,-82.6964,1071.3,MW,7.009241108933073
25449910,Greenwood (MO),USA,43.1057,-82.6973,284.8,MW,1.3237359550561798
25456524,Gregory Power Plant,USA,27.8893,-97.2584,469.8,MW,261.3878246062154
25456540,Griffith Energy LLC,USA,35.054,-114.1333,655.0,MW,571.4503816793894
41628445,Grinnell,USA,41.7529,-92.7489,0.0,MW,0.0
25456810,Groton Generation Station,USA,45.3735,-98.0987,216.4,MW,33.91404805914972
25457085,GRP Franklin Renewable Energy Facility,USA,34.3761,-83.3306,116.0,MW,574.6551724137931
25457103,GRP Madison Renewable Energy Facility,USA,34.0406,-83.1929,58.0,MW,574.6551724137931
41634991,GRS Coyote Canyon,USA,33.613,-117.8219,0.0,MW,0.0
41635678,GRS Pine Bend,USA,44.787,-93.0556,0.0,MW,0.0
25449325,Guadalupe Generating Station,USA,29.6244,-98.1419,1088.2,MW,212.55283955155303
8295,Guernsey Power Station,USA,39.9364,-81.5354,0.0,MW,0.0
25449013,Gulf Clean Energy Center,USA,30.5661,-87.2244,1135.1,MW,261.38666196810857
713447,G W Ivey,USA,25.4756,-80.47,35.6,MW,252.13483146067415
25449592,Haefling,USA,38.0794,-84.5194,41.4,MW,261.3526570048309
25449833,Hagood,USA,32.8265,-79.9634,177.3,MW,261.36491821771006
25456171,Hal C Weaver Power Plant,USA,30.2865,-97.7349,138.9,MW,261.3390928725702
25457017,Halifax County Biomass,USA,36.6992,-78.8736,49.9,MW,574.5490981963928
25449722,Hallam,USA,40.5587,-96.7862,56.7,MW,97.28395061728396
25450029,H Allen Franklin Combined Cycle,USA,32.6078,-85.0975,1995.7,MW,579.7464548779876
25456639,Hamakua Energy Plant,USA,20.0939,-155.4711,66.0,MW,97.28787878787878
25449434,Hamilton Liberty,USA,41.7675,-76.39,870.0,MW,711.0344827586207
25449015,Hamilton (OH),USA,39.4098,-84.5543,126.9,MW,261.3081166272656
25449803,Hamilton (PA),USA,39.9087,-76.9885,19.6,MW,97.29591836734691
25449435,Hamilton Patriot Generation Plant,USA,41.1808,-76.8392,870.0,MW,705.7471264367816
25450047,Hamilton Peaking,USA,39.3528,-84.5183,32.0,MW,261.34375
25456819,Hamlet Generating Facility,USA,34.8423,-79.7361,343.8,MW,4.5869691681210005
25449002,Hammond,USA,34.2528,-85.3456,0.0,MW,0.0
25449635,Hancock,USA,42.5495,-83.4438,121.6,MW,261.3486842105263
25449240,Handley,USA,32.7283,-97.2192,1314.8,MW,0.6509735320961363
25456589,Handsome Lake Energy LLC,USA,41.2908,-79.8061,294.5,MW,261.35823429541597
25456717,Hanford Energy Park Peaker,USA,36.2701,-119.6481,141.1,MW,0.0
25449365,Hanging Rock Energy Facility,USA,38.5731,-82.7833,1429.8,MW,643.0269967827669
25448852,Hank Nikkels Plant 1,USA,61.2221,-149.8661,50.9,MW,254.81335952848724
25457127,Hannibal - Oakwood Substation,USA,39.6798,-91.3988,16.0,MW,97.3125
25449463,Harbor,USA,33.7706,-118.2656,548.1,MW,4.6159459952563395
42298982,Harbor Beach,USA,43.8519,-82.6436,0.0,MW,0.0
25456252,Harbor Cogen,USA,33.7771,-118.2303,107.4,MW,261.3594040968342
25456334,Hardee Power Station,USA,27.6364,-81.9636,470.1,MW,261.433737502659
25449834,Hardeeville,USA,32.2988,-81.0739,16.3,MW,97.30061349693251
25456862,Hardin County Peaking Facility,USA,30.3038,-94.2526,173.0,MW,0.0
25449373,Hardin Generator Project,USA,45.7641,-107.5981,115.7,MW,120.31114952463264
25449032,Harding Street,USA,39.7113,-86.1969,1044.7,MW,24.07389681248205
25456818,Hargis-Hebert Electric Generating,USA,30.1694,-91.9923,100.8,MW,261.3095238095238
25450085,Harlem River Yard,USA,40.7991,-73.9156,94.0,MW,10.712765957446807
41627901,Harllee Branch,USA,33.195,-83.2983,0.0,MW,0.0
25449334,Harquahala Generating Project,USA,33.476,-113.1134,1277.1,MW,240.38837992326367
25449219,Harrington,USA,35.2982,-101.7472,1080.0,MW,462.5
25456007,Harrisburg Facility,USA,40.2442,-76.8539,21.0,MW,534.2857142857143
25456711,Harrison County Power Project,USA,32.3965,-94.4353,570.0,MW,454.03508771929825
25449089,Harry Allen,USA,36.4306,-114.9024,745.0,MW,415.5704697986577
25456581,Harry L. Oswald,USA,34.5923,-92.2166,599.5,MW,292.743953294412
25456352,Hartford Hospital Cogeneration,USA,41.7631,-72.6733,11.8,MW,261.35593220338984
25456442,Hartwell Energy Facility,USA,34.3396,-82.8199,360.0,MW,22.73055555555555
25450128,Hartzog,USA,43.8294,-105.5322,22.5,MW,261.3333333333333
25449028,Havana,USA,40.2797,-90.08,0.0,MW,0.0
25456892,Haverhill North Cogeneration Facility,USA,38.5962,-82.8302,67.0,MW,261.34328358208955
41635027,Hawaiian Comm & Sugar Puunene Mill,USA,20.8675,-156.454,0.0,MW,0.0
25456758,Hawkeye Energy Greenport LLC,USA,41.106,-72.3762,54.0,MW,1.4735185185185184
25456547,Hawk Road Facility,USA,33.3585,-84.9914,495.0,MW,13.157575757575758
25456879,Haworth Water Treatment Plant,USA,40.9593,-74.0151,16.0,MW,179.3125
25449038,Hawthorn,USA,39.1306,-94.4778,1046.2,MW,320.5887975530491
25449173,Hayden,USA,40.4856,-107.185,465.4,MW,486.03351955307267
25449050,Haynes,USA,33.7646,-118.0952,1739.1,MW,34.385601748030595
25449336,Hays Energy Project,USA,29.7806,-97.9894,989.0,MW,119.51466127401416
25449009,Healy,USA,63.8542,-148.95,80.8,MW,358.2920792079208
25456517,Heat Recovery Coke Facility,USA,41.6794,-87.4169,94.6,MW,97.2832980972516
25449965,Heber City,USA,40.5037,-111.4252,14.1,MW,261.34751773049646
721238,HEBHoustonDistributionCenter,USA,29.8397,-95.5369,0.0,MW,0.0
25449723,Hebron,USA,40.1879,-97.5779,56.7,MW,97.28395061728396
25450084,Hell Gate,USA,40.799,-73.9094,94.0,MW,10.797872340425531
41628132,Henderson,USA,33.5173,-90.2097,0.0,MW,0.0
25449029,Hennepin Power Station,USA,41.3028,-89.315,0.0,MW,0.0
25456732,Henrietta Peaker,USA,36.2397,-119.9044,98.0,MW,6.960204081632654
25450039,Henry County,USA,39.9528,-85.5039,181.5,MW,54.2258953168044
4401408,Henry Station,USA,43.5951,-83.8999,15.4,MW,261.3636363636364
712836,Herbert A Wagner,USA,39.1781,-76.5268,1058.5,MW,131.9792158715163
25456471,Hermiston Generating Plant,USA,45.8042,-119.37,621.2,MW,325.33805537669025
25456626,Hermiston Power Partnership,USA,45.794,-119.3133,689.4,MW,569.1906005221932
923,HF Lee and Wayne County power complex,USA,35.3732,-78.089,2047.7,MW,261.36641109537527
25456415,HF Sinclair Puget Sound Refining,USA,48.4702,-122.562,139.8,MW,261.3733905579399
720849,H. Gonzales,USA,33.9986,-118.2215,11.8,MW,261.35593220338984
41635098,HGST San Jose Standby Generator,USA,37.2444,-121.7963,0.0,MW,0.0
818,Hibbing,USA,47.4294,-92.935,35.9,MW,367.68802228412255
25457099,Hickory Run Energy Station,USA,40.9944,-80.43,1033.7,MW,325.6263906355809
25456694,Hidalgo Energy Center,USA,26.3417,-98.1758,551.3,MW,431.344095773626
25449488,Higgins,USA,28.0033,-82.6615,0.0,MW,0.0
25456714,Higgins Generating Station,USA,35.6139,-115.3561,688.4,MW,409.9360836722836
25449702,Higginsville,USA,39.0733,-93.7147,46.7,MW,0.0
25449656,High Bridge,USA,44.9314,-93.1117,644.0,MW,411.3354037267081
25449294,High Desert Power Plant,USA,34.5953,-117.3647,960.0,MW,363.4375
25456248,High Sierra Limited,USA,35.509,-119.0305,49.8,MW,261.2449799196787
41635916,Highwood Generating Station,USA,47.5517,-111.0344,0.0,MW,0.0
25456654,Hillabee Energy Center,USA,33.0007,-85.9033,822.8,MW,498.906174039864
25449764,Hillburn,USA,41.126,-74.1635,46.5,MW,0.0053763440860215
25456046,Hillman Power LLC,USA,45.0688,-83.8932,22.0,MW,574.5454545454545
25456314,Hillsborough County Resource Recovery,USA,27.9549,-82.3405,47.0,MW,534.2553191489362
25449644,Hillsdale,USA,41.9061,-84.6319,11.6,MW,261.3793103448276
25457121,"Hill Top Energy Center, LLC",USA,39.893,-79.9307,0.0,MW,0.0
25449838,Hilton Head,USA,32.2089,-80.6988,117.9,MW,97.28583545377438
25456579,Hinds Energy Facility,USA,32.379,-90.2199,600.4,MW,253.99733510992672
25448997,Hines Energy Complex,USA,27.7882,-81.87,2266.3,MW,261.35110091338305
25456133,HL Power,USA,40.3683,-120.2648,36.2,MW,574.5856353591159
25448977,H L Spurlock,USA,38.7,-83.8181,1608.5,MW,642.8349393845198
25449596,HMP&L Station Two Henderson,USA,37.6469,-87.5028,405.0,MW,367.65432098765433
25457009,HNL Emergency Power Facility,USA,21.3364,-157.9194,10.0,MW,574.6
25456833,Hobbs Generating Station,USA,32.7283,-103.3094,681.5,MW,495.37784299339694
25457132,HO Clarke Generating,USA,29.6454,-95.4517,363.0,MW,261.3498622589532
25456008,Hoffmann LaRoche,USA,40.8359,-74.155,10.6,MW,261.3207547169811
25456594,Hog Bayou Energy Center,USA,30.7478,-88.0575,280.0,MW,482.8571428571428
25449573,Hoisington,USA,38.513,-98.7747,14.0,MW,249.6428571428571
25449225,Holcomb,USA,37.9308,-100.9725,348.7,MW,466.01663320906226
25450067,Holden,USA,38.7538,-93.9983,321.3,MW,261.34453781512605
25456628,Holland Energy Facility,USA,39.2231,-88.7584,702.1,MW,97.6783933912548
25457042,Holland Energy Park,USA,42.7925,-86.0922,149.4,MW,526.1044176706827
25449575,Holton,USA,39.4735,-95.7315,21.5,MW,144.6046511627907
25450120,Holtsville,USA,40.817,-73.0663,567.0,MW,10.48853615520282
25449149,Homer City Generating Station,USA,40.5128,-79.1961,2012.0,MW,378.3300198807157
25449136,Hoot Lake,USA,46.2906,-96.0433,129.7,MW,367.0778720123362
25456102,Hopewell Cogeneration,USA,37.2917,-77.2811,495.0,MW,229.49494949494945
25456306,Hopewell Mill,USA,37.2999,-77.2645,47.6,MW,574.5798319327731
25456128,Hopewell Power Station,USA,37.2978,-77.283,71.1,MW,574.6835443037975
25449122,Horseshoe Lake,USA,35.5087,-97.1797,754.0,MW,261.40583554376656
25449361,Hot Spring Generating Facility,USA,34.2976,-92.8683,714.8,MW,208.72971460548408
25456157,Houston Chemical Complex Battleground,USA,29.7314,-95.0839,380.7,MW,261.3343840294195
41628143,Howard Bend,USA,38.6818,-90.54,0.0,MW,0.0
25449741,Howard Down,USA,39.4889,-75.0347,68.2,MW,16.466275659824046
25457062,HP Hood CT,USA,39.1325,-78.1875,15.0,MW,261.3333333333333
25456043,H Power,USA,21.3,-158.0986,97.3,MW,534.2240493319631
25449752,Hudson Avenue,USA,40.7052,-73.9807,48.9,MW,97.280163599182
25449278,Hugo,USA,34.0147,-95.321,446.0,MW,0.3542600896860987
25449959,Hugoton 2,USA,37.1642,-101.3401,19.2,MW,104.11458333333334
25449458,Humboldt Bay,USA,40.7415,-124.2103,167.0,MW,261.31736526946105
25456158,Humboldt Sawmill Company,USA,40.4728,-124.1014,25.0,MW,574.8
25449829,Hunlock Power Station,USA,41.2006,-76.07,145.9,MW,41.74777244688143
25456829,Hunlock Unit 4,USA,41.2027,-76.0684,44.0,MW,49.68181818181818
25449142,Hunter,USA,39.1747,-111.0289,1472.2,MW,584.9069419915772
25449804,Hunterstown,USA,39.8662,-77.1648,60.0,MW,261.3333333333333
25449066,Hunterstown Power Plant,USA,39.8725,-77.1672,898.0,MW,261.358574610245
25449141,Huntington,USA,39.3792,-111.0781,1015.5,MW,461.4475627769572
25456278,Huntington Resource Recovery Facility,USA,40.8814,-73.2906,24.0,MW,534.1666666666666
25449842,Huron,USA,44.3695,-98.1722,57.9,MW,261.3126079447323
25456951,Hurricane City Power,USA,37.1856,-113.2975,10.0,MW,261.3
25449562,Hutchinson Energy Center,USA,38.0915,-97.8724,342.6,MW,199.56217162872153
25449667,Hutchinson Plant #1,USA,44.8957,-94.3684,32.9,MW,261.3373860182371
25449936,Hutchinson Plant #2,USA,44.8889,-94.3493,90.5,MW,261.32596685082876
25449449,H Wilson Sundt Generating Station,USA,32.16,-110.9047,528.9,MW,261.2970315749669
25457098,Hyperion Treatment Plant CHP Plant,USA,33.9261,-118.4291,33.0,MW,261.3333333333333
25449039,Iatan,USA,39.4472,-94.98,1604.9,MW,554.6139946414106
25456177,Imperial Savannah LP,USA,32.144,-81.1466,11.7,MW,261.36752136752136
25456234,Indeck Corinth Energy Center,USA,43.2492,-73.8096,147.0,MW,200.2721088435374
25457021,Indeck Energy-Alexandria,USA,43.5608,-71.7806,16.0,MW,574.625
25456667,Indeck Niles Energy Center,USA,41.8621,-86.2214,0.0,MW,0.0
25456392,Indeck Olean Energy Center,USA,42.0859,-78.4543,90.6,MW,32.59381898454746
25456231,Indeck Oswego Energy Center,USA,43.4717,-76.4935,57.4,MW,0.7578397212543554
25456230,Indeck Silver Springs Energy Center,USA,42.6544,-78.0772,56.6,MW,63.35689045936395
25456126,Indeck West Enfield Energy Center,USA,45.2537,-68.6279,27.5,MW,574.5454545454545
25456232,Indeck Yerkes Energy Center,USA,42.9671,-78.9182,59.9,MW,14.841402337228716
25448888,Independence Steam Electric Station,USA,35.6761,-91.4072,1800.0,MW,195.33333333333337
25456496,Indiana Harbor E 5 AC Station,USA,41.6844,-87.4214,90.0,MW,261.3333333333333
25456057,Indiana Harbor West,USA,41.6638,-87.4523,120.0,MW,261.3333333333333
25456009,Indiana University of Pennsylvania,USA,40.6158,-79.157,24.4,MW,261.3524590163935
25449544,Indianola,USA,41.3595,-93.5633,40.9,MW,97.28606356968216
25449498,Indian River,USA,28.4932,-80.7802,342.8,MW,261.3477246207701
25448958,Indian River Generating Station,USA,38.5857,-75.2341,464.1,MW,178.43137254901958
25449264,Indiantown Cogeneration LP,USA,27.0389,-80.5125,395.4,MW,367.72888214466366
25456691,Indigo Energy Facility,USA,33.9109,-116.553,149.7,MW,2.347361389445558
25450094,Industrial Park,USA,41.7682,-89.6744,13.4,MW,97.31343283582088
25457060,Industrial Plant,USA,58.3676,-134.608,41.7,MW,97.29016786570745
25456625,Ingleside Cogeneration,USA,27.8833,-97.2462,517.0,MW,258.22050290135394
25456444,Ingredion Incorporated,USA,41.7775,-87.8233,45.0,MW,261.3333333333333
41635329,Ingredion Stockton,USA,37.9128,-121.2614,0.0,MW,0.0
1927710,Ingredion Winston Salem,USA,36.0338,-80.2274,8.4,MW,574.6428571428571
25456743,Inland Empire Energy Center,USA,33.7388,-117.1704,0.0,MW,0.0
25456063,Inland Paperboard Packaging Rome,USA,34.2528,-85.3275,60.4,MW,574.6688741721855
25448998,Intercession City,USA,28.2628,-81.5486,1197.3,MW,194.3539630836048
25449034,Intermountain Power Project,USA,39.5097,-112.5802,1800.0,MW,383.8888888888889
25449931,International,USA,61.169,-149.911,15.0,MW,261.3333333333333
25456183,International Paper Co. - New Bern Mill,USA,35.212,-77.1144,38.1,MW,574.5406824146982
25456379,International Paper Franklin Mill,USA,36.6803,-76.9128,36.1,MW,574.5152354570637
25456394,International Paper Georgetown Mill,USA,33.3651,-79.3011,95.6,MW,574.581589958159
25456198,International Paper Pensacola,USA,30.5966,-87.3264,82.8,MW,574.6376811594203
25456469,International Paper Pine Hill Mill,USA,31.9698,-87.4806,77.4,MW,574.6770025839794
25456373,International Paper Prattville Mill,USA,32.4187,-86.4718,89.8,MW,574.6102449888641
25456972,International Paper Red River Mill,USA,31.9036,-93.1745,78.8,MW,574.6192893401014
25456459,International Paper Riegelwood Mill,USA,34.353,-78.2134,51.5,MW,574.5631067961165
25456396,International Paper Riverdale Mill,USA,32.426,-86.8709,66.0,MW,438.9393939393939
49533844,International Paper Savannah Mill,USA,32.1021,-81.1264,154.2,MW,429.96108949416345
25456223,International Paper Savanna Mill,USA,32.1004,-81.1242,154.0,MW,429.8051948051948
25456397,International Paper Texarkana Mill,USA,33.2553,-94.0696,65.0,MW,574.6153846153846
25456186,International Paper Valliant OK,USA,33.9961,-95.1114,68.0,MW,574.5588235294117
25456400,International Paper Vicksburg Mill,USA,32.5293,-90.7746,50.5,MW,574.6534653465346
713959,Interstate,USA,39.8233,-89.5891,138.6,MW,0.0
25456417,Interstate Paper LLC Riceboro,USA,31.7416,-81.4079,14.5,MW,574.6206896551724
25449657,Inver Hills,USA,44.781,-93.042,280.8,MW,261.36039886039885
25449576,Iola,USA,37.9231,-95.4256,27.5,MW,156.94545454545454
25456406,Iowa State University,USA,42.0275,-93.6394,46.0,MW,261.30434782608694
25456185,IP Springfield Oregon,USA,44.0569,-122.9555,40.0,MW,574.75
25449292,Ironwood LLC,USA,40.3509,-76.3658,777.6,MW,333.20473251028807
25456739,Island Street Peaking Plant,USA,44.2761,-88.2658,60.5,MW,261.3223140495868
721233,Ivanhoe Generation Facility,USA,29.777,-91.736,0.0,MW,0.0
49534110,Ivanpah 1 power station,USA,35.5331,-115.4525,126.0,MW,261.3492063492063
49534109,Ivanpah 2 power station,USA,35.5561,-115.4686,133.0,MW,261.3533834586466
49534108,Ivanpah 3 power station,USA,35.5808,-115.4825,133.0,MW,261.3533834586466
25449395,Jack County,USA,33.101,-97.9574,1280.0,MW,254.0625
25456636,Jack Fusco Energy Center,USA,29.4731,-95.6244,675.6,MW,338.9579632918887
4400377,Jack McDonough,USA,33.8239,-84.4758,2848.4,MW,612.6246313719982
25456609,Jackson Generating Station,USA,42.2488,-84.3767,649.0,MW,182.2804314329738
25457125,"Jackson Generation, LLC",USA,41.4385,-88.1106,0.0,MW,0.0
25449707,Jackson (MO),USA,37.3847,-89.6606,26.3,MW,97.30038022813687
25449704,Jackson Square,USA,39.0946,-94.4115,36.0,MW,97.27777777777776
25449075,Jack Watson,USA,30.4392,-89.0286,919.1,MW,143.72755956914372
41628082,James De Young,USA,42.7956,-86.1133,0.0,MW,0.0
712915,James E. Rogers Energy Complex,USA,35.22,-81.7594,1530.5,MW,303.75694217575955
25448871,James H Miller Jr,USA,33.6319,-87.0597,2822.0,MW,674.6987951807229
25457040,Jameson Energy Center,USA,37.9547,-100.8306,27.6,MW,261.34057971014494
25448933,James River Genco LLC,USA,37.2939,-77.2697,0.0,MW,0.0
25449712,James River Power Station,USA,37.1086,-93.2619,362.5,MW,261.35172413793106
25449957,Jarvis Street,USA,57.0501,-135.3127,25.6,MW,97.265625
25449359,Jasper,USA,32.3594,-81.1242,1068.2,MW,414.5291143980528
41628394,Jasper 2,USA,38.4004,-86.9146,0.0,MW,0.0
721234,Jax LNG,USA,30.3943,-81.5572,10.0,MW,261.3
25457003,JBER Landfill Gas Power Plant,USA,61.286,-149.61,11.5,MW,261.30434782608694
25449010,J B Sims,USA,43.0706,-86.235,0.0,MW,0.0
25449482,J C McNeil,USA,44.493,-73.2082,59.5,MW,423.3613445378151
25456456,JCO Oxides Olefins Plant,USA,29.9635,-93.9297,73.8,MW,261.3821138211382
41628065,J C Weadock,USA,43.6399,-83.8447,0.0,MW,0.0
25449493,J D Kennedy,USA,30.3648,-81.626,370.0,MW,30.000000000000004
41628163,J E Corette Plant,USA,45.7756,-108.481,0.0,MW,0.0
41628302,Jefferies,USA,33.2444,-79.9909,0.0,MW,0.0
25449280,Jeffrey Energy Center,USA,39.2865,-96.1172,2160.0,MW,146.25
25448950,J H Campbell,USA,42.9103,-86.2007,1560.8,MW,597.1296770886725
25449143,Jim Bridger,USA,41.7378,-108.7875,2326.0,MW,375.0214961306965
25448851,J K Smith,USA,37.8833,-84.1017,1055.0,MW,22.909952606635063
25449185,J K Spruce,USA,29.308,-98.3211,1488.5,MW,367.68558951965065
25456286,JM Shafer Generating Station,USA,40.0986,-104.7736,396.9,MW,261.27488032249937
41627319,J M Stuart,USA,38.6361,-83.6939,0.0,MW,0.0
25448905,John B Rich Memorial Power Station,USA,40.7903,-76.1983,88.4,MW,365.49773755656105
25448879,John E Amos,USA,38.4731,-81.8233,2932.6,MW,409.1932073927573
25449643,John H Warden,USA,46.7553,-88.4558,22.0,MW,574.5454545454545
25448955,John P Madgett,USA,44.3036,-91.9126,387.0,MW,452.4547803617571
25449491,John R Kelly,USA,29.6461,-82.3208,146.1,MW,261.32785763175906
25449234,John Sevier,USA,36.3767,-82.9639,996.9,MW,479.9879626843214
41628423,Johnson,USA,37.5669,-101.7511,6.0,MW,97.28333333333332
25456457,Johnsonburg Mill,USA,41.4919,-78.6753,54.0,MW,574.6296296296297
25456485,Johnson County,USA,32.3994,-97.4078,282.6,MW,150.5661712668082
25449843,Johnsonville,USA,36.0352,-87.9838,1426.0,MW,261.36044880785414
25449314,John S Rainey,USA,34.3477,-82.7745,1154.3,MW,261.3705275924803
25457046,Johnston LFG Turbine Plant,USA,41.8033,-71.5233,35.7,MW,261.34453781512605
25449222,John Twitty Energy Center,USA,37.1517,-93.388,603.0,MW,177.1144278606965
25449415,John W Turk Jr Power Plant,USA,33.6497,-93.8119,609.0,MW,682.7586206896552
25448941,Joliet 9,USA,41.4946,-88.1238,1680.4,MW,261.36634134729826
25449220,Jones,USA,33.5239,-101.7392,860.4,MW,106.05532310553232
25456852,Jonesboro City Water & Light Plant,USA,35.8486,-90.7254,224.3,MW,261.3464110566206
25449725,Jones Street,USA,41.2515,-95.9227,130.0,MW,0.0647692307692307
25448983,Joppa Steam,USA,37.2094,-88.8589,1099.8,MW,367.7032187670485
25450082,Joseph J Seymour Power Project,USA,40.6631,-74.0,94.0,MW,5.730851063829786
25449864,J Robert Massengale,USA,33.6039,-101.8408,84.0,MW,261.3095238095238
41628066,J R Whiting,USA,41.7921,-83.4495,0.0,MW,0.0
25449720,J Street,USA,40.8079,-96.7107,29.0,MW,261.3448275862069
25449183,J T Deely,USA,29.3081,-98.3228,932.0,MW,367.7038626609442
41628617,Juneau,USA,44.0575,-90.0242,0.0,MW,0.0
25449506,Kahe,USA,21.3564,-158.1289,609.7,MW,97.27734951615548
25449906,Kahului,USA,20.8969,-156.4627,34.0,MW,97.29411764705884
25456458,Kalaeloa Cogen Plant,USA,21.3021,-158.0963,299.4,MW,97.2945891783567
25456529,Kalamazoo River Generating Station,USA,42.2813,-85.495,77.4,MW,261.3695090439276
25450109,Kalkaska CT #1,USA,44.6889,-85.2019,60.5,MW,7.766942148760331
41628350,Kammer,USA,39.8461,-80.8186,0.0,MW,0.0
41628348,Kanawha River,USA,38.2056,-81.4211,0.0,MW,0.0
25449508,Kanoelehua,USA,19.7052,-155.0625,21.0,MW,97.28571428571428
25449918,Kansas City International,USA,39.2973,-94.6932,0.0,MW,0.0
25457149,"Kansas Ethanol, LLC",USA,38.2847,-98.1951,13.5,MW,261.3333333333333
50384620,Kapaia Power Station,USA,21.9965,-159.3758,39.1,MW,97.28900255754476
25450033,Kapstone,USA,32.8983,-79.9656,0.0,MW,0.0
25456200,KapStone Kraft Paper Corp,USA,36.4757,-77.6414,28.3,MW,574.5583038869257
25449896,Kaukauna Gas Turbine,USA,44.2782,-88.2639,18.0,MW,261.3333333333333
720478,Kaukauna Paper Mill,USA,44.2826,-88.2534,32.6,MW,574.5398773006135
25450141,Keahole,USA,19.7317,-156.0283,89.1,MW,97.28395061728396
41627847,Kearny,USA,32.834,-117.1338,0.0,MW,0.0
25450100,Kemper County,USA,32.7976,-88.606,372.0,MW,261.3440860215054
25449318,Kendall County Generation Facility,USA,41.4797,-88.2581,1256.0,MW,387.4203821656051
25449622,Kendall Square Station,USA,42.3633,-71.0792,274.9,MW,248.63586758821393
25456138,Kenilworth Energy Facility,USA,40.6769,-74.2749,28.8,MW,261.3541666666667
25456794,Kennecott Power Plant,USA,40.7119,-112.1225,38.2,MW,62.38219895287958
25456403,Kennedy International Airport Cogen,USA,40.6472,-73.7849,121.2,MW,383.66336633663366
25448899,Kenneth C Coleman,USA,37.9625,-86.7917,0.0,MW,0.0
25449708,Kennett,USA,36.2338,-90.0521,31.4,MW,164.171974522293
25456316,Kent County Waste to Energy Facility,USA,42.9496,-85.6932,18.0,MW,534.2222222222222
25456660,Kentucky Mills,USA,37.8948,-86.6854,88.0,MW,574.659090909091
25456247,Kern Front Limited,USA,35.5157,-119.0401,49.8,MW,261.2449799196787
25456075,Kern River Cogeneration,USA,35.4515,-118.9849,300.0,MW,261.3333333333333
25456366,Kern River Eastridge Cogen,USA,35.4406,-118.9617,48.8,MW,261.27049180327873
25449478,Kettle Falls Generating Station,USA,48.6203,-118.1111,57.9,MW,535.7512953367876
41628098,Key City,USA,44.1974,-94.0078,0.0,MW,0.0
25457073,Keys Energy Center,USA,38.7034,-76.8272,830.6,MW,365.1577173127859
713096,Keystone,USA,40.6604,-79.3411,1872.0,MW,633.5470085470085
25456677,Kiamichi Energy Facility,USA,34.6831,-95.9349,1370.0,MW,307.73722627737226
41627320,Killen Station,USA,38.6903,-83.4803,0.0,MW,0.0
25457119,Kimberly Clark Mobile - CHP Plant,USA,30.7361,-88.0502,50.0,MW,261.4
25456971,"Kimberly Clark-Unit 1,2,3",USA,41.5583,-73.4136,36.3,MW,261.3498622589532
25448940,Kincaid Generation LLC,USA,39.5906,-89.4964,1319.0,MW,334.8749052312358
25456734,King City Peaking,USA,36.2248,-121.1246,47.3,MW,261.3107822410148
25456036,King City Power Plant,USA,36.225,-121.1278,133.2,MW,261.33633633633633
25449578,Kingman Municipal Power and Light Plant,USA,37.3831,-98.0704,16.9,MW,261.36094674556216
25456875,King & Queen,USA,37.6711,-76.76,10.8,MW,261.38888888888886
25449943,Kings Beach,USA,39.2458,-120.0272,15.0,MW,97.26666666666668
25456059,Kingsburg Cogen,USA,36.5397,-119.5794,36.2,MW,261.35359116022096
25457047,Kings Mountain Energy Center,USA,35.1995,-81.3608,543.9,MW,342.34234234234236
25457129,Kings Plaza Total Energy Plant (TEP),USA,40.6102,-73.92,12.8,MW,261.328125
25449233,Kingston,USA,35.8992,-84.5194,1700.0,MW,0.0
25456571,Kinmundy,USA,38.7619,-89.0128,270.0,MW,261.3333333333333
41628139,Kirksville,USA,40.2245,-92.5849,0.0,MW,0.0
25456531,Klamath Cogeneration Plant,USA,42.1739,-121.8106,501.5,MW,540.9770687936192
25456693,Klamath Expansion Project,USA,42.1727,-121.8144,117.6,MW,5.58078231292517
25456885,Kleen Energy Systems Project,USA,41.5532,-72.5969,693.0,MW,24.184704184704184
41635101,Kline Township Cogen Facility,USA,40.8734,-75.9935,0.0,MW,0.0
25449850,Knox Lee,USA,32.3766,-94.6415,351.0,MW,261.33903133903135
25450068,Knoxville Industrial,USA,41.316,-93.061,16.0,MW,97.3125
25456917,Koda Biomass Plant,USA,44.7956,-93.5386,23.4,MW,534.1880341880342
25449927,Kodiak Microgrid,USA,57.7899,-152.397,18.3,MW,97.26775956284152
25449933,Kotzebue Hybrid,USA,66.8378,-162.5569,11.8,MW,97.28813559322032
41627905,Kraft,USA,32.1486,-81.1458,0.0,MW,0.0
25449121,Kyger Creek,USA,38.9163,-82.1276,1086.5,MW,544.3166129774505
25449451,Kyrene,USA,33.3556,-111.9353,465.7,MW,282.37062486579345
25449255,Labadie,USA,38.5622,-90.8377,2389.4,MW,708.5460785134343
25457078,Lackawanna Energy Center,USA,41.4714,-75.5442,1498.5,MW,727.394060727394
25449040,La Cygne,USA,38.3481,-94.6456,1598.9,MW,484.08280692976416
25449303,Ladysmith,USA,38.0722,-77.5133,892.5,MW,5.430812324929972
25449347,Lagoon Creek,USA,35.6578,-89.3964,1625.2,MW,255.59931085404872
25449471,La Junta,USA,37.9876,-103.5468,0.0,MW,0.0
25449455,Lake Catherine,USA,34.4341,-92.9049,552.5,MW,0.0
25456999,Lake Charles Plant,USA,30.1489,-93.3356,36.4,MW,97.28021978021978
25456949,Lake Charles Polymers,USA,30.1966,-93.3219,31.1,MW,261.3504823151125
25457096,Lake Charles Power,USA,30.2713,-93.2895,1000.0,MW,355.7
42299232,Lake Creek,USA,31.4647,-96.985,0.0,MW,0.0
25450088,Lakefield Junction,USA,43.7984,-94.8414,535.8,MW,261.2915266890631
25449241,Lake Hubbard,USA,32.8358,-96.5458,927.5,MW,0.0
25449545,Lake Mills,USA,43.4172,-93.5322,14.6,MW,97.26027397260276
25450111,Lake One,USA,34.1772,-118.3147,60.5,MW,261.3223140495868
25456549,Lake Road Generating Plant,USA,41.872,-71.8958,840.0,MW,261.3095238095238
25449695,Lake Road (MO),USA,39.7246,-94.8773,278.4,MW,236.06321839080465
25449400,Lake Side Power Plant,USA,40.3317,-111.7542,1246.5,MW,400.24067388688326
25456998,La Luz Energy Center,USA,34.6161,-106.815,42.3,MW,25.484633569739955
42298775,Lamar Plant,USA,38.0333,-102.5379,0.0,MW,0.0
25456526,Lamar Power Project,USA,33.6308,-95.59,1112.6,MW,573.1619629696207
25456700,Lambie Energy Center,USA,38.2216,-121.8683,47.0,MW,0.0
25449546,Lamoni Municipal Utilities,USA,40.622,-93.9326,10.5,MW,97.23809523809524
25456315,Lancaster County Resource Recovery,USA,40.0711,-76.6436,35.7,MW,534.173669467787
25456671,Lange Generating Station,USA,44.1209,-103.2611,40.0,MW,87.75
25456909,Langley Gulch Power Plant,USA,43.9044,-116.8197,318.5,MW,639.2464678178964
25449035,Lansing,USA,43.3359,-91.1675,274.5,MW,367.5774134790528
25457004,Lansing BWL REO Town Plant,USA,42.7198,-84.551,98.0,MW,261.3265306122449
25449490,Lansing Smith,USA,30.2686,-85.7003,661.5,MW,699.7732426303854
25456345,LaO Energy Systems,USA,30.3202,-91.2366,464.5,MW,233.5844994617869
25456550,La Paloma Generating Plant,USA,35.2956,-119.5919,1156.0,MW,41.0121107266436
25448897,Laramie River Station,USA,42.1089,-104.8825,1863.0,MW,378.2608695652174
25449844,Laredo,USA,27.5667,-99.5089,263.6,MW,261.3429438543247
25456692,Larkspur Energy Facility,USA,32.567,-116.9442,99.8,MW,3.5751503006012024
25449579,Larned,USA,38.1762,-99.1,14.4,MW,97.29166666666666
25449495,Larsen Memorial,USA,28.0491,-81.9237,111.2,MW,261.33093525179856
25456125,Las Vegas Generating Station,USA,36.2319,-115.1222,358.9,MW,261.35413764279747
25448988,Lauderdale,USA,26.0686,-80.1984,1215.9,MW,261.37017846862403
25449353,"Lawrenceburg Power, LLC",USA,39.0911,-84.8669,1232.0,MW,651.7857142857142
25450097,Lawrence County Station,USA,38.8003,-86.4511,402.0,MW,0.0
25449281,Lawrence Energy Center,USA,39.0072,-95.2692,517.0,MW,435.7833655705996
25456947,LCEC Generation LLVC,USA,32.9781,-103.3239,46.5,MW,261.2903225806452
25456026,Leaf River Cellulose LLC,USA,31.2434,-89.0456,50.4,MW,574.6031746031746
25449790,Lebanon,USA,39.4322,-84.2109,0.0,MW,0.0
25456078,Lederle Laboratories,USA,41.0772,-74.0181,23.4,MW,261.3247863247863
25456785,Lee County Landfill,USA,34.181,-80.2678,11.2,MW,261.3392857142857
25456346,Lee County Solid Waste Energy,USA,26.6315,-81.7607,59.0,MW,534.2372881355932
25456591,Lee Energy Facility,USA,41.8287,-89.4054,692.0,MW,6.536127167630058
25448898,Leland Olds,USA,47.2808,-101.3212,656.0,MW,570.1219512195122
25449865,Leon Creek,USA,29.3525,-98.5761,229.6,MW,41.245644599303134
25457012,LEPA Unit No. 1,USA,29.6919,-91.1925,74.1,MW,0.0
25449083,Lewis & Clark,USA,47.6785,-104.1567,68.6,MW,338.92128279883383
25449847,Lewis Creek,USA,30.4356,-95.5214,542.8,MW,283.3456153279293
25456587,Liberty Electric Power Plant,USA,39.8614,-75.3358,614.0,MW,356.1889250814332
25456835,Liberty I & II LFGTE,USA,40.8856,-86.7044,12.8,MW,261.328125
25449605,Lieberman,USA,32.7047,-93.9597,228.0,MW,0.0
25449972,Lime Creek,USA,43.2476,-93.2047,90.2,MW,97.28381374722838
25449018,Limestone,USA,31.423,-96.2531,1849.8,MW,507.7305654665369
25456679,Limon Generating Station,USA,39.2038,-103.7005,154.2,MW,261.34889753566796
25448972,Lincoln Combustion,USA,35.4317,-81.0347,2290.0,MW,261.353711790393
25456582,Lincoln Generating Facility,USA,41.3933,-87.9436,692.0,MW,0.0
41635419,Lincoln Paper & Tissue,USA,45.3669,-68.5106,0.0,MW,0.0
25448932,Linden Cogen Plant,USA,40.6322,-74.2156,974.1,MW,261.36946925367
40699920,Little Dixie,USA,34.5939,-96.2905,12.5,MW,261.36
25449052,Little Gypsy,USA,30.0051,-90.4617,1002.9,MW,0.0
25456474,Live Oak Limited,USA,35.4962,-119.0089,46.0,MW,3.5804347826086955
25456514,Livingston Generating Facility,USA,40.9314,-88.6548,15.0,MW,261.3333333333333
25456530,Livingston Generating Station,USA,45.0304,-84.7308,170.1,MW,0.0
25449687,L L Wilkins,USA,34.1845,-90.5627,55.2,MW,261.4130434782609
25456389,Lockport Energy Associates LP,USA,43.1619,-78.745,221.3,MW,261.3646633529146
25456963,Lodi Energy Center,USA,38.0881,-121.3872,338.9,MW,261.3455296547654
25449899,Logan City,USA,41.7258,-111.8433,15.9,MW,261.3207547169811
25449262,Logan Generating Plant,USA,39.7928,-75.4067,242.3,MW,183.86297977713576
41627945,Logansport,USA,40.7589,-86.3603,0.0,MW,0.0
25456021,Loma Linda University Cogen,USA,34.0504,-117.2484,10.4,MW,261.3461538461538
25456959,Lonesome Creek Station,USA,47.7967,-103.5786,302.5,MW,261.35537190082647
25449851,Lone Star,USA,32.9215,-94.7226,0.0,MW,0.0
25449460,Long Beach Generation LLC,USA,33.7641,-118.2248,252.0,MW,261.3492063492063
25457106,Long Ridge Energy Generation,USA,39.7023,-80.8454,0.0,MW,0.0
25456445,Longview Fibre,USA,46.1039,-122.9184,45.0,MW,574.6666666666666
25449387,Longview Power Plant,USA,39.7079,-79.959,807.5,MW,710.5882352941177
25448999,Lon Wright,USA,41.4281,-96.4623,170.0,MW,318.47058823529414
25456894,Loraine County Project,USA,41.3006,-82.1803,27.2,MW,261.3602941176471
25450103,Lordsburg Generating,USA,32.3505,-108.698,88.0,MW,11.098863636363635
25456433,Los Angeles Refinery Wilmington,USA,33.7686,-118.2867,10.0,MW,261.3
25456725,Los Esteros Critical Energy Center,USA,37.425,-121.9319,306.1,MW,3.658934988565828
25456578,Los Medanos Energy Center,USA,38.0301,-121.873,678.3,MW,508.7719298245614
25456357,Lost Hills Cogeneration Plant,USA,35.6661,-119.7669,10.5,MW,261.3333333333333
25449731,Lost Nation,USA,44.5951,-71.4944,18.0,MW,97.27777777777776
25456551,Lost Pines 1 Power Project,USA,30.1478,-97.2714,609.0,MW,261.41215106732346
25449070,Louisa,USA,41.3181,-91.0931,811.9,MW,449.68592191156546
25450061,Louisa Generation Facility,USA,38.1181,-78.2139,545.7,MW,44.20010995052226
41628033,Louis Doc Bonin,USA,30.238,-92.0463,0.0,MW,0.0
25449599,Louisiana 2,USA,30.4906,-91.1877,450.9,MW,261.2552672432912
25456712,Lower Mount Bethel Energy,USA,40.8019,-75.1076,651.6,MW,627.8391651319828
25448864,Lowman Energy Center,USA,31.488,-87.9107,538.0,MW,367.65799256505574
25449877,Low Moor,USA,37.777,-79.892,82.8,MW,97.28260869565216
25456983,Loyola University Health Plant,USA,41.8558,-87.8356,10.6,MW,261.3207547169811
25456498,LSP-Cottage Grove LP,USA,44.7956,-92.9119,283.5,MW,163.35097001763668
25449424,Luke Mill,USA,39.4736,-79.0569,65.0,MW,367.6923076923077
25456056,Lumberton,USA,34.59,-78.9968,34.7,MW,574.6397694524495
25456630,Luna Energy Facility,USA,32.2993,-107.7834,650.0,MW,451.84615384615387
25457022,LV Sutton Combined Cycle and Steam,USA,34.2831,-77.9853,851.0,MW,261.3396004700353
25449940,Maalaea,USA,20.8012,-156.493,229.8,MW,97.30200174064404
41627839,Mabelvale,USA,34.636,-92.4096,0.0,MW,0.0
25456344,MacArthur Waste to Energy Facility,USA,40.7869,-73.1064,12.5,MW,534.24
25456786,Macon Energy Center,USA,39.749,-92.3845,10.0,MW,261.3
25449743,Maddox,USA,32.7142,-103.3015,212.0,MW,261.3207547169811
25448850,Madelia,USA,44.0501,-94.4178,11.8,MW,97.28813559322032
49701606,Madera Biomass power station,USA,36.8615,-120.339,25.0,MW,574.8
25456535,Madison,USA,39.4522,-84.4647,692.0,MW,18.916184971098264
25449296,Magic Valley Generating Station,USA,26.3403,-98.19,801.0,MW,199.75031210986268
25449382,Magnet Cove,USA,34.4297,-92.8317,746.0,MW,77.98927613941018
25456664,Magnolia Power Plant,USA,34.835,-89.2026,1003.5,MW,553.2635774788241
25456775,Magnolia Power Project,USA,34.1786,-118.3153,387.6,MW,83.41073271413828
25456518,Maine Independence Station,USA,44.8242,-68.7094,550.2,MW,229.7346419483824
25449245,Major Oak Power,USA,31.0919,-96.695,349.2,MW,723.0813287514319
25456811,Malaga Power LLC,USA,36.69,-119.7404,121.0,MW,0.0
25456774,Malburg,USA,33.9989,-118.2206,130.0,MW,398.15384615384613
41635676,Mallard Lake Electric,USA,41.9527,-88.1437,0.0,MW,0.0
25448990,Manatee,USA,27.6058,-82.3456,2951.2,MW,261.3513147194362
25449830,Manchester Street,USA,41.8167,-71.4042,515.0,MW,261.3592233009709
25456542,Manchief Electric Generating Station,USA,40.2171,-103.685,300.0,MW,95.6
41627853,Mandalay,USA,34.2067,-119.2511,0.0,MW,0.0
25449897,Manitowoc,USA,44.0817,-87.6566,127.4,MW,299.60753532182105
25449398,Mankato Energy Center,USA,44.1988,-94.003,740.8,MW,334.2332613390929
25456395,Mansfield Mill,USA,32.1575,-93.5562,172.0,MW,461.6860465116279
25449683,Maple Lake,USA,45.2291,-94.0097,25.0,MW,97.28
713501,Maquoketa 1,USA,42.0387,-90.6627,22.7,MW,222.33480176211455
25456044,Marathon Bay Area Cogen,USA,38.021,-122.0675,113.5,MW,261.32158590308376
41627899,Marathon Generating Plant,USA,24.7108,-81.0927,11.0,MW,97.27272727272728
25456730,Marcus Hook Energy LP,USA,39.807,-75.4216,836.1,MW,378.6628393732807
25456163,Marcus Hook Refinery Cogen,USA,39.8103,-75.4281,0.0,MW,0.0
25449205,Marion,USA,37.6197,-88.9531,272.0,MW,367.6470588235294
25456930,Mariposa Energy Project,USA,37.7892,-121.6019,199.6,MW,12.46993987975952
25457145,Mark One Power Station,USA,29.2271,-95.4308,0.0,MW,0.0
25456928,Marlboro Mill,USA,34.605,-79.785,51.4,MW,574.7081712062256
25457086,Marquette Energy Center,USA,46.566,-87.4373,51.3,MW,261.40350877192986
25456588,Marshall Energy Facility,USA,37.0286,-88.3958,258.0,MW,6.887596899224806
25449519,Marshall (IL),USA,39.3921,-87.6851,16.9,MW,97.27810650887577
41628083,Marshall (MI),USA,42.2717,-84.9411,9.5,MW,261.36842105263156
25449668,Marshall (MN),USA,44.4466,-95.7923,18.0,MW,97.27777777777776
25449710,Marshall (MO),USA,39.1228,-93.2064,30.8,MW,245.3571428571429
712917,Marshall (NC),USA,35.5975,-80.9658,2119.0,MW,398.9617744218972
8164,Marshalltown,USA,42.0419,-92.8713,894.9,MW,85.49558609900548
25456845,Marshfield Utilities Gas Plant,USA,44.6351,-90.1352,60.4,MW,0.3819536423841059
25449427,Marsh Landing Generating Station,USA,38.0169,-121.765,828.0,MW,1.89975845410628
25450060,Marsh Run Generation Facility,USA,38.5283,-77.7681,596.7,MW,64.57181163063515
25456001,"Mars Wrigley Confectionery US, LLC",USA,40.8625,-74.825,12.3,MW,261.3821138211382
25448989,Martin,USA,27.0536,-80.5628,2448.5,MW,261.3436798039616
25456490,Martinez Refining,USA,38.0168,-122.1129,100.0,MW,261.3
25449242,Martin Lake,USA,32.2606,-94.5706,2379.6,MW,543.7888720793411
25456726,"Mas Countryside RNG, LLC",USA,42.3211,-88.0319,0.0,MW,0.0
25456448,Massena Energy Facility,USA,44.9503,-74.8928,102.1,MW,261.3124387855044
25456489,Mass Inst Tech Cntrl Utilities/Cogen Plt,USA,42.361,-71.0939,21.2,MW,261.3207547169811
25456121,Masspower,USA,42.1575,-72.5225,260.9,MW,261.32617861249526
25448912,Mayo,USA,36.5278,-78.8917,763.2,MW,309.6174004192872
25457033,MCAGCC Cogen Plant,USA,34.2372,-116.0542,16.4,MW,261.3414634146342
25450080,McCartney,USA,37.2486,-93.17,117.8,MW,261.3752122241087
25456666,McClain Energy Facility,USA,35.2977,-97.5898,551.3,MW,306.7295483402866
25449457,McClellan (AR),USA,33.5648,-92.7917,136.0,MW,261.3235294117647
25449473,McClellan (CA),USA,38.6527,-121.3933,77.0,MW,261.2987012987013
25449452,McClure,USA,37.6294,-120.9314,142.4,MW,179.28370786516854
25449724,McCook,USA,40.2205,-100.6511,56.7,MW,97.28395061728396
25456838,McGrath Peaker,USA,34.2056,-119.2479,49.8,MW,0.0
25449915,McIntosh,USA,32.3563,-81.1684,810.4,MW,261.3524185587364
25449964,McIntosh (AL),USA,31.2546,-88.0299,676.0,MW,40.44378698224852
25456791,McIntosh Combined Cycle Facility,USA,32.3478,-81.1817,1376.6,MW,635.4787156763039
25456319,McKay Bay Facility,USA,27.9495,-82.4212,22.1,MW,534.3891402714931
25449484,McKee Run,USA,39.1762,-75.5466,113.6,MW,261.3556338028169
25457002,McKinley Paper Co. - Washington Mill,USA,48.1347,-123.4656,0.0,MW,0.0
25456356,McKittrick Cogen,USA,35.3161,-119.6597,12.0,MW,261.3333333333333
25456260,McKittrick Limited,USA,35.3195,-119.662,46.0,MW,0.0
25449502,McManus,USA,31.2136,-81.5462,560.0,MW,97.28571428571428
25449835,McMeekin,USA,34.0556,-81.2172,293.6,MW,158.92370572207085
25456749,McMinnville,USA,35.705,-85.7439,24.0,MW,137.04166666666666
25449580,McPherson 2,USA,38.3634,-97.6834,214.8,MW,206.98324022346367
25450014,McPherson 3,USA,38.3893,-97.6111,115.6,MW,0.5460207612456748
25449472,McWilliams,USA,31.4003,-86.4764,654.0,MW,351.07033639143725
25456481,Mead Coated Board,USA,32.1768,-85.0273,120.5,MW,509.62655601659753
720153,Mead Rumford Cogen,USA,44.5465,-70.5443,12.5,MW,261.36
25448974,Mecklenburg Power Station,USA,36.5995,-78.5299,0.0,MW,0.0
25456151,Medical Area Total Energy Plant,USA,42.3368,-71.1081,67.6,MW,244.8224852071006
25450071,MEPI GT Facility,USA,37.2175,-88.8661,301.5,MW,261.3266998341625
25449256,Meramec,USA,38.4017,-90.3358,1041.0,MW,317.77137367915464
25456025,Merck Rahway Power Plant,USA,40.6156,-74.2653,15.3,MW,261.37254901960785
25449537,Merl Parr,USA,43.0563,-92.6932,36.0,MW,261.3333333333333
25449017,Merom,USA,39.0694,-87.5108,1080.0,MW,515.6481481481482
25449168,Merrimack,USA,43.1411,-71.4692,496.4,MW,347.50201450443194
25457016,Mesquite Generating Station Block 1,USA,33.345,-112.8642,1383.2,MW,474.6240601503759
720994,Mesquite Lake Water & Power Plant 1,USA,32.9066,-115.5137,18.1,MW,574.5856353591159
25456645,Metcalf Energy Center,USA,37.2207,-121.7457,635.0,MW,261.1023622047244
25456464,Metro Methane Recovery Facility,USA,41.5989,-93.355,11.2,MW,261.3392857142857
25449950,Mexico,USA,39.1481,-91.8306,60.7,MW,97.2817133443163
25456002,Miami Dade County Resource Recovery Fac,USA,25.8356,-80.3566,77.0,MW,534.2857142857143
25448926,Miami Fort,USA,39.1128,-84.8036,1344.0,MW,510.2678571428572
41627938,Miami Wabash,USA,40.7884,-85.8178,0.0,MW,0.0
25449102,Michigan City,USA,41.7181,-86.9124,540.0,MW,263.3333333333333
25456492,Michigan Power LP,USA,43.9404,-86.424,138.1,MW,261.3323678493845
41628029,Michoud,USA,30.0081,-89.9372,0.0,MW,0.0
25450121,Mickleton Station,USA,39.8129,-75.2488,71.2,MW,261.37640449438203
25456784,Middlesex County Utilities Authority,USA,40.491,-74.3147,22.5,MW,261.3333333333333
41628186,Middle Station,USA,39.0269,-74.8772,0.0,MW,0.0
25448945,Middletown and GenConn Middletown power complex,USA,41.5549,-72.5791,1028.4,MW,153.63671723064954
25456943,"Middletown Coke Company, LLC",USA,39.4716,-84.4008,67.0,MW,261.34328358208955
25457048,Middletown Energy Center,USA,39.4689,-84.3537,543.9,MW,580.6214377642949
25456505,Mid-Georgia Cogeneration Facility,USA,32.4856,-83.6039,323.0,MW,6.978328173374613
25448931,Midland Cogeneration Venture,USA,43.5861,-84.2242,1468.6,MW,261.33732806754733
25449297,Midlothian Energy Facility,USA,32.4302,-97.0537,1734.0,MW,261.36101499423296
25450001,Midulla Generating Station,USA,27.6417,-81.9625,853.3,MW,261.3383335286535
25456867,Midway Peaking LLC,USA,36.6541,-120.5797,139.8,MW,7.73247496423462
25456381,Midway Sunset Cogen,USA,35.2269,-119.6294,234.0,MW,261.3247863247863
25449981,Miki Basin,USA,20.79,-156.9342,10.4,MW,97.3076923076923
41635457,Milagro Cogeneration Plant,USA,36.7367,-107.9417,0.0,MW,0.0
25457029,Milan,USA,41.8944,-76.5828,21.0,MW,261.3333333333333
25449714,Miles City GT,USA,46.4112,-105.7953,23.3,MW,261.3304721030043
25456482,Milford Power LP,USA,42.1294,-71.5115,249.3,MW,6.923385479342158
25456541,Milford Power Project,USA,41.2244,-73.0997,578.0,MW,635.121107266436
25449055,Mill Creek (KY),USA,38.0525,-85.9103,1717.2,MW,414.1625902632192
25456816,Millcreek Power Generation,USA,37.1121,-113.5166,80.0,MW,0.0
25450108,Mill Creek (SC),USA,35.1597,-81.4306,799.2,MW,2.9554554554554553
25456521,Millennium Power,USA,42.1123,-72.0151,427.5,MW,261.2865497076023
41627950,Milton L Kapp,USA,41.8081,-90.2336,0.0,MW,0.0
25449072,Milton R Young,USA,47.0659,-101.2131,734.0,MW,611.4441416893734
41628496,Milwaukee County,USA,43.046,-88.0281,0.0,MW,0.0
41628034,Minden,USA,32.6046,-93.2944,0.0,MW,0.0
41635680,Mingo Junction Energy Center,USA,40.3136,-80.6058,0.0,MW,0.0
25450065,Minnesota River,USA,44.7949,-93.5813,49.0,MW,261.42857142857144
25456719,Mint Farm Generating Station,USA,46.1388,-122.9855,319.0,MW,553.9184952978056
25456840,Mira Loma Peaker,USA,34.0053,-117.5604,49.8,MW,7.773092369477912
41627848,Miramar,USA,32.8761,-117.1664,0.0,MW,0.0
25456807,Miramar Energy Facility,USA,32.8761,-117.1655,106.0,MW,3.5018867924528307
50384993,Mississippi State University,USA,33.4523,-88.8015,26.0,MW,261.34615384615387
41628160,Missouri City,USA,39.2315,-94.308,0.0,MW,0.0
41627903,Mitchell (GA),USA,31.4447,-84.1347,0.0,MW,0.0
25449120,Mitchell (WV),USA,39.8297,-80.8153,1632.6,MW,330.3319857895382
25456844,MJMEUC Generating Station #1,USA,39.2511,-91.6401,13.3,MW,261.3533834586466
25449654,M L Hibbard,USA,46.7353,-92.1517,72.8,MW,574.5879120879121
25456488,MMSD Jones Island Wastewater,USA,43.0217,-87.9019,31.3,MW,261.34185303514374
40699882,MMWEC Simple Cycle Gas Turbine,USA,42.5434,-70.928,0.0,MW,0.0
41635349,MM West Covina,USA,34.0332,-117.9061,6.8,MW,261.3235294117647
25449951,Moberly,USA,39.4242,-92.4845,60.6,MW,97.27722772277228
25456226,Mobile Energy Services LLC,USA,30.7365,-88.0516,0.0,MW,0.0
25449513,Moline,USA,41.51,-90.534,72.0,MW,261.3888888888889
25456932,Monroe Generating Station,USA,34.9858,-80.506,30.0,MW,261.3333333333333
25448961,Monroe (MI),USA,41.8906,-83.3464,3293.1,MW,495.2780055267074
25449711,Monroe (MO),USA,39.6525,-91.7325,0.0,MW,0.0
25457018,Montana Power Station,USA,31.8239,-106.2119,527.2,MW,99.41198786039452
25456923,Mont Belvieu Cogeneration Unit,USA,29.8381,-94.9007,15.0,MW,261.3333333333333
25457134,Montclair State University Cogen,USA,40.8652,-74.1967,11.8,MW,261.35593220338984
25457094,Montgomery County,USA,30.4408,-95.5275,1000.0,MW,261.0
25456279,Montgomery County Resource Recovery,USA,39.2006,-77.4556,67.8,MW,534.2182890855457
41627619,Monticello,USA,33.0917,-95.0417,0.0,MW,0.0
25450050,Montpelier,USA,41.5855,-84.5794,10.8,MW,97.3148148148148
25456586,Montpelier Electric Generating Station,USA,40.6206,-85.3057,236.0,MW,261.35593220338984
41627406,Montrose,USA,38.3114,-93.9348,0.0,MW,0.0
25449477,Montville Station,USA,41.4281,-72.1019,489.9,MW,0.0
25449780,Monument,USA,39.7667,-84.1739,13.5,MW,97.25925925925924
25456289,Mon Valley Works,USA,40.3925,-79.8564,52.5,MW,261.33333333333337
25449801,Mooreland,USA,36.4372,-99.2254,305.0,MW,261.344262295082
25449669,Moose Lake,USA,46.4541,-92.7606,11.0,MW,167.36363636363637
25449670,Mora,USA,45.8771,-93.2951,13.8,MW,178.1159420289855
25449952,Moreau,USA,38.5557,-92.1023,60.8,MW,0.0
41628035,Morgan City,USA,29.6914,-91.1885,0.0,MW,0.0
713808,Morgan Creek,USA,32.3358,-100.9156,536.4,MW,97.27815063385532
25449339,Morgan Energy Center,USA,34.6397,-87.0639,900.0,MW,477.77777777777777
25449161,Morgantown Generating Plant,USA,38.3592,-76.9767,1548.0,MW,315.9560723514212
25456577,Morris Cogeneration LLC,USA,41.4132,-88.3297,218.8,MW,261.33455210237656
25456271,Mosaic Co Bartow Facility,USA,27.908,-81.9185,81.9,MW,97.27716727716728
25456020,Mosaic Co Tampa Facility,USA,27.8605,-82.3903,72.4,MW,97.27900552486189
25456066,Mosaic New Wales Operations,USA,27.8336,-82.0519,125.5,MW,97.29083665338644
25456018,Mosaic Phosphates Uncle Sam,USA,30.0386,-90.8283,26.0,MW,97.26923076923076
25455992,Mosaic South Pierce Operations,USA,27.7652,-81.9388,45.5,MW,97.27472527472528
25449690,Moselle,USA,31.528,-89.3004,510.5,MW,369.44172380019586
25449826,Moser Generating Station,USA,40.2352,-75.6193,63.6,MW,97.27987421383648
25456261,Mosinee Mill,USA,44.7881,-89.6917,20.0,MW,574.5
25456340,Motiva Enterprises Port Arthur Refinery,USA,29.8894,-93.9644,276.8,MW,261.34393063583815
25449805,Mountain,USA,40.1228,-77.1716,54.0,MW,0.6898148148148148
25449243,Mountain Creek,USA,32.7231,-96.9358,852.2,MW,4.124618634123445
25448881,Mountaineer,USA,38.9794,-81.9344,1300.0,MW,420.15384615384613
25456876,Mountain View,USA,39.8014,-77.7883,14.4,MW,261.31944444444446
25449209,Mountainview Generating Station,USA,34.0818,-117.2418,1036.8,MW,15.50925925925926
25456765,Mount Clinton,USA,38.4681,-78.865,24.0,MW,97.29166666666669
42298963,Mount Tom,USA,42.2806,-72.6055,0.0,MW,0.0
25457064,Moxie Freedom Generation Plant,USA,41.1131,-76.1581,1105.0,MW,652.579185520362
25450040,MPC Generating,USA,33.8119,-83.6953,386.1,MW,0.0
25456662,MRP Elgin LLC,USA,42.0001,-88.2446,540.0,MW,6.925925925925926
25456534,MRP Rocky Road LLC,USA,42.0931,-88.2397,374.0,MW,0.0852139037433155
25456015,M Street Jet,USA,42.3394,-71.0314,69.0,MW,97.27536231884058
40699202,Mt Poso Cogeneration,USA,35.5763,-119.0062,62.0,MW,574.6774193548387
25449269,Mt Storm,USA,39.2008,-79.2636,1680.9,MW,422.3332738413945
41635977,MTSU Power Co-Gen Plant,USA,35.8514,-86.365,5.0,MW,261.4
720416,MU Combined Heat and Power Plant,USA,38.9461,-92.3328,88.4,MW,260.40723981900453
25456430,Mulberry Cogeneration Facility,USA,27.8489,-81.8775,127.7,MW,297.96397807361
25456368,Multitrade of Pittsylvania LP,USA,37.1041,-79.277,0.0,MW,0.0
41627983,Murray Gill,USA,37.5967,-97.4136,0.0,MW,0.0
25450122,Murray Turbine,USA,40.6653,-111.8943,42.0,MW,261.42857142857144
25449085,Muscatine Plant #1,USA,41.3917,-91.0569,293.5,MW,367.6320272572402
41628246,Muskingum River,USA,39.5908,-81.6797,0.0,MW,0.0
25449123,Muskogee,USA,35.7614,-95.2873,1716.0,MW,159.14918414918415
25449795,Mustang,USA,35.4699,-97.675,544.0,MW,261.3970588235294
25456516,Mustang Station,USA,32.9737,-102.7426,993.1,MW,115.89970798509717
25449839,Myrtle Beach,USA,33.7083,-78.9241,111.5,MW,97.30941704035874
25448903,Mystic Generating Station,USA,42.3908,-71.0675,2375.6,MW,217.75551439636305
25456721,Nacogdoches Power,USA,31.8321,-94.9006,114.0,MW,0.0
25456754,NAEA Ocean Peaking Power LLC,USA,40.0633,-74.1672,383.0,MW,261.35770234986944
25456539,NAFTA Region Olefins Complex Cogen Fac,USA,29.9543,-93.8836,83.2,MW,261.2980769230769
25449932,Naknek,USA,58.7304,-157.0072,16.5,MW,97.27272727272728
25449623,Nantucket Hybrid,USA,41.2583,-70.0517,16.4,MW,97.25609756097562
25456606,Napoleon Peaking Station,USA,41.4079,-84.1095,49.5,MW,261.4141414141414
25449753,Narrows Gas Turbines Generating,USA,40.6511,-74.0255,352.0,MW,261.33522727272725
25457124,NASA Johnson Space Center CHP,USA,29.5624,-95.0893,11.2,MW,261.3392857142857
25456351,Nassau Energy Corp,USA,40.7264,-73.5892,55.0,MW,261.27272727272725
25456297,National Energy of McBain,USA,44.204,-85.2206,20.0,MW,574.5
25449144,Naughton,USA,41.7581,-110.5983,707.2,MW,388.57466063348414
25449181,Navajo,USA,36.9047,-111.3886,0.0,MW,0.0
41635081,Naval Station Energy Facility,USA,32.6793,-117.1224,0.0,MW,0.0
25457113,NCSU Cates Cogeneration Plant,USA,35.784,-78.6747,11.2,MW,261.3392857142857
25449037,Nearman Creek,USA,39.1681,-94.6975,365.0,MW,418.63013698630135
25456798,Nebo Power Station,USA,40.0614,-111.7294,140.0,MW,303.0
25449126,Nebraska City,USA,40.6214,-95.7764,1389.6,MW,461.4997121473806
25449721,Nebraska City # 1,USA,40.6806,-95.8475,26.1,MW,251.91570881226053
25450020,Nebraska City # 2,USA,40.6661,-95.8683,13.5,MW,206.66666666666663
41628362,Nelson Dewey Generating Station,USA,42.7225,-91.0085,0.0,MW,0.0
25456561,Nelson Energy Center,USA,41.7744,-89.6069,627.5,MW,497.21115537848607
720267,"NE Renewable Bethlehem, LLC",USA,44.3274,-71.68,17.5,MW,574.8571428571429
720529,"NE Renewable Fitchburg, LLC",USA,42.5428,-71.8528,18.0,MW,574.4444444444445
720222,"NE Renewable Springfield, LLC",USA,43.4429,-72.056,20.0,MW,574.5
720370,"NE Renewable Tamworth, LLC",USA,43.8358,-71.1967,25.0,MW,574.8
720223,"NE Renewable Whitefield, LLC",USA,44.358,-71.5449,19.9,MW,574.8743718592964
49534236,NET Power La Porte power station,USA,29.6468,-95.0542,50.0,MW,261.4
25449693,Nevada,USA,37.8503,-94.3444,21.6,MW,97.26851851851852
25456423,Nevada Cogen Assoc#1 GarnetVly,USA,36.3432,-114.9207,94.8,MW,261.39240506329116
25456422,Nevada Cogen Associates 2 Black Mountain,USA,36.2253,-114.8783,96.3,MW,261.37071651090343
41635498,New Albany Energy Facility,USA,34.5408,-88.9397,0.0,MW,0.0
25456217,Newark Bay Cogeneration Partnership LP,USA,40.7197,-74.13,152.0,MW,261.3157894736842
25456969,Newark Energy Center,USA,40.7072,-74.1258,735.0,MW,346.1224489795918
25449813,New Castle Plant,USA,40.9379,-80.369,351.2,MW,15.89123006833713
25449360,New Covert Generating Facility,USA,42.3224,-86.2937,1176.0,MW,367.2619047619048
25456176,Newgulf Cogen,USA,29.2639,-95.8997,101.9,MW,261.33464180569183
25449547,New Hampton,USA,43.0689,-92.3201,10.6,MW,97.26415094339625
713872,New Haven Harbor,USA,41.284,-72.9043,641.5,MW,97.28760717069368
25456064,New-Indy Ontario Mill,USA,34.0454,-117.5402,33.0,MW,261.3333333333333
714072,Newington,USA,43.1,-70.7908,414.0,MW,9.22222222222222
25456709,Newington Energy Center,USA,43.1047,-70.8061,605.5,MW,38.19983484723369
25448890,New Madrid,USA,36.5147,-89.5617,1300.0,MW,527.6923076923077
25448982,Newman,USA,31.9836,-106.4318,882.0,MW,261.33786848072566
25457097,New Orleans Power,USA,30.012,-89.9357,381.6,MW,261.3469601677149
25449671,New Prague,USA,44.5431,-93.5731,16.9,MW,261.36094674556216
25448915,Newton,USA,38.9361,-88.2781,617.4,MW,545.6754130223518
25449673,New Ulm,USA,44.3159,-94.4581,72.5,MW,144.82758620689654
25456483,New York University Central Plant,USA,40.7899,-73.9233,13.4,MW,261.34328358208955
25449852,Nichols,USA,35.2834,-101.7464,474.7,MW,77.56477775437118
25456869,NIH Cogeneration Facility,USA,39.0019,-77.0909,50.0,MW,364.8
25456757,Nikiski Combined Cycle,USA,60.6765,-151.3777,80.8,MW,261.3861386138614
25456860,Niland Gas Turbine Plant,USA,33.243,-115.4991,121.0,MW,28.479338842975206
25449783,Niles Power Plant,USA,41.1669,-80.7477,27.0,MW,97.29629629629628
721235,Niles RTO BTM,USA,41.168,-80.7529,10.8,MW,97.3148148148148
25449602,Nine Mile Point,USA,29.9472,-90.1458,2439.7,MW,225.0686559822929
25450144,Nine Springs,USA,43.0386,-89.3586,16.2,MW,261.358024691358
25456182,Nippon Dynawave Packaging Longview WA,USA,46.1236,-122.9728,62.4,MW,574.6794871794872
25449528,Noblesville,USA,40.0969,-85.9714,283.0,MW,261.34275618374556
25450035,Nodaway,USA,40.2877,-94.7913,315.6,MW,261.34347275031683
25450086,North 1st,USA,40.7171,-73.9664,47.0,MW,8.317021276595744
25449263,Northampton Generating Company LP,USA,40.6917,-75.4792,134.1,MW,0.0
25449674,North Branch (MN),USA,45.5106,-92.979,11.0,MW,97.27272727272728
25457001,North Chicago Energy Center,USA,42.3064,-87.8519,12.4,MW,261.3709677419355
25449388,Northeastern,USA,36.4317,-95.7008,1477.5,MW,294.8900169204738
25449530,Northeast (IN),USA,38.0211,-87.5172,0.0,MW,0.0
25449636,Northeast (MI),USA,42.4517,-83.0388,129.8,MW,207.78120184899845
25449691,Northeast (MO),USA,39.1228,-94.5606,540.0,MW,0.1435185185185185
25449920,Northeast (WA),USA,47.7351,-117.3705,61.8,MW,261.326860841424
25449878,Northern Neck,USA,37.9483,-76.7109,82.8,MW,97.28260869565216
41628352,Northern States Flambeau,USA,45.9356,-90.4468,0.0,MW,0.0
41635082,North Island Energy Facility,USA,32.7052,-117.1897,0.0,MW,0.0
25449912,North Loop,USA,32.401,-111.1262,107.8,MW,261.317254174397
25449481,North Main Street,USA,41.5268,-72.0649,19.0,MW,97.26315789473684
25449523,North Ninth Street,USA,41.9093,-89.0498,17.1,MW,239.29824561403504
25449127,North Omaha,USA,41.3291,-95.9447,644.7,MW,187.68419419885217
25449928,North Pole,USA,64.7356,-147.3481,181.0,MW,97.292817679558
25449049,Northport,USA,40.9236,-73.3423,1564.0,MW,397.69820971867006
25450010,North Road Peak,USA,33.5452,-80.9109,14.0,MW,97.28571428571428
25449036,Northside Generating Station,USA,30.4172,-81.5525,1407.1,MW,260.8911946556748
25449195,North Valmy,USA,40.8813,-117.1516,567.0,MW,0.0
25449611,Notch Cliff,USA,39.4217,-76.5087,0.0,MW,0.0
25456865,Novo BioPower Plant,USA,34.5032,-110.335,27.2,MW,574.6323529411765
25456593,NRG Rockford I,USA,42.2403,-89.1026,316.0,MW,39.3987341772152
25456753,NRG Rockford II Energy Center,USA,42.2383,-89.1011,168.0,MW,34.404761904761905
25456527,NRG Sterlington Power,USA,32.6889,-92.0811,0.0,MW,0.0
41635080,NTC/MCRD Energy Facility,USA,32.7353,-117.2083,0.0,MW,0.0
25449253,Nucla,USA,38.2383,-108.5069,0.0,MW,0.0
25449845,Nueces Bay,USA,27.8194,-97.4192,730.2,MW,71.78855108189536
25450032,Nymans Plant Microgrid,USA,57.7316,-152.507,10.0,MW,97.28
25457110,NY Times Daily Production Facility,USA,40.7754,-73.8309,12.0,MW,97.25
25449409,Oak Grove (TX),USA,31.1813,-96.489,1795.4,MW,676.1724406817422
25456745,Oak Point Cogen,USA,29.812,-90.0084,23.5,MW,261.36170212765956
41628002,Oberlin (KS),USA,39.8217,-100.5289,6.9,MW,97.27536231884056
25449791,Oberlin (OH),USA,41.2836,-82.2194,18.5,MW,251.5675675675676
25456495,Ocean County Landfill,USA,40.0249,-74.2501,14.4,MW,261.31944444444446
25456343,Ocean State Power,USA,42.0098,-71.6695,508.4,MW,261.40833988985054
25448886,Ocotillo,USA,33.4225,-111.9122,806.2,MW,261.34954105680976
25449340,Odessa-Ector Power Plant,USA,31.8403,-102.3264,1152.8,MW,488.5496183206107
25456307,"Odyssey Energy Altura Cogen, LLC",USA,29.8161,-95.1077,643.6,MW,422.00124300807954
25449779,O H Hutchings,USA,39.6088,-84.2921,32.6,MW,261.3496932515337
41635389,Oildale Energy LLC,USA,35.417,-119.0102,0.0,MW,0.0
25457076,Okeechobee Clean Energy Center,USA,27.6342,-80.7911,1723.1,MW,278.8578724392084
25456454,Okeelanta Cogeneration,USA,26.5769,-80.7469,128.9,MW,534.2125678820792
25449271,Oklaunion,USA,34.0825,-99.1753,0.0,MW,0.0
25456615,Oleander Power Project LP,USA,28.3661,-80.7947,994.4,MW,261.3636363636364
25449637,Oliver,USA,43.8264,-83.2383,13.5,MW,97.25925925925924
25456259,Omega Hills Gas Recovery,USA,43.1922,-88.1597,12.8,MW,261.328125
25449317,Oneta Energy Center,USA,36.0119,-95.6967,1214.0,MW,288.4678747940692
25456283,Onondaga County Resource Recovery,USA,43.0047,-76.1149,39.5,MW,534.1772151898734
25456815,Ontario LFGTE,USA,42.8586,-77.0872,11.2,MW,261.3392857142857
25456564,Ontelaunee Energy Center,USA,40.4219,-75.9356,728.0,MW,530.4945054945055
25456425,Orange Cogeneration Facility,USA,27.8708,-81.8251,157.2,MW,199.30025445292625
25456899,Orange Grove Peaking Facility,USA,33.3594,-117.1114,118.0,MW,1.5084745762711864
25449510,Orca,USA,60.5559,-145.753,9.6,MW,97.28125
25457059,Orchard Hills Renewable Energy Station,USA,42.1424,-89.079,16.2,MW,261.358024691358
25456764,Orchard Park,USA,39.9109,-77.6667,24.0,MW,261.3333333333333
25449727,Ord,USA,41.6042,-98.9261,12.0,MW,97.25
25456889,OREG 1 Inc,USA,48.2139,-104.3975,30.0,MW,97.26666666666668
25456895,OREG 2 Inc,USA,48.2142,-104.3975,30.0,MW,97.26666666666668
25457057,Oregon Clean Energy Center,USA,41.6679,-83.4437,1061.5,MW,590.4851625058878
25456435,Orlando Cogen LP,USA,28.4426,-81.4123,122.4,MW,706.0457516339869
25449207,Ormond Beach,USA,34.1292,-119.1689,1612.0,MW,11.339950372208436
25449806,Orrtanna,USA,39.8442,-77.3508,27.0,MW,97.29629629629628
25449792,Orrville,USA,40.851,-81.7658,72.0,MW,178.61111111111111
25449581,Osage City,USA,38.6332,-95.8277,12.7,MW,240.70866141732284
25450089,Osawatomie,USA,38.5322,-94.9026,102.0,MW,2.0431372549019606
25456563,Osceola Generating Station (FL),USA,28.1289,-81.0978,580.0,MW,261.37931034482756
25456655,Osprey Energy Center Power Plant,USA,28.0525,-81.8083,644.2,MW,459.3294008072027
25449100,Oswego Harbor Power,USA,43.4586,-76.5319,1803.6,MW,97.3053892215569
25456386,"Otay Landfill Gas, LLC",USA,32.5983,-117.0178,0.0,MW,0.0
25456631,Otay Mesa Generating Project,USA,32.5734,-116.9141,710.7,MW,185.3102574926129
25456729,Otsego Mill Power Plant,USA,42.4641,-85.6919,21.2,MW,261.3207547169811
25449583,Ottawa,USA,38.6151,-95.2794,19.2,MW,261.3541666666667
25449025,Ottumwa,USA,41.0961,-92.5558,725.9,MW,619.2312990770079
25449354,Ouachita,USA,32.7061,-92.0683,903.9,MW,0.0
25449675,Owatonna,USA,44.0833,-93.23,19.0,MW,261.36842105263156
25457071,Owatonna Energy Station,USA,44.0852,-93.2627,38.8,MW,261.340206185567
25449184,O W Sommers,USA,29.3081,-98.3242,892.0,MW,40.77354260089686
25457025,Oxbow Creek,USA,41.6081,-75.8701,22.0,MW,261.3636363636364
25456236,Oxnard,USA,34.196,-119.1667,68.7,MW,261.2809315866084
25456937,Oxnard Paper Mill,USA,34.1414,-119.1831,29.0,MW,261.3448275862069
25456460,Oyster Creek Unit VIII,USA,28.9802,-95.342,497.9,MW,261.2974492870054
25456255,Pacific-Ultrapower Chinese Station,USA,37.8741,-120.4776,25.0,MW,574.8
25456207,Packaging Corp of America,USA,35.0477,-88.266,72.5,MW,574.6206896551726
4408454,Packaging Corp. of America Jackson Mill,USA,31.4894,-87.8989,15.6,MW,574.6153846153846
4408181,Packaging of America Tomahawk Mill,USA,45.4431,-89.7342,15.7,MW,574.6496815286624
25449593,Paddys Run,USA,38.2213,-85.8441,226.6,MW,0.0480582524271844
25449793,Painesville,USA,41.7265,-81.254,40.5,MW,354.320987654321
25449511,Palaau Power Hybrid,USA,21.106,-157.0647,12.6,MW,97.3015873015873
25456162,Palm Beach Renewable Energy Facility 1,USA,26.776,-80.1418,62.3,MW,534.1894060995185
25456950,Palm Beach Renewable Energy Facility 2,USA,26.7724,-80.1418,96.0,MW,534.2708333333333
25456762,Palomar Energy,USA,33.1197,-117.1178,559.0,MW,273.7030411449016
25456887,Panoche Energy Center,USA,36.6514,-120.5833,432.0,MW,133.1712962962963
25448949,Panther Creek Energy Facility,USA,40.8556,-75.8781,94.0,MW,229.7872340425532
25449235,Paradise,USA,37.2591,-86.9791,1160.0,MW,312.0689655172414
25449986,Paragould,USA,36.0242,-90.5093,32.8,MW,261.3414634146342
25456166,Paris Energy Center,USA,33.6968,-95.5577,265.6,MW,133.73493975903614
25449595,Paris (KY),USA,38.2049,-84.2383,11.5,MW,97.30434782608695
25449984,Paris (WI),USA,42.6658,-88.0131,381.6,MW,8.941299790356394
25456202,Park 500 Philip Morris USA,USA,37.3389,-77.2806,13.0,MW,261.3076923076923
1927521,Park Falls Industrial Management,USA,45.9356,-90.4472,0.0,MW,0.0
25456300,Parlin Power Plant,USA,40.4607,-74.3272,135.0,MW,261.3333333333333
25456987,Parnassus Central Utility Plant,USA,37.7625,-122.4567,13.4,MW,261.34328358208955
25449836,Parr GT,USA,34.2644,-81.3299,83.8,MW,261.3365155131265
25456510,Pasadena Cogeneration,USA,29.7248,-95.1765,815.0,MW,513.9877300613497
25456285,Pasco Cnty Solid Waste Resource Recovery,USA,28.3697,-82.5601,31.2,MW,534.2948717948718
25449338,"Pastoria Energy Facility, LLC",USA,34.9556,-118.844,779.0,MW,308.0872913992298
41628136,Paulding,USA,32.0302,-89.0855,0.0,MW,0.0
25456267,Paulsboro Refinery,USA,39.8408,-75.2553,60.5,MW,261.3223140495868
25449174,Pawnee,USA,40.2217,-103.6803,552.3,MW,412.09487597320293
25456391,Pawtucket Power Associates,USA,41.8615,-71.4069,68.8,MW,261.3372093023256
25456968,"PCA, Filer City Mill",USA,44.2133,-86.2867,19.5,MW,261.3333333333333
25457069,PCA-Valdosta Mill,USA,30.6943,-83.3046,69.9,MW,574.6781115879828
25456250,PCS Phosphate,USA,35.3762,-76.7823,54.0,MW,97.27777777777776
25450030,Pea Ridge,USA,30.5921,-87.1354,14.1,MW,261.34751773049646
25449923,Pearl Station,USA,39.4492,-90.6141,24.0,MW,97.29166666666669
25449867,Pearsall,USA,28.9275,-99.0919,201.6,MW,261.359126984127
25449953,Pebbly Beach Generating Station Hybrid,USA,33.3331,-118.3103,11.2,MW,123.66071428571428
25456310,PE Berkeley,USA,37.8703,-122.2634,28.5,MW,261.3333333333333
25456006,Pedricktown Cogeneration Company LP,USA,39.7668,-75.4238,140.2,MW,261.34094151212554
25450104,Pella Peaking,USA,41.4105,-92.9385,28.0,MW,97.28571428571428
25450102,Peno Creek,USA,39.3531,-91.2295,240.0,MW,0.8429166666666668
25456060,Pensacola Florida Plant,USA,30.5984,-87.2486,102.0,MW,261.37254901960785
25449856,Permian Basin,USA,31.5839,-102.9633,447.0,MW,261.2975391498881
25449612,Perryman,USA,39.4428,-76.2218,492.3,MW,7.176518383099736
25449357,Perryville Power Station,USA,32.6908,-92.0183,824.1,MW,466.6909355660721
41627946,Peru (IN),USA,40.7551,-86.0575,0.0,MW,0.0
25448856,Petersburg,USA,56.811,-132.9571,12.9,MW,97.28682170542636
25456412,Pfizer Groton Plant,USA,41.3315,-72.0786,37.5,MW,261.3333333333333
25456455,Phelps Dodge Refining,USA,31.7645,-106.3913,12.6,MW,261.3492063492064
25449613,Philadelphia,USA,39.2986,-76.5636,82.8,MW,97.28260869565216
25456365,Philadelphia Refinery,USA,39.9058,-75.2122,0.0,MW,0.0
41628349,Philip Sporn,USA,38.9669,-81.9231,0.0,MW,0.0
41627906,Phillips,USA,27.4439,-81.3633,0.0,MW,0.0
25456218,Phillips 66 Carbon Plant,USA,38.0181,-122.2344,27.3,MW,97.28937728937728
25456172,Phillips 66 Rodeo Refinery,USA,38.0417,-122.2583,54.9,MW,261.38433515482694
41628238,Picway,USA,39.7933,-83.0097,0.0,MW,0.0
25456954,Piedmont Green Power,USA,33.0453,-84.1256,60.0,MW,574.6666666666666
25456570,Pinckneyville,USA,38.1114,-89.3467,380.0,MW,0.0
25456519,Pine Bluff Energy Center,USA,34.2181,-91.9025,230.4,MW,261.328125
25456100,Pine Bluff Mill,USA,34.2204,-91.9073,85.0,MW,574.5882352941177
25456801,Pinelawn Power LLC,USA,40.7366,-73.3884,82.0,MW,0.0
25456326,Pinellas County Resource Recovery,USA,27.8733,-82.6741,76.5,MW,534.2483660130719
41628534,Pine Street,USA,43.7402,-83.45,7.7,MW,261.2987012987013
25456925,Pine Tree Acres WM LFGTE,USA,42.765,-82.7456,12.8,MW,261.328125
1927262,Pinova Inc.,USA,31.1648,-81.4787,7.1,MW,574.6478873239437
721023,Pioneer Generation Station,USA,48.2325,-103.9528,293.1,MW,261.34425110883654
25456934,Pio Pico Energy Center,USA,32.5739,-116.9178,395.4,MW,3.535660091047041
25449794,Piqua Power Plant,USA,40.1338,-84.2373,36.3,MW,97.27272727272728
25449216,Pirkey,USA,32.4607,-94.4852,721.0,MW,398.1969486823856
41635008,Pitchess Cogen Station,USA,34.4639,-118.594,0.0,MW,0.0
25457143,Pittsburgh Airport Gas Plant,USA,40.496,-80.2331,0.0,MW,0.0
41627844,Pittsburg Power,USA,38.0392,-121.8945,0.0,MW,0.0
25456153,Pittsfield Generating LP,USA,42.4564,-73.2181,175.5,MW,261.36752136752136
25456029,Pixelle Specialty Solutions LLC - Chilli,USA,39.3246,-82.974,82.2,MW,470.92457420924575
25456222,Pixelle Specialty Solutions LLC - Spring,USA,39.8709,-76.8681,109.5,MW,417.8082191780822
25449638,Placid 12,USA,42.7106,-83.4569,13.5,MW,97.25925925925924
25456891,Plainfield Renewable Energy LLC,USA,41.6644,-71.9242,43.0,MW,574.6511627906976
25456705,Plains End,USA,39.8575,-105.226,114.0,MW,261.3157894736842
25456854,Plains End II LLC,USA,39.8586,-105.2256,117.6,MW,261.3095238095238
25456156,Plant 31 Paper Mill,USA,32.4868,-92.1496,84.2,MW,428.74109263657954
25449766,Plant No 1 Freeport,USA,40.6561,-73.5922,11.1,MW,97.2972972972973
25456363,Plant No 2 Orange County,USA,33.6433,-117.9556,15.0,MW,261.3333333333333
25449853,Plant X,USA,34.1661,-102.4114,434.4,MW,261.279926335175
41628036,Plaquemine,USA,30.2733,-91.2567,0.0,MW,0.0
25456659,Plaquemine Cogeneration Plant,USA,30.3217,-91.2347,987.0,MW,261.29685916919965
25449011,Platte,USA,40.8548,-98.3482,109.8,MW,465.93806921675775
25448995,P L Bartow,USA,27.8595,-82.6018,1475.6,MW,256.9802114394145
25449970,Pleasant Hill,USA,41.5572,-93.5242,179.8,MW,0.1779755283648498
41627664,Pleasant Prairie,USA,42.5381,-87.9033,0.0,MW,0.0
25456634,Pleasants Energy LLC,USA,39.3325,-81.3642,382.8,MW,149.58202716823405
25449079,Pleasants Power Station,USA,39.3667,-81.2944,1368.0,MW,489.03508771929825
25450064,Pleasant Valley (MN),USA,43.7994,-92.6829,467.8,MW,261.43651132962805
25456766,Pleasant Valley (VA),USA,38.4008,-78.8975,20.5,MW,97.26829268292684
25449394,Plum Point Energy Station,USA,35.6644,-89.9489,720.0,MW,610.2777777777778
1928402,POET Biorefining - Chancellor,USA,43.3705,-96.9598,5.4,MW,574.6296296296296
25449891,Point Beach Nuclear Plant,USA,44.2805,-87.5372,25.0,MW,97.28
25456353,Point Comfort Operations,USA,28.6527,-96.56,0.0,MW,0.0
713181,Polk,USA,27.7286,-81.9897,1589.5,MW,261.340044039006
25450017,Ponca City,USA,36.7198,-97.0858,182.3,MW,261.32748217224355
713957,Poplar Bluff Generating Station,USA,36.7596,-90.3901,34.1,MW,229.1202346041056
25450126,Portage,USA,47.0808,-88.6472,22.6,MW,97.3008849557522
25449939,Port Allen (HI),USA,21.8996,-159.585,89.5,MW,97.28491620111733
25456085,Port Arthur Texas Refinery,USA,29.9649,-93.8913,38.4,MW,261.45833333333337
25457081,Port Comfort Power LLC,USA,28.6481,-96.5462,121.0,MW,39.69421487603306
25449485,Port Everglades,USA,26.0856,-80.1253,1352.0,MW,316.19822485207106
25449758,Port Jefferson,USA,40.9497,-73.0785,498.0,MW,91.46586345381526
25449067,Portland (PA),USA,40.9102,-75.0794,194.0,MW,97.2680412371134
25456466,Port Neches Plant,USA,29.9788,-93.9523,38.0,MW,261.3421052631579
25456525,Portside Energy,USA,41.6325,-87.1731,61.0,MW,261.3114754098361
41634929,Portsmouth Genco LLC,USA,36.8702,-76.3529,0.0,MW,0.0
1927511,Port Townsend Paper,USA,48.0931,-122.7958,7.5,MW,574.6666666666666
25449889,Port Washington Generating Station,USA,43.3842,-87.8689,1229.6,MW,648.1782693558881
25456302,Port Wentworth Mill,USA,32.1561,-81.1586,72.3,MW,574.688796680498
7977,Port Westward,USA,46.1789,-123.1719,708.6,MW,261.36042901495904
25449270,Possum Point,USA,38.5367,-77.2806,1591.0,MW,160.46511627906978
25457037,"Potomac Energy Center, LLC",USA,39.0578,-77.5426,812.0,MW,631.8965517241379
25449627,Potter Station 2,USA,42.235,-70.9672,217.0,MW,261.33640552995394
25450135,Pouch,USA,40.6182,-74.0685,47.0,MW,23.70212765957447
25450077,Powell Valley,USA,36.5748,-83.0321,22.0,MW,97.27272727272728
25456012,Power Island,USA,29.2293,-95.1952,141.0,MW,261.34751773049646
4401300,Powerlane Plant,USA,33.1707,-96.1264,112.2,MW,161.58645276292336
25456372,Power Station 4,USA,29.3782,-94.9219,156.4,MW,261.3171355498721
25448942,Powerton,USA,40.5408,-89.6786,1538.0,MW,120.54616384915477
25456244,PPG Powerhouse C,USA,30.2261,-93.2952,357.7,MW,261.3363153480571
25456858,PPS Power Plant No 1,USA,37.0339,-88.6159,120.0,MW,0.0
25449026,Prairie Creek,USA,41.944,-91.6392,213.4,MW,293.5332708528585
25449377,Prairie State Generating Station,USA,38.2792,-89.6669,1766.0,MW,435.673839184598
25449584,Pratt,USA,37.6359,-98.7433,15.5,MW,245.48387096774192
25450006,Pratt 2,USA,37.6356,-98.745,16.0,MW,261.3125
25456450,Pratt & Whitney,USA,41.7483,-72.6367,25.8,MW,0.0
25449286,Presque Isle,USA,46.5789,-87.395,0.0,MW,0.0
25457142,Primient,USA,40.3761,-86.8413,0.0,MW,0.0
25456149,Primient Decatur Plant Cogen,USA,39.8492,-88.9319,64.8,MW,261.41975308641975
721214,Primient Loudon Plant,USA,35.7327,-84.3188,61.4,MW,261.40065146579803
25449676,Princeton (MN),USA,45.5695,-93.5872,12.3,MW,97.3170731707317
25457020,Princeton University Cogeneration,USA,40.3414,-74.6572,15.5,MW,261.35483870967744
25456233,Procter & Gamble Cincinnati Plant,USA,39.175,-84.5042,12.5,MW,261.36
25456235,Procter & Gamble Mehoopany Mill,USA,41.5743,-76.0432,120.2,MW,261.3144758735441
25450018,Procter & Gamble Power Plant,USA,38.5309,-121.4001,193.4,MW,251.13753877973113
41628337,Provo,USA,40.2429,-111.6631,0.0,MW,0.0
25457111,Provo Power Plant,USA,40.2427,-111.663,12.0,MW,261.3333333333333
25449737,PSEG Burlington Generating Station,USA,40.0766,-74.8792,242.0,MW,1.2735537190082644
41628191,PSEG Edison Generating Station,USA,40.4911,-74.3956,0.0,MW,0.0
25449738,PSEG Essex Generating Station,USA,40.7372,-74.1206,93.6,MW,261.3247863247863
41628193,PSEG Hudson Generating Station,USA,40.7478,-74.0722,0.0,MW,0.0
25449739,PSEG Kearny Generating Station,USA,40.7373,-74.0965,605.0,MW,53.05785123966942
25449176,PSEG Linden Generating Station,USA,40.6217,-74.2072,1740.0,MW,70.22988505747126
41628195,PSEG Mercer Generating Station,USA,40.1792,-74.7339,0.0,MW,0.0
41628196,PSEG National Park Generating Station,USA,39.86,-75.1853,0.0,MW,0.0
25449740,PSEG Sewaren Generating Station,USA,40.5558,-74.2469,609.5,MW,489.0894175553733
25449466,Pueblo,USA,38.2667,-104.6144,10.0,MW,97.28
25456904,Pueblo Airport Generating Station,USA,38.3208,-104.5264,440.0,MW,261.3636363636363
25456070,Puente Hills Energy Recovery,USA,34.0233,-118.0241,50.0,MW,261.4
49533976,Puente Hills Energy Recovery power station,USA,34.0233,-118.024,50.0,MW,574.6
25449289,Pulliam,USA,44.5415,-88.0098,91.0,MW,261.31868131868134
41634931,Pulp Mill Power House,USA,40.8054,-124.1949,0.0,MW,0.0
25449967,Puna,USA,19.6316,-155.0313,39.1,MW,97.28900255754476
25457147,Purdue CHP,USA,40.417,-86.9153,0.0,MW,0.0
25456195,Purdue University,USA,40.4172,-86.9122,43.3,MW,254.50346420323328
42299309,Putnam,USA,29.6283,-81.5851,0.0,MW,0.0
25449639,Putnam (MI),USA,42.7108,-83.4561,13.5,MW,97.25925925925924
25450107,Pyramid,USA,32.2363,-108.5494,186.0,MW,2.386021505376344
25456826,Quail Run Energy Center,USA,31.8414,-102.315,550.4,MW,29.03343023255814
4409105,Quakertown PA BTM,USA,40.4465,-75.3404,0.0,MW,0.0
25456716,Quantum Choctaw Power LLC,USA,33.3792,-89.2089,850.5,MW,525.8083480305703
41635394,Quantum Lake Power LP,USA,28.9158,-81.676,0.0,MW,0.0
41635395,Quantum Pasco Power LP,USA,28.3746,-82.1889,0.0,MW,0.0
25456976,Quay County,USA,35.1842,-103.7312,22.0,MW,97.27272727272728
25449577,Quindaro,USA,39.1492,-94.6381,143.6,MW,97.2841225626741
49701597,Quinnesec power station,USA,39.5025,-83.0656,56.0,MW,574.6428571428571
25456658,Raccoon Creek Energy Center,USA,38.6996,-88.5392,456.0,MW,0.0
25456354,Radford Army Ammunition Plant,USA,37.1804,-80.5428,18.0,MW,261.3333333333333
25449694,Ralph Green,USA,38.7876,-94.2777,88.9,MW,2.743532058492688
25456984,Rand Whitney CHP Plant,USA,41.4528,-72.1361,16.5,MW,261.3333333333333
25449521,Rantoul,USA,40.3122,-88.1594,14.4,MW,97.29166666666666
25456113,Rapids Energy Center,USA,47.2345,-93.5372,26.5,MW,261.35849056603774
25456912,Ratcliffe,USA,32.6547,-88.7622,840.0,MW,502.6190476190477
25450009,Rathdrum,USA,47.8043,-116.8673,166.4,MW,261.3581730769231
25456559,Rathdrum Power LLC,USA,47.7858,-116.9216,301.5,MW,539.6351575456054
25448948,Ravenswood,USA,40.7592,-73.9461,2461.8,MW,261.3534811926233
25449156,Rawhide,USA,40.8609,-105.0212,800.4,MW,220.38980509745127
713381,Rayburn Energy Station LLC,USA,33.5774,-96.6154,803.2,MW,114.21812749003983
25448938,Ray D Nixon,USA,38.6335,-104.7058,282.6,MW,452.9370134465675
25449861,Ray Olinger,USA,33.0681,-96.4525,427.7,MW,261.39817629179333
7258,Rayonier Advanced Materials - Jesup Plant,USA,31.6593,-81.8439,69.5,MW,574.6762589928057
25448901,R D Green,USA,37.6461,-87.5,586.0,MW,100.78498293515358
713150,R D Morrow,USA,31.2186,-89.394,0.0,MW,0.0
25456799,Red Bluff,USA,40.1501,-122.2124,46.4,MW,261.42241379310343
25449522,Red Bud,USA,38.2167,-89.9999,15.0,MW,97.26666666666668
25449379,Redbud Power Plant,USA,35.6856,-97.2264,1433.6,MW,322.19587053571433
41628500,Red Cedar,USA,41.9691,-91.6689,0.0,MW,0.0
25449989,Redding Power,USA,40.5073,-122.4233,183.1,MW,183.56089568541785
25457050,Red Gate Power Plant,USA,26.4511,-98.1775,224.4,MW,261.3636363636364
25449341,Red Hawk,USA,33.3346,-112.8406,1127.0,MW,470.18633540372673
25449293,Red Hills Generating Facility,USA,33.3761,-89.2183,513.7,MW,364.02569593147746
25457008,Red Lion Energy Center,USA,39.6101,-75.6297,24.9,MW,261.3253012048193
25449319,Red Oak Power LLC,USA,40.4487,-74.3489,821.1,MW,203.75106564364876
25455996,"RED-Rochester, LLC",USA,43.1977,-77.6659,120.4,MW,261.3787375415282
25449658,Red Wing,USA,44.5692,-92.5169,23.0,MW,534.3478260869566
25456050,ReEnergy Ashland,USA,46.6334,-68.4361,0.0,MW,0.0
40698818,ReEnergy Black River,USA,44.0365,-75.772,55.5,MW,574.5945945945946
41635152,ReEnergy Chateaugay Power Station,USA,44.8927,-74.0746,0.0,MW,0.0
25450013,ReEnergy Fort Fairfield,USA,46.7728,-67.8485,0.0,MW,0.0
25456049,ReEnergy Livermore Falls,USA,44.4317,-70.1619,39.6,MW,574.7474747474746
25456439,ReEnergy Lyonsdale Biomass,USA,43.618,-75.3054,0.0,MW,0.0
25456277,ReEnergy Stratton LLC,USA,45.1406,-70.4256,47.0,MW,574.6808510638298
25449744,Reeves,USA,35.171,-106.6019,154.0,MW,13.623376623376624
25456191,Regional Waste Systems,USA,43.6556,-70.3347,13.3,MW,534.2105263157895
41628179,Reid Gardner,USA,36.6573,-114.6333,0.0,MW,0.0
25450062,Remington,USA,38.5442,-77.7714,705.5,MW,10.609496810772502
40699913,Remy Jade Power Station,USA,29.8484,-95.0164,0.0,MW,0.0
25456650,Renaissance Power Plant,USA,43.1864,-84.8429,782.0,MW,0.0
40691940,Rensselaer City Light Plant,USA,40.9395,-87.1545,21.8,MW,198.11926605504587
25456388,Rensselaer Cogen,USA,42.6253,-73.75,88.2,MW,261.3378684807256
25457031,Rentech Nitrogen Pasadena Cogeneration,USA,29.7399,-95.1961,15.4,MW,97.27272727272728
25457092,"Republic Services Renewable Energy, LLC",USA,36.3587,-114.8748,12.0,MW,261.3333333333333
25456276,Reworld Babylon Inc,USA,40.7348,-73.3868,17.0,MW,534.2352941176471
25456239,Reworld Niagara I,USA,43.0839,-79.0056,50.0,MW,534.2
25456452,Reworld Plymouth LLC,USA,40.0967,-75.3103,32.1,MW,534.2679127725856
25449686,Rex Brown,USA,32.357,-90.213,0.0,MW,0.0
25449524,Reynolds,USA,39.8069,-89.6416,17.5,MW,97.25714285714284
25449167,R Gallagher,USA,38.2636,-85.8381,300.0,MW,367.6666666666667
25456347,Rhode Island Hospital,USA,41.8103,-71.41,10.4,MW,261.3461538461538
25456533,Rhode Island State Energy Center,USA,41.8017,-71.5186,596.0,MW,535.0671140939597
25456780,Riceland Foods Cogeneration Plant,USA,34.5136,-91.5331,18.0,MW,574.4444444444445
25449990,Richard M Flynn,USA,40.8158,-73.064,170.0,MW,261.35294117647055
25449785,Richland (OH),USA,41.3052,-84.3346,450.0,MW,255.77777777777777
25449994,Richmond,USA,39.8396,-84.9657,82.8,MW,261.3526570048309
25456367,Richmond Cogen,USA,37.9418,-122.3909,173.5,MW,244.43804034582132
25449827,Richmond Generating Station,USA,39.9845,-75.0752,131.6,MW,97.2644376899696
25456124,Rifle Generating Station,USA,39.5173,-107.7299,84.0,MW,261.3095238095238
25456851,Riley Generating Station,USA,42.8333,-86.0053,10.0,MW,261.3
720581,Rio Bravo,USA,35.026,-106.644,150.0,MW,0.0021333333333333
25456129,Rio Bravo Rocklin,USA,38.8319,-121.3137,27.9,MW,574.5519713261649
25449742,Rio Grande,USA,31.8047,-106.5472,398.3,MW,261.36078332914883
25456421,Rio Grande Valley Sugar Growers,USA,26.2697,-97.867,24.9,MW,509.6385542168674
25449356,Rio Nogales Power Project,USA,29.5931,-97.9732,940.2,MW,504.1480536056158
41627885,Rio Pinar,USA,28.5415,-81.2541,0.0,MW,0.0
25456787,Ripon Generation Station,USA,37.7312,-121.1253,121.0,MW,1.4586776859504131
25456380,Riverbay,USA,40.87,-73.8244,43.5,MW,254.94252873563215
25449536,River Hills,USA,41.5902,-93.6195,128.0,MW,261.328125
25450022,River Road Gen Plant,USA,45.6497,-122.7256,248.0,MW,743.1451612903226
25448962,River Rouge,USA,42.2739,-83.1119,651.5,MW,317.11435149654636
25449535,Riverside,USA,41.54,-90.4481,136.0,MW,261.3235294117647
25456703,Riverside Energy Center,USA,42.5831,-89.0358,674.9,MW,288.4871832864128
25456789,Riverside Energy Resource Center,USA,33.9636,-117.4528,196.0,MW,8.683673469387756
25456566,Riverside Generating LLC,USA,38.1917,-82.6046,1150.0,MW,1.7008695652173913
25449614,Riverside (MD),USA,39.2369,-76.5133,0.0,MW,0.0
25449659,Riverside (MN),USA,45.0203,-93.2753,585.9,MW,328.55436081242533
25449178,Riverside (OK),USA,35.9978,-95.9567,1121.7,MW,2.792190425247392
25449560,Riverton,USA,37.0726,-94.6987,283.9,MW,447.3406128918634
25448862,River Valley,USA,35.1931,-94.6458,350.0,MW,219.6
25456756,Riverview Energy Center,USA,38.0144,-121.7907,47.0,MW,4.242553191489362
25456434,Riverwood International Macon Mill,USA,32.7714,-83.6281,73.7,MW,574.6268656716418
25448991,Riviera,USA,26.7653,-80.0525,1295.0,MW,305.4054054054054
25449082,R M Heskett,USA,46.8669,-100.8836,203.0,MW,321.57635467980293
25449103,R M Schahfer,USA,41.2164,-87.0261,2201.4,MW,355.22849096029796
41635352,Roanoke Valley Energy Facility I,USA,36.4364,-77.6167,0.0,MW,0.0
25456193,Robbins Lumber,USA,44.3331,-69.2019,12.0,MW,495.0833333333333
25449597,Robert A Reid,USA,37.6461,-87.5019,98.8,MW,261.33603238866397
25450075,Robert P Mone Plant,USA,40.9297,-84.7392,596.7,MW,5.632646220881514
4401404,Robins,USA,32.5792,-83.5822,183.8,MW,97.2796517954298
25456643,RockGen Energy Center,USA,42.9767,-89.0492,561.0,MW,0.1742245989304812
25449954,Rock Lake CT,USA,45.8054,-92.9718,25.0,MW,97.28
25449031,Rockport,USA,37.9256,-87.0372,2600.0,MW,234.84615384615384
25449892,Rock River,USA,42.5831,-89.0259,0.0,MW,0.0
41635265,RockTenn Coshocton Mill,USA,40.2797,-81.8623,0.0,MW,0.0
25456877,Rockville 1 & 2,USA,37.7036,-77.6639,10.8,MW,97.3148148148148
25450056,Rockwood,USA,32.9553,-115.5364,49.8,MW,179.31726907630522
25449942,Rocky Ford,USA,38.0492,-103.7136,10.0,MW,97.28
25456738,Rocky Mountain Energy Center,USA,40.0908,-104.5953,685.1,MW,310.0277331776383
25449937,Rokeby,USA,40.7316,-96.7364,266.1,MW,259.56407365652007
25456649,Rolling Hills Generating,USA,39.0839,-82.3328,977.5,MW,261.38107416879797
41628540,Roosevelt Biogas 1,USA,45.8015,-120.1672,0.0,MW,0.0
25456961,Roquette America,USA,40.3901,-91.3952,74.4,MW,185.4838709677419
25456837,Roseburg Forest Products Biomass,USA,41.4356,-122.3769,13.4,MW,574.6268656716418
25456253,Rosemary Power Station,USA,36.4525,-77.6605,180.0,MW,97.27777777777776
25448916,Roseton Generating Facility,USA,41.5714,-73.9748,1242.0,MW,17.665056360708533
25456821,Roseville Energy Park,USA,38.7928,-121.3811,165.0,MW,261.3333333333333
25456975,Rothschild Biomass Cogen Facility,USA,44.8878,-89.6297,57.5,MW,574.6086956521739
25457026,Roundtop,USA,41.6575,-76.0488,22.0,MW,261.3636363636364
25449309,Rowan,USA,35.7314,-80.6019,1192.0,MW,261.3255033557047
25448913,Roxboro,USA,36.4833,-79.0731,2558.2,MW,312.8371511218826
25456538,RS Cogen,USA,30.2213,-93.2829,493.0,MW,494.11764705882354
25449600,R S Nelson,USA,30.2844,-93.2911,1433.6,MW,280.9709821428571
25456994,Rubart,USA,37.5587,-101.1031,120.0,MW,261.3333333333333
25456074,Rumford Cogeneration,USA,44.552,-70.5427,102.6,MW,574.6588693957116
25456528,Rumford Power LLC,USA,44.5303,-70.5219,274.5,MW,16.036429872495447
41635417,Rupert Cogen Project,USA,42.6056,-113.6839,0.0,MW,0.0
25449257,Rush Island,USA,38.1312,-90.2632,1242.0,MW,367.71336553945247
25456836,Russell City Energy Center,USA,37.6347,-122.1338,655.0,MW,2.7221374045801525
25449585,Russell Downtown,USA,38.8933,-98.8569,15.7,MW,209.10828025477707
25450091,Russell Energy Center,USA,38.8997,-98.8394,15.0,MW,261.3333333333333
720308,Rutgers Biomedical and Health Cogen,USA,40.7393,-74.1876,10.5,MW,261.3333333333333
25449872,Rutland,USA,43.603,-72.9923,13.2,MW,97.27272727272728
25449866,R W Miller,USA,32.6581,-98.3103,537.6,MW,261.3467261904762
25456342,"Ryegate Associates, LLC",USA,44.2131,-72.0572,21.5,MW,574.4186046511629
25449586,Sabetha Power Plant,USA,39.9049,-95.8034,21.8,MW,130.41284403669724
25456967,SABIC Innovative Plastics Mt. Vernon,USA,37.9105,-87.9303,108.0,MW,261.3888888888889
25449014,Sabine,USA,30.0242,-93.878,1811.8,MW,135.721382050999
25456532,Sabine Cogen,USA,30.0444,-93.7714,0.0,MW,0.0
25456135,Sabine River Operations,USA,30.0552,-93.7579,594.9,MW,261.3884686501933
25449768,S A Carlson,USA,42.0933,-79.2478,96.3,MW,261.37071651090343
25449446,Saguaro,USA,32.5517,-111.3,184.5,MW,261.3550135501355
25456416,Saguaro Power,USA,36.0422,-115.0117,127.2,MW,261.3207547169811
25456414,Saint Marys Hospital Power Plant,USA,44.0979,-92.4798,13.8,MW,188.8405797101449
25457093,Salem Harbor Power Development LP,USA,42.5255,-70.8782,798.2,MW,211.9769481332999
25456317,Salinas River Cogeneration,USA,35.9515,-120.8679,38.9,MW,675.8354755784062
41628314,Sam Bertron,USA,29.7268,-95.0598,0.0,MW,0.0
25449868,Sam Rayburn,USA,28.8947,-97.135,215.2,MW,258.92193308550185
25450079,Sand Hill,USA,30.2098,-97.6129,696.4,MW,197.44399770246983
25456160,San Diego State University,USA,32.7782,-117.0701,14.3,MW,261.3286713286713
41627620,Sandow No 4,USA,30.5659,-97.064,0.0,MW,0.0
25448992,Sanford,USA,28.8419,-81.3256,2377.8,MW,278.5768357305072
25456861,San Jacinto County Peaking Facility,USA,30.4193,-95.0118,170.0,MW,101.11764705882354
25449993,San Jacinto Steam Electric Station,USA,29.6948,-95.0406,176.4,MW,484.6371882086167
41635106,San Joaquin Cogen,USA,37.8062,-121.2771,0.0,MW,0.0
25449177,San Juan,USA,36.8006,-108.4386,924.0,MW,393.8311688311688
25449187,San Miguel,USA,28.7044,-98.4775,410.0,MW,344.390243902439
25449182,Santan,USA,33.3325,-111.7503,1326.0,MW,285.8220211161388
25456595,Santa Rosa Energy Center,USA,30.5664,-87.115,274.5,MW,630.2367941712204
25456274,Sappi Cloquet Mill,USA,46.7243,-92.4298,88.3,MW,574.6319365798415
25456446,Saranac Facility,USA,44.7132,-73.4557,285.6,MW,10.997899159663865
25449726,Sarpy County,USA,41.1706,-95.9706,334.9,MW,4.0191101821439235
1927755,Sauder Power Plant,USA,41.5152,-84.2935,7.2,MW,574.5833333333334
25456052,Savannah River Mill,USA,32.3336,-81.2009,90.0,MW,97.27777777777776
25456919,Savannah River Site Biomass Cogen,USA,33.2833,-81.6667,20.8,MW,574.5192307692307
25456040,Sayreville Cogeneration Facility,USA,40.439,-74.3444,430.2,MW,5.362622036262204
25449051,Scattergood,USA,33.9182,-118.4276,876.0,MW,275.3424657534247
25449004,Scherer,USA,33.0606,-83.8075,3564.0,MW,291.52637485970814
25449169,Schiller,USA,43.0978,-70.7842,21.2,MW,97.26415094339625
25457074,Schofield Generating Station,USA,21.4785,-158.0581,50.4,MW,574.6031746031746
41627887,Scholz,USA,30.6692,-84.8869,0.0,MW,0.0
25449147,Schuylkill Generating Station,USA,39.9419,-75.188,39.8,MW,97.28643216080404
25449265,Scrubgrass Reclamation CO. LP.,USA,41.2691,-79.8134,94.7,MW,294.9313621964097
25456194,SDS Lumber Gorge Energy Division,USA,45.7131,-121.4692,10.0,MW,574.6
40698817,SEGS IX,USA,35.033,-117.338,92.0,MW,261.30434782608694
49534106,SEGS VIII power station,USA,35.0308,-117.3563,0.0,MW,0.0
25456120,Selkirk Cogen,USA,42.5758,-73.8601,434.0,MW,0.0
25456204,SEMASS Resource Recovery,USA,41.8022,-70.7875,98.5,MW,534.2131979695431
713144,Seminole (FL),USA,29.7331,-81.6328,1429.2,MW,395.88581024349287
25456301,Seminole Mill,USA,30.4178,-81.5978,30.0,MW,261.3333333333333
25449124,Seminole (OK),USA,34.9665,-96.7258,1701.0,MW,0.4456202233980011
25456857,Seneca City of,USA,34.6875,-82.9525,10.0,MW,97.28
25456477,Seneca Energy,USA,42.9281,-76.8408,17.6,MW,261.3636363636363
25456926,Seneca Sustainable Energy LLC,USA,44.1161,-123.1789,19.8,MW,574.7474747474746
25456929,"Sentinel Energy Center, LLC",USA,33.9364,-116.5727,800.0,MW,25.65
25448857,Seward (AK),USA,60.1309,-149.435,15.6,MW,97.3076923076923
25449151,Seward (PA),USA,40.4062,-79.0337,585.0,MW,290.5982905982906
25450054,Sewell Creek Energy,USA,33.9486,-85.2769,570.0,MW,0.0
25456656,Shady Hills Generating Station,USA,28.3665,-82.5586,541.2,MW,0.2147080561714707
25457090,Shakopee Energy Park,USA,44.7836,-93.4811,46.5,MW,261.2903225806452
25450106,Sharpe,USA,38.275,-95.6839,20.0,MW,97.3
41635935,Shasta Renewable Resources Plant,USA,40.4708,-122.3311,0.0,MW,0.0
25449237,Shawnee,USA,37.1517,-88.775,1575.0,MW,372.3809523809524
25449807,Shawnee (PA),USA,41.0612,-75.0582,20.0,MW,97.3
25449811,Shawville,USA,41.0675,-78.3662,626.0,MW,28.30670926517572
25456797,Sheboygan Falls,USA,43.7518,-87.8781,346.8,MW,5.986159169550173
25449893,Sheepskin,USA,42.8347,-89.1108,0.0,MW,0.0
25456592,Shelby Energy County,USA,39.2794,-88.4772,483.0,MW,261.28364389233957
25449087,Sheldon,USA,40.5589,-96.7847,228.7,MW,350.02186270223007
25456813,Shell Chemical,USA,30.1875,-90.984,80.0,MW,261.37500000000006
25457034,Shell Chemical Appalachia LLC,USA,40.6681,-80.3376,0.0,MW,0.0
25456210,Shell Deer Park,USA,29.7219,-95.1283,182.2,MW,261.36114160263446
25450069,Shenandoah,USA,40.7707,-95.3768,20.0,MW,97.3
25449106,Sherburne County,USA,45.3808,-93.8931,2469.3,MW,428.05653424047296
25449987,Sherman Avenue,USA,39.451,-75.0578,112.8,MW,261.34751773049646
25449320,Sherwood H Smith Jr Energy Complex,USA,34.8392,-79.7406,2244.8,MW,261.3595866001425
41628413,Shipman,USA,19.7239,-155.069,0.0,MW,0.0
25449064,Shiras,USA,46.5306,-87.3922,0.0,MW,0.0
25449765,Shoemaker,USA,41.4278,-74.4186,41.9,MW,0.0
25449917,Shrewsbury,USA,42.2747,-71.7172,16.5,MW,122.12121212121214
25456823,Shute Creek Facility,USA,41.8818,-110.0912,144.0,MW,261.31944444444446
41627642,Sibley,USA,39.1783,-94.1844,0.0,MW,0.0
25449781,Sidney (OH),USA,40.2792,-84.191,13.5,MW,97.25925925925924
25456748,Sierra Pacific Aberdeen,USA,46.9697,-123.7739,18.0,MW,574.4444444444445
25456831,Sierra Pacific Burlington Facility,USA,48.4497,-122.438,28.0,MW,574.6428571428571
25456167,Sierra Pacific Burney Facility,USA,40.8767,-121.7016,20.0,MW,574.5
25456010,Sierra Pacific Lincoln Facility,USA,38.9032,-121.3097,19.2,MW,574.4791666666667
25456168,Sierra Pacific Loyalton Facility,USA,39.6699,-120.2394,0.0,MW,0.0
25456169,Sierra Pacific Quincy Facility,USA,39.9412,-120.9092,35.2,MW,574.715909090909
1927695,Sierra Pacific Sonora,USA,37.9664,-120.3178,7.5,MW,574.6666666666666
25456174,Signal Hill Generating LLC,USA,33.8629,-98.5895,80.0,MW,261.37500000000006
25449197,Sikeston Power Station,USA,36.8791,-89.6209,261.0,MW,625.2873563218391
25449858,Silas Ray,USA,25.9131,-97.5214,136.0,MW,261.3235294117647
25450112,Silver Creek,USA,31.6004,-89.9468,250.5,MW,5.840319361277445
25456740,Silverhawk,USA,36.4078,-114.9606,664.7,MW,261.32089664510306
41628119,Silver Lake,USA,44.0282,-92.4604,0.0,MW,0.0
25449862,Sim Gideon,USA,30.1456,-97.2708,623.0,MW,6.309791332263242
25456201,Simplot Leasing Don Plant,USA,42.9084,-112.5294,15.9,MW,97.29559748427673
4408377,Simplot Phosphates,USA,41.5417,-109.1328,11.5,MW,97.30434782608695
25449258,Sioux,USA,38.9155,-90.2903,1099.4,MW,327.9061306167
25449199,Sithe Independence Station,USA,43.495,-76.4511,1157.8,MW,378.30367939195025
25449935,Sixth Street Gas Turbine,USA,42.7926,-86.1036,24.0,MW,97.29166666666669
25457120,SJRR Power LLC,USA,29.8819,-95.1115,0.0,MW,0.0
25456781,SJ/SC WPCP,USA,37.4344,-121.9464,22.4,MW,261.3392857142857
25457067,Sky Global Power One,USA,29.5508,-96.5387,51.0,MW,261.37254901960785
25449640,Slocum,USA,42.1225,-83.185,13.5,MW,97.25925925925924
50383985,Sloss Industries Corp,USA,33.5682,-86.7987,25.0,MW,261.36
25450058,Smarr Energy Center,USA,32.9842,-83.8464,242.0,MW,1.9185950413223136
25448855,Snake River,USA,64.5059,-165.4294,16.6,MW,97.289156626506
1927432,Snider Industries,USA,32.5747,-94.3739,5.0,MW,574.6
25456921,Soldotna,USA,60.4994,-150.9972,50.0,MW,261.4
25457146,Solomon Generating Facility,USA,37.0301,-113.5634,0.0,MW,0.0
25450096,Solway CT,USA,47.5446,-95.1296,50.0,MW,47.96
25449095,Somerset Operating Co LLC,USA,43.3564,-78.6036,655.1,MW,251.71729506945505
25456225,Somerset Plant,USA,44.7035,-69.6474,107.1,MW,574.6031746031746
25456957,Sonoco Products Co,USA,34.3853,-80.0678,38.0,MW,574.7368421052631
25449125,Sooner,USA,36.4531,-97.0528,1138.0,MW,327.24077328646746
25449500,S O Purdom,USA,30.1623,-84.2007,270.1,MW,261.3476490188819
25456131,Southampton Power Station,USA,36.6525,-76.9953,71.1,MW,574.6835443037975
25456296,South Belridge Cogeneration Facility,USA,35.4386,-119.7075,94.2,MW,261.35881104033973
25449748,South Cairo,USA,42.2913,-73.9865,21.3,MW,97.27699530516432
25456911,Southcentral Power Project,USA,61.1672,-149.9061,203.9,MW,261.3536047081903
720688,Southeast Chicago Energy Project,USA,41.7181,-87.5449,407.2,MW,261.2966601178782
25456295,Southeast Kern River Cogen,USA,35.4206,-118.9644,24.0,MW,261.3333333333333
25456308,Southeast Resource Recovery,USA,33.7592,-118.2399,35.6,MW,534.2696629213483
25456962,Southeast Steam Plant,USA,44.9808,-93.2497,13.0,MW,261.3076923076923
25456855,South Energy Center,USA,29.6383,-82.34,11.5,MW,261.30434782608694
25457077,South Field Energy,USA,40.6353,-80.6783,0.0,MW,0.0
25449976,South Fond Du Lac,USA,43.7353,-88.4967,381.6,MW,261.3469601677149
25449760,South Hampton,USA,40.9,-72.382,11.5,MW,97.30434782608695
25456792,South Harper,USA,38.6803,-94.4824,351.0,MW,2.4977207977207976
713435,South Meadow,USA,41.7495,-72.6524,167.2,MW,97.3086124401914
25449285,South Oak Creek,USA,42.8457,-87.8294,1240.0,MW,399.758064516129
25449761,Southold,USA,41.1059,-72.3761,14.0,MW,97.28571428571428
25448937,South Plant (CO),USA,38.8244,-104.8333,207.3,MW,299.8070429329474
25450036,South Plant (IA),USA,42.7357,-92.4697,12.0,MW,97.25
25456557,South Point Energy Center,USA,34.8678,-114.5317,708.0,MW,463.5593220338983
25449828,Southwark,USA,39.9144,-75.135,74.4,MW,97.28494623655914
25449796,Southwestern,USA,35.1009,-98.3524,656.0,MW,61.051829268292686
41635005,Spadra Landfill Gas to Energy,USA,34.0408,-117.8217,0.0,MW,0.0
25449902,Spencer,USA,33.1975,-97.1061,126.5,MW,261.34387351778656
25449548,Spencer Gas Turbine,USA,43.1446,-95.1443,23.8,MW,97.2689075630252
41635773,SPFT - Newberg Cogen,USA,45.2879,-122.9627,0.0,MW,0.0
25457055,SPI Anderson 2,USA,40.4723,-122.3242,30.2,MW,574.5033112582781
25456832,Spindle Hill Energy Center,USA,40.0922,-104.8878,420.0,MW,50.666666666666664
25449913,Spirit Mound,USA,42.8977,-96.9905,135.0,MW,97.25925925925924
4400812,Spiritwood Station,USA,46.9264,-98.4997,106.2,MW,261.2994350282486
25456328,Spokane Waste to Energy,USA,47.6263,-117.5042,22.0,MW,534.0909090909091
25456706,Spring Creek Energy Center,USA,35.7422,-97.655,346.0,MW,261.32947976878614
25456565,Springdale 1 & 2,USA,40.5467,-79.7683,87.6,MW,60.433789954337904
25449254,Springerville,USA,34.3186,-109.1639,1765.8,MW,490.25937252236946
25456790,Springs Generating Station,USA,33.9308,-117.2933,40.0,MW,261.25
25448934,Spruance Operating Services LLC,USA,37.4556,-77.4308,229.6,MW,314.5034843205575
721221,Stamford Health,USA,41.0556,-73.552,8.4,MW,97.28571428571428
41628235,Stanton,USA,47.2866,-101.3319,0.0,MW,0.0
25449133,Stanton Energy Center,USA,28.4839,-81.1666,1950.3,MW,283.03337948008
25457091,Stanton Energy Reliability Center Hybrid,USA,33.8068,-117.9858,141.0,MW,261.34751773049646
25456292,Starrett City Cogen Facility,USA,40.6492,-73.8792,12.0,MW,261.3333333333333
25449988,State Line Combined Cycle,USA,37.0659,-94.614,690.5,MW,455.3222302679218
25449705,Station H,USA,39.1067,-94.3804,43.0,MW,261.3953488372093
25449706,Station I,USA,39.056,-94.3932,38.0,MW,97.28947368421052
25449958,St Bonifacius,USA,44.905,-93.8208,61.2,MW,97.2875816993464
25457095,St. Charles Power Station (LA),USA,30.0125,-90.4596,1000.0,MW,335.9
25448964,St Clair,USA,42.7642,-82.4719,1233.5,MW,364.8966355897852
25449587,Sterling,USA,38.2143,-98.2071,10.3,MW,261.3592233009709
25456293,Sterling Power Plant,USA,43.0803,-75.601,65.3,MW,258.65237366003066
25449603,Sterlington,USA,32.7047,-92.0792,160.3,MW,261.3225202744853
25450021,St Francis Energy Facility,USA,36.5852,-90.1779,506.6,MW,115.61389656533754
25456116,St Francisville Mill,USA,30.7108,-91.3236,12.5,MW,574.64
25457054,Stillwater Energy Center,USA,36.1607,-97.0365,56.4,MW,261.34751773049646
25449660,St James,USA,43.9882,-94.6156,12.0,MW,97.25
41627401,St Johns River Power Park,USA,30.4308,-81.5508,0.0,MW,0.0
25456942,St Joseph Energy Center,USA,41.699,-86.4797,780.0,MW,686.025641025641
25457089,St. Mary Clean Energy Center,USA,29.6846,-91.4706,50.9,MW,97.28880157170924
25448861,St Nicholas Cogen Project,USA,40.8222,-76.1736,99.2,MW,351.10887096774195
25449948,Stock Island,USA,24.5633,-81.7342,126.5,MW,97.31225296442688
25456413,Stockton Biomass,USA,37.9436,-121.3304,54.0,MW,669.6296296296297
4401313,Stony Brook,USA,42.1978,-72.5106,530.6,MW,97.28609121748964
25456405,Stony Brook Cogen Plant,USA,40.9168,-73.1291,47.0,MW,261.27659574468083
713504,Story City,USA,42.1861,-93.6005,13.9,MW,120.863309352518
25456868,St Paul Cogeneration,USA,44.9429,-93.0966,37.0,MW,574.5945945945946
41628063,Straits,USA,45.7669,-84.7566,0.0,MW,0.0
25449541,Streeter Station,USA,42.5268,-92.4397,51.5,MW,261.3592233009709
25449786,Stryker,USA,41.5014,-84.4283,19.0,MW,97.26315789473684
25449244,Stryker Creek,USA,31.9398,-94.9898,713.4,MW,259.0412111017662
25457101,Sub 12,USA,30.4598,-84.2604,18.6,MW,261.34408602150535
25456637,Sugar Creek Power,USA,39.3931,-87.5108,619.4,MW,462.705844365515
713479,Sullivan (IL),USA,39.5967,-88.6119,12.9,MW,97.28682170542636
25456436,Sumas Power Plant,USA,48.9905,-122.2733,125.5,MW,261.35458167330677
25449554,Summit Lake,USA,41.1136,-94.3472,62.3,MW,261.3162118780096
25456977,Summit Street Power Plant,USA,41.1431,-81.3408,13.2,MW,261.3636363636364
41627971,Sumner,USA,42.8464,-92.0978,5.6,MW,97.2857142857143
25450105,Sumpter,USA,42.167,-83.5318,340.0,MW,0.0
25456440,Sumpter Energy Associates,USA,42.1057,-83.4989,11.2,MW,261.3392857142857
25457079,Sunbury Generation LP,USA,40.8376,-76.8253,1194.4,MW,569.6584058941728
25456688,Sundance,USA,32.9285,-111.5899,605.0,MW,261.3223140495868
25449116,Sunnyside Cogen Associates,USA,39.5472,-110.3917,58.1,MW,687.4354561101549
25456560,Sunrise Power LLC,USA,35.2097,-119.585,685.2,MW,386.74839462930527
25457006,Sunshine Gas Producers,USA,34.3357,-118.5192,23.0,MW,261.3478260869565
25449641,Superior,USA,42.2639,-83.6422,64.0,MW,97.28125
41627951,Sutherland,USA,42.0473,-92.8594,0.0,MW,0.0
25456537,Sutter Energy Center,USA,39.0531,-121.6959,636.0,MW,201.4150943396226
25449489,Suwannee River,USA,30.3764,-83.1806,197.7,MW,206.67678300455236
25448854,S W Bailey,USA,55.3574,-131.697,25.9,MW,97.2972972972973
25449685,Sweatt,USA,32.2931,-88.7455,41.9,MW,261.3365155131265
25456500,Sweeny Cogen Facility,USA,29.0728,-95.745,572.0,MW,543.3566433566433
25456175,Sycamore Cogeneration,USA,35.4548,-119.0029,300.0,MW,261.3333333333333
25450131,Sycamore (IA),USA,41.6722,-93.6769,157.6,MW,0.0
25449884,Sycamore (WI),USA,43.1133,-89.3128,41.6,MW,261.2980769230769
25449653,Syl Laskin,USA,47.5306,-92.1619,116.0,MW,261.37931034482756
25456378,Sylvamo Corporation Eastover Facility,USA,33.8864,-80.6403,109.6,MW,574.6350364963504
25450113,Sylvarena,USA,31.9821,-89.4127,141.0,MW,79.9290780141844
41636018,Synata Hugoton,USA,37.1808,-101.3867,0.0,MW,0.0
713003,Taconite Harbor Energy Center,USA,47.5314,-90.9114,168.0,MW,367.6785714285714
25456358,Taft 26C Cogen,USA,35.1133,-119.4706,12.4,MW,261.3709677419355
25449358,Taft Cogeneration Facility,USA,29.9888,-90.4599,894.2,MW,347.3495862223216
25449778,Tait Electric Generating Station,USA,39.7272,-84.2111,680.6,MW,258.7422862180429
25450087,Talbot County Energy,USA,32.5892,-84.6917,726.0,MW,0.5606060606060606
25449814,TalenEnergy Martin Creek LLC Allentown,USA,40.6084,-75.456,64.0,MW,97.28125
25449152,TalenEnergy Martins Creek,USA,40.7978,-75.1054,1701.0,MW,0.0026102292768959
25449816,TalenEnergy Martins Creek LLC Fishbach,USA,40.6891,-76.2196,37.0,MW,97.27027027027027
25449817,TalenEnergy Martins Creek LLC Harrisburg,USA,40.2579,-76.8579,48.0,MW,97.29166666666669
25449818,TalenEnergy Martins Creek LLC Harwood,USA,40.9353,-76.0284,32.0,MW,97.28125
25449819,TalenEnergy Martins Creek LLC Jenkins,USA,41.2824,-75.8164,32.0,MW,97.28125
25449820,TalenEnergy Martins Creek LLC Lock Haven,USA,41.1189,-77.4709,18.5,MW,97.29729729729728
25449821,TalenEnergy Martins Creek LLC West Shore,USA,40.1908,-76.9458,37.0,MW,97.27027027027027
25449822,TalenEnergy Martins Creek LLC Williamspo,USA,41.2361,-77.0075,32.0,MW,97.28125
713099,TalenEnergy Montour,USA,41.0698,-76.6652,1757.9,MW,0.0
1927419,Tamarack Energy,USA,44.9549,-116.3871,6.2,MW,574.6774193548387
41627932,Tanners Creek,USA,39.0814,-84.8594,0.0,MW,0.0
25456447,Tanner Street Generation,USA,42.6313,-71.3127,85.0,MW,261.29411764705884
25456042,T B Simon Power Plant,USA,42.7178,-84.4845,99.3,MW,261.3293051359517
25449601,Teche,USA,29.8231,-91.544,390.7,MW,261.3258254415152
25456931,TECO CHP-1,USA,29.7035,-95.3983,48.0,MW,261.25
41627659,Tecumseh Energy Center,USA,39.0539,-95.5689,0.0,MW,0.0
25456299,Telogia Power,USA,30.3349,-84.8182,0.0,MW,0.0
25456964,Temple Power Station,USA,31.0558,-97.3172,1606.4,MW,231.51145418326692
25457032,Temple SEGF,USA,39.98,-75.1506,16.0,MW,261.3125
25449299,Tenaska Frontier Generation Station,USA,30.5924,-95.9178,939.7,MW,52.889219963818235
25449323,Tenaska Gateway Generating Station,USA,32.0178,-94.6197,939.6,MW,378.0332056194125
25449326,Tenaska Georgia Generation Facility,USA,33.3516,-84.9996,1099.2,MW,0.0
25449337,Tenaska Lindsay Hill Generating Station,USA,32.6514,-86.7386,939.4,MW,243.66616989567817
25449364,Tenaska Virginia Generating Station,USA,37.8667,-78.3813,1011.4,MW,0.0021356535495352
25457083,Tenaska Westmoreland Generating Station,USA,40.1752,-79.6967,1134.0,MW,614.8148148148148
25456242,Tennessee Eastman Operations,USA,36.5184,-82.5348,194.3,MW,321.8219248584663
25450078,Terry Bundy Generating Station,USA,40.9097,-96.6131,216.3,MW,259.96301433194634
25448930,TES Filer City Station,USA,44.2173,-86.2891,70.0,MW,351.0
25456005,Tesoro Hawaii,USA,21.3032,-158.0914,20.0,MW,97.3
25456853,Tesoro SLC Cogeneration Plant,USA,40.7931,-111.9038,30.4,MW,261.3486842105263
25456087,Tesoro Wilmington Calciner,USA,33.777,-118.2282,34.0,MW,97.29411764705884
25456360,Texas City Power Plant,USA,29.3787,-94.9438,450.0,MW,261.3333333333333
25456192,Texas Petrochemicals,USA,29.6981,-95.2547,35.0,MW,261.34285714285716
25449324,Thad Hill Energy Center,USA,31.8594,-97.3586,807.0,MW,315.98513011152414
721076,The Andersons Albion Ethanol LLC,USA,42.2561,-84.7883,10.1,MW,261.3861386138614
25456216,"The Mosaic Company, Plant City Facility",USA,28.1663,-82.1388,0.0,MW,0.0
25450031,Theodore Cogen Facility,USA,30.5254,-88.1285,317.4,MW,261.3421550094518
41635014,Thermal Energy Development Part LP,USA,37.7199,-121.4887,0.0,MW,0.0
41635243,Thermo Greeley,USA,40.4406,-104.6863,0.0,MW,0.0
41628064,Thetford,USA,43.1567,-83.6286,0.0,MW,0.0
25449363,Thomas A Smith Energy Facility,USA,34.7094,-84.9175,1192.0,MW,539.6812080536913
25449903,Thomas C Ferguson,USA,30.558,-98.3721,574.6,MW,261.399234249913
25449456,Thomas Fitzhugh,USA,35.4624,-93.8049,185.0,MW,34.648648648648646
25448891,Thomas Hill,USA,39.5522,-92.6381,1181.7,MW,743.2512482017432
25456777,THUMS,USA,33.7684,-118.2141,57.4,MW,261.3240418118467
25449019,T H Wharton,USA,29.9417,-95.5306,1189.9,MW,261.36650138667113
25456028,Ticona Polymers Inc,USA,27.5697,-97.8228,44.2,MW,261.3122171945701
25456399,Ticonderoga Mill,USA,43.8914,-73.397,42.1,MW,261.2826603325416
25450026,Tiger Bay,USA,27.7464,-81.8495,278.1,MW,261.34483998561666
25450038,Tilton,USA,40.1061,-87.6538,188.0,MW,1.5904255319148937
25457135,Tinker,USA,35.4147,-97.3735,82.0,MW,261.3414634146341
25450142,Tipton,USA,41.7717,-91.1321,9.3,MW,97.27956989247312
25449808,Titus,USA,40.3056,-75.9081,36.0,MW,97.27777777777776
25456511,Tiverton Power Plant,USA,41.6422,-71.1706,290.1,MW,349.18993450534293
25456783,T J Labbe Electric Generating,USA,30.2554,-92.0433,100.8,MW,261.3095238095238
721071,TNSG North Plant,USA,70.2355,-148.3839,25.4,MW,261.3385826771654
25449221,Tolk,USA,34.1865,-102.57,1135.8,MW,43.1942243352703
25449809,Tolna,USA,39.7606,-76.6353,54.0,MW,1.0348148148148149
25449494,Tom G Smith,USA,26.6128,-80.0677,70.2,MW,170.65527065527064
25457137,Topaz Generating,USA,29.4264,-94.9767,0.0,MW,0.0
25457114,Toray Plastic America's CHP Plant,USA,41.5938,-71.4276,20.0,MW,261.35
25456264,"Torrance Refining Company, LLC",USA,33.8534,-118.33,30.0,MW,220.33333333333337
25449480,Torrington Terminal,USA,41.7761,-73.1209,21.8,MW,97.29357798165135
25456004,Total Energy Facilities,USA,33.7683,-118.2836,38.4,MW,261.45833333333337
25449648,Tower,USA,45.3628,-84.295,21.3,MW,97.27699530516432
25449196,Tracy,USA,39.5625,-119.525,1032.9,MW,398.1992448446123
25456750,Tracy Combined Cycle Power Plant,USA,37.7107,-121.4906,336.1,MW,106.03986908658136
25449139,Transalta Centralia Generation,USA,46.7559,-122.8598,1459.8,MW,409.097136594054
25456830,Treasure Coast Energy Center,USA,27.3839,-80.3775,411.4,MW,375.5469129800681
25448965,Trenton Channel,USA,42.1217,-83.1808,535.5,MW,367.6937441643324
25449501,Trenton North,USA,40.0786,-93.635,13.5,MW,97.25925925925924
25450095,Trenton South,USA,40.0672,-93.6044,14.0,MW,97.28571428571428
25457104,"Tres Port Power, LLC",USA,28.6964,-96.9453,100.0,MW,0.0
41635652,Tri Center Naniwa Energy,USA,39.5572,-119.5178,0.0,MW,0.0
25456822,Trigen St. Louis,USA,38.6359,-90.1809,34.2,MW,261.34502923976606
25449056,Trimble County,USA,38.5846,-85.4137,2594.1,MW,280.0971435179831
25449857,Trinidad (TX),USA,32.1245,-96.1013,243.3,MW,258.65187011919437
25456339,Tropicana Products Bradenton,USA,27.4834,-82.5483,46.8,MW,261.3247863247863
25456633,Troy Energy LLC,USA,41.4772,-83.4598,795.6,MW,261.31221719457017
25449366,TS Power Plant,USA,40.7461,-116.5297,242.0,MW,275.6611570247934
25449797,Tulsa,USA,36.1165,-95.991,348.2,MW,57.4095347501436
25448993,Turkey Point,USA,25.4356,-80.3308,1224.0,MW,216.2581699346405
41635575,Tuscola Station,USA,39.7982,-88.3498,0.0,MW,0.0
25456608,TVA Southaven Combined Cycle,USA,34.9939,-90.0378,903.9,MW,553.3797986502932
25456493,Twin Bridges LFGTE,USA,39.745,-86.4947,12.8,MW,261.328125
42306178,TXU Sweetwater Generating Plant,USA,32.4928,-100.365,0.0,MW,0.0
25449863,Ty Cooke,USA,33.5211,-101.7906,40.5,MW,261.2345679012346
25449649,Ubly,USA,43.7217,-82.9388,12.4,MW,97.25806451612902
25456918,UCI Facilities Management Central Plant,USA,33.6481,-117.8467,19.0,MW,261.36842105263156
25456355,UCLA So Campus Cogen Project,USA,34.0673,-118.4463,43.0,MW,261.3953488372093
25456980,UCONN Cogen Facility,USA,41.8092,-72.2542,25.7,MW,261.36186770428014
25456773,UMCP CHP Plant,USA,38.9858,-76.9355,27.4,MW,261.35036496350364
25456178,Union Carbide Seadrift Cogen,USA,28.5105,-96.7706,162.0,MW,261.358024691358
25456336,Union County Resource Recovery,USA,40.6013,-74.2664,45.0,MW,534.2222222222222
25449343,Union Power Station,USA,33.2961,-92.5894,2428.0,MW,211.9851729818781
713901,Unionville,USA,40.4593,-93.0218,53.2,MW,97.27443609022556
25456429,Unisea G 2,USA,53.8796,-166.5532,17.5,MW,97.25714285714284
25456287,University of Alaska Fairbanks,USA,64.8542,-147.8221,17.0,MW,367.7058823529411
25456936,University of California San Diego Hybri,USA,32.8747,-117.2392,33.0,MW,261.3333333333333
25456426,University of Colorado,USA,40.0076,-105.2692,33.0,MW,261.3333333333333
25449998,University of Florida,USA,29.6403,-82.3486,54.2,MW,261.25461254612543
25456476,University of Illinois Abbott Power Plt,USA,40.1046,-88.2423,80.3,MW,261.39476961394774
25456390,University of Illinois Cogen Facility,USA,41.8675,-87.6524,52.5,MW,261.33333333333337
25456475,University of Iowa Main Power Plant,USA,41.6572,-91.54,23.0,MW,261.3478260869565
25456229,University of Michigan,USA,42.2812,-83.7346,32.0,MW,261.34375
25456214,University of Notre Dame,USA,41.7056,-86.2366,37.6,MW,236.4627659574468
25456212,University of Oklahoma,USA,35.2089,-97.4424,18.6,MW,245.48387096774192
25456702,University Park North,USA,41.4425,-87.7514,726.0,MW,58.22314049586777
25456600,University Park South,USA,41.4409,-87.7532,353.4,MW,20.930956423316356
25457044,Univ Minnesota CHP Plant,USA,44.9786,-93.2408,21.0,MW,261.3333333333333
25456164,Univ of Massachusetts Medical Center,USA,42.279,-71.7598,17.5,MW,261.37142857142857
713217,Univ of NC Chapel Hill Cogen Facility,USA,35.9069,-79.0617,28.0,MW,261.35714285714283
25449837,Urquhart,USA,33.435,-81.9111,758.9,MW,261.2992489129003
25456409,U S Alliance Coosa Pines,USA,33.3281,-86.3568,25.9,MW,574.5173745173746
25456170,US Borax,USA,35.0329,-117.701,48.2,MW,261.41078838174275
25456941,US GSA Heating and Transmission,USA,38.8857,-77.0284,10.8,MW,261.38888888888886
25456985,US Magnesium,USA,40.9133,-112.7339,32.0,MW,261.34375
25456213,Utility Plants Section,USA,64.8256,-147.6486,20.0,MW,367.7
41628407,Valdez,USA,61.1303,-146.3647,8.6,MW,97.27906976744184
25449941,Valencia,USA,31.3635,-110.9313,54.0,MW,261.2962962962963
25456731,Valencia Energy Facility,USA,34.6115,-106.7322,159.5,MW,21.310344827586206
25456742,Valero Refinery Cogeneration Unit 1,USA,38.0736,-122.1411,49.9,MW,261.3226452905812
25456173,Valero Refinery Corpus Christi West,USA,27.8173,-97.4848,69.2,MW,97.28323699421964
25457131,Valero Wilmington Cogeneration Plant,USA,33.7787,-118.2385,33.5,MW,261.34328358208955
25449464,Valley (CA),USA,34.245,-118.3913,690.5,MW,212.02027516292543
41628323,Valley (TX),USA,33.6281,-96.3676,0.0,MW,0.0
25449890,Valley (WI),USA,43.0303,-87.9233,272.0,MW,261.3602941176471
25449469,Valmont,USA,40.02,-105.2014,201.5,MW,261.3399503722084
25456350,Vanderbilt University Power Plant,USA,36.1459,-86.8038,13.5,MW,261.3333333333333
25456657,Vandolah Power Station,USA,27.5236,-81.924,728.0,MW,261.4010989010989
25449992,Van Sant Station,USA,39.145,-75.5482,45.1,MW,9.556541019955652
25449514,Venice,USA,38.6609,-90.1756,586.0,MW,0.0
25456536,Vermillion Energy Facility,USA,39.9223,-87.4464,692.0,MW,5.114161849710983
25450081,Vernon Boulevard,USA,40.7537,-73.9508,94.0,MW,9.07127659574468
41627898,Vero Beach Municipal Power Plant,USA,27.6334,-80.3775,0.0,MW,0.0
25456209,VESI Pomona,USA,34.0594,-117.7742,0.0,MW,0.0
25449652,Vestaburg,USA,43.4013,-84.9136,23.7,MW,261.35021097046416
25449186,V H Braunig - Arthur Von Rosenberg plant complex,USA,29.2569,-98.3833,1713.0,MW,261.35434909515476
25449846,Victoria,USA,28.7883,-97.01,376.9,MW,38.52480764128416
49534045,Victoria City power station,USA,28.7853,-97.0093,100.0,MW,261.3
25457115,Victoria Port Power II LLC,USA,28.6985,-96.9461,0.0,MW,0.0
25456136,Victoria Texas Plant,USA,28.6751,-96.956,102.4,MW,261.328125
25449076,Victor J Daniel Jr,USA,30.5322,-88.5553,2229.0,MW,515.0291610587708
25449616,Vienna Operations,USA,38.4878,-75.8208,180.6,MW,97.28682170542636
41635256,Viking Energy of Northumberland,USA,40.9172,-76.8146,0.0,MW,0.0
25456438,Village Creek Water Reclamation Facility,USA,32.7751,-97.1421,10.6,MW,261.3207547169811
25449551,Vinton,USA,42.1697,-92.0222,16.9,MW,253.55029585798815
25449677,Virginia,USA,47.5224,-92.5409,26.2,MW,261.33587786259545
25456878,Virginia Beach,USA,36.7858,-76.2019,10.8,MW,261.38888888888886
25449410,Virginia City Hybrid Energy Center,USA,36.9164,-82.3381,668.0,MW,367.6646706586826
25450005,VMEA 1 Credit Gen,USA,38.7405,-77.5081,13.2,MW,97.27272727272728
25457128,VPPSA Project 10,USA,44.9184,-73.1011,47.2,MW,97.28813559322032
41627940,Wabash River,USA,39.53,-87.4247,0.0,MW,0.0
25456945,Wabash Valley Power IGCC,USA,39.5323,-87.4258,192.0,MW,0.0
25456206,Wadham Energy LP,USA,39.1062,-122.1096,29.1,MW,534.3642611683848
25456728,Wading River and Shoreham power complex,USA,40.9585,-72.8694,410.0,MW,97.29268292682929
721237,Wadsworth HBS RTO BTM,USA,41.0354,-81.749,10.8,MW,97.3148148148148
721236,Wadsworth IPS RTO BTM,USA,41.0863,-81.7274,0.0,MW,0.0
25449728,Wahoo,USA,41.2118,-96.6115,14.2,MW,255.56338028169017
25449507,Waiau,USA,21.389,-157.9615,474.6,MW,97.2819216182048
25456687,Wallingford Energy,USA,41.4487,-72.8354,350.0,MW,17.32857142857143
25449900,Walnut,USA,37.4903,-120.9044,49.8,MW,261.2449799196787
25456933,Walnut Creek Energy Park,USA,34.0087,-117.9449,500.0,MW,23.68
25456779,Walnut Energy Center,USA,37.4878,-120.8956,300.6,MW,305.0565535595475
49691306,Walter C Beckjord,USA,38.9917,-84.2981,0.0,MW,0.0
25449068,Walter Scott Jr Energy Center,USA,41.18,-95.8408,1648.3,MW,521.5676757871747
25456768,Walton Bainbridge Power Facility,USA,30.911,-84.5473,80.0,MW,0.0
25456543,Walton County Energy Facility,USA,33.8148,-83.6954,494.1,MW,0.0
25456546,Walton Discover Power Facility,USA,32.541,-85.0389,103.0,MW,0.0
25449588,Wamego,USA,39.1992,-96.3086,15.2,MW,261.3157894736842
25449006,Wansley,USA,33.4088,-85.0371,4329.6,MW,306.03288987435326
25449020,W A Parish,USA,29.479,-95.6326,4090.6,MW,200.85073094411575
41635180,Warm Springs Forest Products,USA,44.7648,-121.2347,0.0,MW,0.0
25449812,Warren,USA,41.8359,-79.1887,53.1,MW,0.0
25449392,Warren County,USA,38.9697,-78.1776,1472.2,MW,521.4644749354707
25450101,Warren F Sam Beasley Generation Station,USA,39.2792,-75.6239,96.0,MW,10.71875
25449213,Warrick,USA,37.915,-87.3328,656.2,MW,741.999390429747
40691994,Washington,USA,39.7306,-96.9795,8.9,MW,182.02247191011236
25450024,Washington County Cogeneration Facility,USA,31.264,-88.0026,122.5,MW,261.3061224489796
25456627,Washington County Power LLC,USA,33.0922,-82.98,795.6,MW,261.31221719457017
25456647,Washington Energy Facility,USA,39.58,-81.6564,714.9,MW,630.7175828787244
25456674,Washington Parish Energy Center,USA,30.7914,-89.9092,399.6,MW,261.26126126126127
25456370,Wasson CO2 Removal Plant,USA,33.0099,-102.7569,23.4,MW,261.3247863247863
25456906,Waste Management Columbia Ridge LFGTE,USA,45.5739,-120.2969,12.8,MW,261.328125
25456907,Waste Management King George LFGTE,USA,38.2747,-77.3081,13.2,MW,261.3636363636364
25456866,Waterbury Generation,USA,41.5444,-73.0417,96.0,MW,261.3541666666667
25449201,Wateree,USA,33.8264,-80.6228,771.8,MW,233.3506089660534
25449053,Waterford 1 & 2,USA,29.9989,-90.4768,891.0,MW,0.0
25456678,"Waterford Power, LLC",USA,39.5333,-81.7178,921.6,MW,710.1779513888889
40691929,Waterloo,USA,38.3348,-90.1589,19.0,MW,214.73684210526315
25450070,Waterloo Lundquist,USA,42.5062,-92.3456,18.0,MW,97.27777777777776
25456802,"Waterside Power, LLC",USA,41.0372,-73.5564,69.6,MW,97.2844827586207
25449628,Waters River,USA,42.5429,-70.9283,64.9,MW,0.0
40692396,Water Street Station,USA,43.5828,-83.8967,12.6,MW,261.3492063492064
25449980,Watertown Power Plant,USA,44.9017,-97.1083,67.5,MW,97.28888888888888
25456190,Watson Cogeneration,USA,33.8166,-118.2448,405.0,MW,261.2345679012346
25448943,Waukegan,USA,42.3833,-87.8133,681.7,MW,367.7570778935015
25449944,Waverly Municipal Electric North Plant,USA,42.7317,-92.4711,25.1,MW,168.5258964143426
25449729,Wayne IC,USA,42.2278,-97.0183,20.8,MW,97.2596153846154
25449552,Webster City,USA,42.471,-93.815,21.3,MW,97.27699530516432
25449798,Weleetka,USA,35.3233,-96.1352,110.0,MW,255.36363636363637
25456747,Wellhead Power Panoche,USA,36.6535,-120.5783,56.7,MW,261.37566137566137
25449589,Wellington 1,USA,37.2614,-97.4057,24.0,MW,234.0
25449996,Wellington 2,USA,37.2678,-97.3497,20.0,MW,261.35
41628121,Wells IC,USA,43.7445,-93.7241,7.2,MW,261.38888888888886
25449217,Welsh,USA,33.0552,-94.84,1116.0,MW,287.99283154121866
41628188,Werner,USA,40.4912,-74.281,0.0,MW,0.0
25456956,WE Soda Alkalai LLC,USA,41.6217,-109.8119,27.5,MW,367.6363636363636
25449590,West 14th Street,USA,37.2354,-97.011,11.0,MW,261.3636363636364
25449788,West 41st Street,USA,41.474,-81.7145,32.0,MW,261.34375
25456617,Westbrook Energy Center Power Plant,USA,43.6575,-70.375,563.9,MW,258.55648164568186
25450114,West Campus Cogeneration Facility,USA,43.075,-89.4242,169.3,MW,261.37034849379796
25456986,West Campus Steam Plant,USA,40.7928,-77.8647,5.1,MW,261.37254901960785
25449407,West County Energy Center,USA,26.6986,-80.3747,4263.0,MW,304.71498944405346
25449412,West Deptford Energy Station,USA,39.8414,-75.2214,754.6,MW,7.484760137821362
25456849,Western 102 Power Plant,USA,39.5603,-119.5108,117.6,MW,261.3095238095238
25456981,Western Michigan University Power Plant,USA,42.28,-85.6064,11.7,MW,261.36752136752136
25456427,Western Power & Steam Inc,USA,35.4408,-119.0129,27.7,MW,261.33574007220216
41635950,Western Sugar Coop - Scottsbluff,USA,41.8589,-103.6344,5.3,MW,261.3207547169811
25456927,Westervelt Moundville Cogen,USA,32.9607,-87.6554,13.0,MW,574.6153846153846
25450090,West Gardner,USA,38.7875,-94.9861,408.0,MW,0.0
720590,Westlake Plaquemine,USA,30.26,-91.1848,306.0,MW,261.33986928104576
25449784,West Lorain,USA,41.4294,-82.2644,555.6,MW,3.61411087113031
25449894,West Marinette power complex,USA,45.0869,-87.6886,270.1,MW,10.962606442058496
25449290,Weston,USA,44.8606,-89.6553,1103.4,MW,362.515860068878
721232,Weston RICE,USA,44.8564,-89.654,0.0,MW,0.0
25448887,West Phoenix,USA,33.4417,-112.1583,1207.4,MW,253.85125062116944
25456377,West Point (PA),USA,40.218,-75.2988,71.4,MW,406.0224089635854
25449615,Westport,USA,39.266,-76.6295,0.0,MW,0.0
25457138,West Riverside Energy Center,USA,42.5821,-89.0412,723.2,MW,299.22566371681415
25456472,WestRock Demopolis Mill,USA,32.4541,-87.9759,47.4,MW,574.6835443037976
25456305,Westrock Hodge (LA),USA,32.2752,-92.7277,66.4,MW,574.6987951807229
25456304,WestRock Panama City Mill,USA,30.142,-85.6211,34.0,MW,574.7058823529412
25456387,"WestRock Southeast, LLC.",USA,32.5036,-82.8443,82.1,MW,433.00852618757614
25456165,WestRock (TX),USA,30.3419,-94.0656,57.7,MW,574.6967071057192
25456916,WestRock (WA),USA,47.2661,-122.4283,64.0,MW,574.6875
25455995,WestRock-West Point Mill,USA,37.5392,-76.8053,96.0,MW,574.5833333333334
25457087,Westside Energy Station,USA,44.0405,-92.5555,46.5,MW,261.2903225806452
25449955,West Station (NJ),USA,39.4912,-75.0486,27.0,MW,97.29629629629628
25456698,West Valley Generation Project,USA,40.6667,-112.0317,217.0,MW,9.806451612903226
25457122,West Water Street,USA,41.8809,-71.0927,10.0,MW,97.28
25448953,Westwood Generation LLC,USA,40.6191,-76.45,36.0,MW,218.72222222222223
25456584,Wheatland Generating Facility,USA,38.6716,-87.2931,500.4,MW,2.753796962430056
25449887,Wheaton,USA,44.8854,-91.5158,300.2,MW,203.29780146568956
25456101,Wheelabrator Baltimore Refuse,USA,39.266,-76.6296,64.5,MW,534.2635658914729
25456325,Wheelabrator Bridgeport,USA,41.1625,-73.2083,67.0,MW,534.179104477612
25456318,Wheelabrator Concord Facility,USA,43.2866,-71.5769,14.0,MW,534.2142857142857
25456465,Wheelabrator Falls,USA,40.1626,-74.7682,53.3,MW,534.1463414634146
25449283,Wheelabrator Frackville Energy,USA,40.7824,-76.1762,48.0,MW,367.7083333333333
25456327,Wheelabrator Gloucester LP,USA,39.8733,-75.1381,14.0,MW,534.2142857142857
25456076,Wheelabrator Hudson Falls,USA,43.3056,-73.5914,14.4,MW,534.2361111111111
25456470,Wheelabrator Lisbon,USA,41.5844,-72.0416,14.6,MW,534.2465753424658
25456321,Wheelabrator Millbury Facility,USA,42.2214,-71.7669,47.6,MW,534.2436974789916
25456320,Wheelabrator North Andover,USA,42.7262,-71.1219,40.3,MW,534.2431761786601
41635350,Wheelabrator North Broward,USA,26.2878,-80.1581,0.0,MW,0.0
25456497,Wheelabrator Portsmouth,USA,36.8083,-76.3036,60.0,MW,534.1666666666666
41635407,Wheelabrator Ridge Energy,USA,28.0274,-81.8475,0.0,MW,0.0
25456322,Wheelabrator Saugus,USA,42.447,-70.9804,57.8,MW,534.2560553633218
25456323,Wheelabrator Shasta,USA,40.4283,-122.2792,54.9,MW,574.6812386156648
25456329,Wheelabrator South Broward,USA,26.0691,-80.2042,66.0,MW,534.2424242424242
25456324,Wheelabrator Westchester,USA,41.2771,-73.9423,59.7,MW,534.1708542713568
25449016,Whelan Energy Center,USA,40.5806,-98.3112,324.3,MW,412.8893000308356
25449509,W H Hill,USA,19.7041,-155.0607,37.1,MW,97.277628032345
25448889,White Bluff,USA,34.4216,-92.1378,1800.0,MW,521.5
25449962,Whitehead,USA,40.1817,-111.6203,31.0,MW,261.35483870967744
25449914,Whitehorn,USA,48.8856,-122.7516,169.2,MW,261.34751773049646
25449732,White Lake,USA,43.8476,-71.2066,18.6,MW,97.25806451612902
25456011,White Pine Electric Power,USA,46.7644,-89.5669,0.0,MW,0.0
25456499,Whitewater Generating Station,USA,42.8555,-88.7299,283.5,MW,333.61552028218694
25449179,Whitewater Valley,USA,39.8028,-84.8953,93.9,MW,367.7316293929712
25456603,Whiting Clean Energy,USA,41.6739,-87.4775,576.8,MW,367.37170596393906
25456371,Whiting Refinery,USA,41.6703,-87.4803,52.5,MW,261.33333333333337
25449118,W H Sammis,USA,40.5313,-80.6317,2468.1,MW,370.6494874599895
25449773,W H Weatherspoon,USA,34.588,-78.9739,163.0,MW,97.30061349693251
25448927,W H Zimmer,USA,38.8675,-84.2289,1425.6,MW,233.5858585858586
40698927,Wichita Plant,USA,37.5813,-97.4241,43.7,MW,261.3272311212814
41627210,Widows Creek,USA,34.883,-85.7553,0.0,MW,0.0
25457045,Wildcat Point Generation Facility,USA,39.7194,-76.1616,1113.6,MW,57.82147988505748
25449218,Wilkes,USA,32.8482,-94.548,882.0,MW,23.786848072562357
25448944,Will County,USA,41.6334,-88.0629,897.6,MW,367.6470588235294
25448922,William F Wyman Hybrid,USA,43.7508,-70.1567,846.0,MW,0.0
25449202,Williams,USA,33.0158,-79.9297,713.5,MW,359.63559915907496
25449678,Willmar,USA,45.1217,-95.0532,0.0,MW,0.0
41628024,Willow Glen,USA,30.2743,-91.1164,0.0,MW,0.0
25449661,Wilmarth,USA,44.1967,-94.0009,25.0,MW,534.4
25456695,Wilmington Hydrogen Plant,USA,33.7803,-118.24,31.9,MW,97.27272727272728
25449642,Wilmot,USA,43.4566,-83.1889,13.5,MW,97.25925925925924
25449926,Wilson,USA,33.1377,-81.7483,317.6,MW,97.29219143576826
25456870,Winchester Power Park,USA,30.0248,-96.9933,242.0,MW,4.404958677685951
25449525,Winnetka,USA,42.1156,-87.731,24.0,MW,225.79166666666663
25450116,Winston,USA,28.0278,-82.0164,50.0,MW,97.28
25449553,Winterset,USA,41.3372,-94.0126,13.6,MW,188.97058823529412
25449204,Winyah,USA,33.3295,-79.3575,1275.8,MW,328.73491142812355
50383827,Wisconsin Rapids Pulp Mill,USA,44.3953,-89.826,72.3,MW,574.688796680498
25449374,Wise County Power LLC,USA,33.0599,-97.9095,821.7,MW,351.2230741146404
25456614,Wolf Hills Energy,USA,36.6644,-82.1044,285.0,MW,0.6396491228070175
25457061,Wolf Hollow II,USA,32.3377,-97.7346,1231.2,MW,490.2534113060429
25449342,Wolf Hollow I LP,USA,32.3342,-97.7317,788.4,MW,285.3881278538813
25457105,Wolf Run Energy,USA,41.611,-76.2994,22.0,MW,261.3636363636364
25456744,Wolfskill Energy Center,USA,38.2285,-122.0753,48.0,MW,0.0
25456944,Woodbridge Energy Center,USA,40.515,-74.3189,772.9,MW,290.98201578470696
25449982,Woodland,USA,37.6526,-121.0204,199.0,MW,261.35678391959794
25456142,Woodland Biomass Power Ltd,USA,38.6905,-121.7371,28.0,MW,574.6428571428571
25456095,"Woodland Pulp, LLC",USA,45.1554,-67.4012,49.8,MW,574.6987951807229
25449626,Woodland Road,USA,42.3362,-73.2355,20.4,MW,97.30392156862746
41627393,Wood River,USA,38.8639,-90.1347,0.0,MW,0.0
25449973,Woodsdale,USA,39.4492,-84.4611,571.8,MW,2.032179083595663
25456404,World Generation X,USA,43.0483,-78.8539,65.7,MW,261.3394216133942
25449679,Worthington,USA,43.6335,-95.6092,14.0,MW,97.28571428571428
25456548,Worthington Generation LLC,USA,39.0705,-87.016,242.0,MW,261.3636363636364
41635136,WPS Power Niagara,USA,43.0804,-79.0082,0.0,MW,0.0
712797,Wrangell,USA,56.461,-132.3794,12.0,MW,97.25
25449831,W S Lee,USA,34.6022,-82.435,1117.9,MW,341.2648716343143
25456443,W&T Onshore Treating Facility (OTF),USA,30.432,-88.1824,12.0,MW,261.3333333333333
41628084,Wyandotte,USA,42.2081,-83.1453,34.9,MW,235.9598853868195
25448902,Wygen 1 and Neil Simpson II,USA,44.2859,-105.3833,260.0,MW,530.0
25456824,Wygen 2,USA,44.292,-105.3812,95.0,MW,743.2631578947369
25449426,Wygen III,USA,44.292,-105.3801,116.0,MW,700.1724137931035
25449145,Wyodak,USA,44.2888,-105.385,362.1,MW,516.9842584921292
25449782,Yankee Street,USA,39.603,-84.2047,125.5,MW,261.35458167330677
25449008,Yates,USA,33.4622,-84.8986,807.4,MW,66.18776319048798
25449688,Yazoo,USA,32.8458,-90.4211,29.1,MW,261.340206185567
40699917,Yellowstone County Generating Station,USA,45.6599,-108.7608,0.0,MW,0.0
25456332,Yellowstone Energy LP,USA,45.8107,-108.4283,68.0,MW,97.27941176470588
25456189,York County Resource Recovery,USA,40.0017,-76.7183,36.5,MW,534.2465753424658
25449417,York Energy Center,USA,39.7375,-76.3067,1449.4,MW,374.84476335035185
25456462,York Generation Company LLC,USA,39.9856,-76.6762,52.2,MW,261.30268199233717
25449879,Yorktown,USA,37.2144,-76.4611,882.0,MW,261.33786848072566
25456384,Yuba City Cogen Partners,USA,39.1367,-121.6398,49.9,MW,261.3226452905812
25456735,Yuba City Energy Center,USA,39.139,-121.6378,47.3,MW,261.3107822410148
25449447,Yucca,USA,32.7214,-114.7106,422.4,MW,223.39015151515153
25456463,Yuma Cogeneration Associates,USA,32.7288,-114.6541,62.6,MW,0.0
25449646,Zeeland,USA,42.8067,-86.0558,22.3,MW,261.3452914798206
25449346,Zeeland Generating Station,USA,42.8206,-85.9975,968.2,MW,328.1346829167527
25456804,Zeltmann,USA,40.7889,-73.9069,528.0,MW,398.4848484848485
25456644,Zion Energy Center,USA,42.4776,-87.895,596.7,MW,34.774593598123005
25449594,Zorn,USA,38.2803,-85.7023,18.0,MW,261.3333333333333
41627864,Zuni,USA,39.7373,-105.017,0.0,MW,0.0
