source_name,any_value(e.start_time),iso3_country,sum(e.emissions_quantity),capacity,co2_per_m2
Wade Hampton Census Area,2021-01-01,USA,15790.26319,3371.45,4.6835
Nome Census Area,2021-01-01,USA,23453.065740000002,5145.689,4.5578
Kodiak Island Borough,2021-01-01,USA,31083.692120000003,9427.166,3.2972
Northwest Arctic Borough,2021-01-01,USA,1218.1023699999998,432.878,2.814
Matanuska-Susitna Borough,2021-01-01,USA,351916.72575,126190.342,2.7888
Kenai Peninsula Borough,2021-01-01,USA,261385.24602,122725.55,2.1298
Aleutians East Borough,2021-01-01,USA,13010.16405,7503.501,1.7339
Haines Borough,2021-01-01,USA,30.019890000000004,17.664,1.6995
Skagway-Yakutat-Angoon Census Area,2021-01-01,USA,4413.35374,2693.484,1.6385
Bethel Census Area,2021-01-01,USA,26174.999539999993,17174.321,1.5241
Ketchikan Gateway Borough,2021-01-01,USA,41649.84611,27564.285,1.511
Sitka City and Borough,2021-01-01,USA,24688.42951000001,17462.796,1.4138
Prince of Wales-Outer Ketchi Census Area,2021-01-01,USA,7189.748789999999,5472.324,1.3138
Dillingham Census Area,2021-01-01,USA,7202.488959999999,5664.624,1.2715
Wrangell-Petersburg Census Area,2021-01-01,USA,14878.223930000004,15760.262,0.944
Aleutians West Census Area,2021-01-01,USA,44196.768350000006,52834.237,0.8365
Valdez-Cordova Census Area,2021-01-01,USA,41973.53620999997,51219.471,0.8195
Southeast Fairbanks Census Area,2021-01-01,USA,19958.702760000004,24652.43,0.8096
Denali Borough,2021-01-01,USA,3874.922750000001,5473.521,0.7079
Buffalo County,2021-01-01,USA,4.792490000000002,8.556,0.5601
Martin County,2021-01-01,USA,4308.99562,8077.199,0.5335
Clear Creek County,2021-01-01,USA,12166.931149999999,23357.118,0.5209
Shannon County,2021-01-01,USA,2225.0001599999996,4602.459,0.4834
Gilpin County,2021-01-01,USA,4459.61878,9497.698,0.4695
Todd County,2021-01-01,USA,2154.6081600000007,4640.054,0.4643
Fairbanks North Star Borough,2021-01-01,USA,274679.15959,597976.233,0.4593
Pike County,2021-01-01,USA,39311.54072,88684.295,0.4433
Corson County,2021-01-01,USA,1270.2953,2887.291,0.44
Kings County,2021-01-01,USA,3688102.72702,8446097.989,0.4367
Wheeler County,2021-01-01,USA,3031.99506,7016.344,0.4321
Bronx County,2021-01-01,USA,2205580.6267799996,5139405.956,0.4292
New York County,2021-01-01,USA,3337874.144799999,7870242.108,0.4241
Putnam County,2021-01-01,USA,74625.22234,178074.068,0.4191
Juneau City and Borough,2021-01-01,USA,68383.9969,165648.793,0.4128
Elliott County,2021-01-01,USA,250.38593,613.106,0.4084
Queens County,2021-01-01,USA,3074677.0975299994,7626729.588,0.4031
Knott County,2021-01-01,USA,790.0126300000002,2009.39,0.3932
Rolette County,2021-01-01,USA,9054.817340000001,24525.218,0.3692
Mingo County,2021-01-01,USA,12047.656770000001,32661.779,0.3689
Strafford County,2021-01-01,USA,232523.65363,632124.26,0.3678
Jackson County,2021-01-01,USA,46217.13189999999,130462.975,0.3543
Letcher County,2021-01-01,USA,9111.78757,25731.42,0.3541
Forest County,2021-01-01,USA,11282.63951,32080.43,0.3517
Leslie County,2021-01-01,USA,1369.4666699999993,3908.753,0.3504
San Miguel County,2021-01-01,USA,1202.2542199999998,3432.557,0.3503
Logan County,2021-01-01,USA,24897.920690000003,71954.698,0.346
Tolland County,2021-01-01,USA,178900.17280999993,517423.955,0.3458
Morgan County,2021-01-01,USA,6923.743579999998,20060.551,0.3451
Coos County,2021-01-01,USA,55223.49474999999,160558.84,0.3439
Orange County,2021-01-01,USA,22390.586569999996,65166.699,0.3436
Clay County,2021-01-01,USA,108.09074000000003,314.806,0.3434
McDowell County,2021-01-01,USA,2186.7795300000002,6370.908,0.3432
Lake County,2021-01-01,USA,4370.61869,12772.458,0.3422
Franklin County,2021-01-01,USA,23101.714370000005,68512.077,0.3372
Lake County,2021-01-01,USA,2363.5076200000003,7038.569,0.3358
Essex County,2021-01-01,USA,3793.6651299999994,11308.588,0.3355
Lake of the Woods County,2021-01-01,USA,4677.72309,14046.407,0.333
McCreary County,2021-01-01,USA,2150.4836999999998,6473.028,0.3322
Washington County,2021-01-01,USA,58222.91851999999,178580.172,0.326
Grafton County,2021-01-01,USA,230105.54903,708906.817,0.3246
Summers County,2021-01-01,USA,1552.7653700000005,4794.973,0.3238
Lincoln County,2021-01-01,USA,1988.2178399999996,6164.957,0.3225
Buchanan County,2021-01-01,USA,2450.516960000001,7660.103,0.3199
Chippewa County,2021-01-01,USA,48908.981579999985,152880.989,0.3199
Calhoun County,2021-01-01,USA,986.70546,3094.606,0.3188
Paulding County,2021-01-01,USA,166202.12073,527913.826,0.3148
San Juan County,2021-01-01,USA,87.11867999999996,277.159,0.3143
Polk County,2021-01-01,USA,8558.164080000002,27322.95,0.3132
Teton County,2021-01-01,USA,19148.418320000004,61390.811,0.3119
Marion County,2021-01-01,USA,3304.393260000002,10757.264,0.3072
Orleans County,2021-01-01,USA,38064.54258,124362.604,0.3061
Windham County,2021-01-01,USA,193061.66692999995,638163.518,0.3025
Hampshire County,2021-01-01,USA,304537.2330699999,1014027.835,0.3003
Menominee County,2021-01-01,USA,4945.61832,16525.928,0.2993
Morgan County,2021-01-01,USA,5286.023619999999,17783.554,0.2972
Boone County,2021-01-01,USA,5238.443090000002,17715.884,0.2957
Carbon County,2021-01-01,USA,63657.744479999994,216241.874,0.2944
Floyd County,2021-01-01,USA,8823.05046,30049.69,0.2936
Belknap County,2021-01-01,USA,76653.95509000002,261364.334,0.2933
Pike County,2021-01-01,USA,1356.65508,4628.429,0.2931
Ziebach County,2021-01-01,USA,188.34523999999993,644.378,0.2923
Sullivan County,2021-01-01,USA,45875.85366,157022.081,0.2922
Greene County,2021-01-01,USA,12593.090090000003,43247.278,0.2912
Athens County,2021-01-01,USA,104260.18398999999,358509.801,0.2908
Harlan County,2021-01-01,USA,9143.77431,31521.463,0.2901
Wyoming County,2021-01-01,USA,2468.7448400000003,8527.865,0.2895
Doddridge County,2021-01-01,USA,5172.477840000001,17936.519,0.2884
Cherokee County,2021-01-01,USA,16329.658840000002,56678.752,0.2881
Dickenson County,2021-01-01,USA,1820.2236899999996,6317.143,0.2881
Madison County,2021-01-01,USA,52434.71984,182144.787,0.2879
Clay County,2021-01-01,USA,1959.6559600000007,6828.199,0.287
Jefferson County,2021-01-01,USA,10337.845280000001,36031.73,0.2869
Boise County,2021-01-01,USA,2667.474909999999,9310.786,0.2865
Keweenaw County,2021-01-01,USA,644.0049600000001,2264.505,0.2844
Madison County,2021-01-01,USA,87632.56590999999,308289.256,0.2843
McCormick County,2021-01-01,USA,1584.0761800000002,5583.734,0.2837
Van Buren County,2021-01-01,USA,485.6475000000001,1712.414,0.2836
Lee County,2021-01-01,USA,4879.0107800000005,17203.004,0.2836
Deer Lodge County,2021-01-01,USA,11174.179239999998,39440.896,0.2833
Caledonia County,2021-01-01,USA,42497.55808999999,150006.033,0.2833
Bennington County,2021-01-01,USA,35031.87094,123711.517,0.2832
Leominster Urban Area,2021-01-01,USA,401247.66946000006,1424035.369,0.2818
Teton County,2021-01-01,USA,3490.2696100000003,12426.79,0.2809
Perry County,2021-01-01,USA,15659.046200000003,55773.555,0.2808
Worcester County,2021-01-01,USA,1380573.6164399995,4938104.628,0.2796
Sierra County,2021-01-01,USA,2396.6597699999998,8575.406,0.2795
Johnson County,2021-01-01,USA,13203.333129999997,47270.189,0.2793
Sussex County,2021-01-01,USA,89636.89495000002,322090.672,0.2783
Greene County,2021-01-01,USA,41372.93216999999,148699.401,0.2782
Wayne County,2021-01-01,USA,22936.634970000006,82682.394,0.2774
Windsor County,2021-01-01,USA,70127.47421000001,253167.349,0.277
Pine County,2021-01-01,USA,27826.27247,100482.637,0.2769
Summit County,2021-01-01,USA,63606.88365000001,230015.221,0.2765
Lamar County,2021-01-01,USA,23616.062220000003,85673.146,0.2757
Jefferson County,2021-01-01,USA,51963.23573000002,188907.596,0.2751
Jackson County,2021-01-01,USA,6449.867159999999,23503.087,0.2744
Eagle County,2021-01-01,USA,60807.30783000002,221681.629,0.2743
Taylor County,2021-01-01,USA,4490.86953,16390.942,0.274
Butts County,2021-01-01,USA,35685.36966,130713.374,0.273
Wirt County,2021-01-01,USA,561.1583799999999,2056.862,0.2728
Powhatan County,2021-01-01,USA,34262.272560000005,125719.616,0.2725
Otsego County,2021-01-01,USA,50074.83207,184317.847,0.2717
Dewey County,2021-01-01,USA,1169.02427,4306.084,0.2715
Madison County,2021-01-01,USA,9905.335010000003,36484.164,0.2715
Dutchess County,2021-01-01,USA,450951.8145699998,1676807.364,0.2689
Worcester Urban Area,2021-01-01,USA,883656.0509300001,3287620.271,0.2688
Coosa County,2021-01-01,USA,2294.71321,8557.547,0.2682
Chisago County,2021-01-01,USA,91723.5026,342687.985,0.2677
Warren County,2021-01-01,USA,15175.48867,56711.408,0.2676
Hudson County,2021-01-01,USA,2626068.7971000005,9870205.694,0.2661
Windham County,2021-01-01,USA,59208.15647,222905.192,0.2656
Sullivan County,2021-01-01,USA,56331.5258,212149.312,0.2655
Benzie County,2021-01-01,USA,11957.74982,45055.904,0.2654
Swain County,2021-01-01,USA,8618.44919,32485.103,0.2653
Houghton County,2021-01-01,USA,28443.84345999999,107542.817,0.2645
Wyoming County,2021-01-01,USA,22095.8939,83557.292,0.2644
Morgan County,2021-01-01,USA,9006.4257,34061.893,0.2644
Camden County,2021-01-01,USA,1438.07043,5463.02,0.2632
York County,2021-01-01,USA,286903.5364100001,1091906.155,0.2628
Lawrence County,2021-01-01,USA,8360.886770000001,31821.891,0.2627
Carroll County,2021-01-01,USA,39491.19107999999,150518.276,0.2624
Wilkinson County,2021-01-01,USA,2208.65509,8422.832,0.2622
Jackson County,2021-01-01,USA,674.3363299999999,2578.558,0.2615
Pike County,2021-01-01,USA,44299.68090000001,169607.144,0.2612
Lincoln County,2021-01-01,USA,16962.830869999994,65108.681,0.2605
Sioux County,2021-01-01,USA,230.9319,889.94,0.2595
Monroe County,2021-01-01,USA,275922.27281999995,1064696.293,0.2592
Union County,2021-01-01,USA,8849.37889,34151.998,0.2591
Grand County,2021-01-01,USA,13330.358190000006,51992.481,0.2564
Hickman County,2021-01-01,USA,7146.437050000002,27880.907,0.2563
Jefferson County,2021-01-01,USA,374.40221,1461.858,0.2561
Berkshire County,2021-01-01,USA,226418.26360999997,885049.729,0.2558
Noble County,2021-01-01,USA,12101.073889999998,47423.982,0.2552
Boundary County,2021-01-01,USA,14207.314309999998,55669.932,0.2552
Addison County,2021-01-01,USA,47623.52602,187239.982,0.2543
Tallahatchie County,2021-01-01,USA,3548.95579,13960.298,0.2542
Huntingdon County,2021-01-01,USA,38183.156709999996,150548.254,0.2536
Wayne County,2021-01-01,USA,114935.78622000002,453361.197,0.2535
Barbour County,2021-01-01,USA,3185.1718800000012,12600.835,0.2528
Pickens County,2021-01-01,USA,37086.25401999999,146796.514,0.2526
Dawson County,2021-01-01,USA,57342.31544999998,227313.455,0.2523
Hancock County,2021-01-01,USA,1071.6893299999997,4256.306,0.2518
Cheshire County,2021-01-01,USA,105106.41338999997,417666.467,0.2517
Tioga County,2021-01-01,USA,46731.755240000006,186184.821,0.251
Bristol Bay Borough,2021-01-01,USA,2272.20227,9063.178,0.2507
Mecosta County,2021-01-01,USA,60634.76663999999,241831.196,0.2507
Litchfield County,2021-01-01,USA,163653.32326000003,653058.05,0.2506
Lawrence County,2021-01-01,USA,34762.122760000006,138709.594,0.2506
Lee County,2021-01-01,USA,2467.7663199999997,9858.844,0.2503
Elbert County,2021-01-01,USA,10841.83329,43326.2,0.2502
Anchorage Municipality,2021-01-01,USA,823302.7332000001,3290770.503,0.2502
Franklin County,2021-01-01,USA,88029.40477,352110.828,0.25
Park County,2021-01-01,USA,25173.85164000001,100770.152,0.2498
Edgefield County,2021-01-01,USA,15421.92732,61867.809,0.2493
Wright County,2021-01-01,USA,332732.32933,1335293.541,0.2492
Gogebic County,2021-01-01,USA,14672.39154,58972.206,0.2488
Adams County,2021-01-01,USA,714.3217799999999,2871.98,0.2487
Skamania County,2021-01-01,USA,11184.729439999997,45195.562,0.2475
Calvert County,2021-01-01,USA,174690.16554999995,705707.719,0.2475
Thurston County,2021-01-01,USA,5348.692329999998,21641.946,0.2471
Fauquier County,2021-01-01,USA,67472.83541,273313.609,0.2469
Ashe County,2021-01-01,USA,13834.582129999997,56240.228,0.246
Yancey County,2021-01-01,USA,15940.137819999998,64979.662,0.2453
Pulaski County,2021-01-01,USA,60766.48370999997,247946.939,0.2451
Craig County,2021-01-01,USA,53.92639,220.248,0.2448
Mitchell County,2021-01-01,USA,30967.51101,126685.549,0.2444
Crowley County,2021-01-01,USA,4056.3228299999996,16596.376,0.2444
Washington County,2021-01-01,USA,127739.90487000006,523621.296,0.244
Bamberg County,2021-01-01,USA,5732.16226,23498.597,0.2439
Roscommon County,2021-01-01,USA,14734.56292,60540.38,0.2434
Clay County,2021-01-01,USA,4157.204840000001,17096.19,0.2432
Blaine County,2021-01-01,USA,2779.32684,11435.066,0.2431
Perry County,2021-01-01,USA,9503.47392,39085.634,0.2431
Fayette County,2021-01-01,USA,63005.35413,260177.268,0.2422
Lumpkin County,2021-01-01,USA,45946.59774,189805.591,0.2421
Sublette County,2021-01-01,USA,13078.428639999998,54050.349,0.242
Baraga County,2021-01-01,USA,8863.81412,36666.17,0.2417
Potter County,2021-01-01,USA,15578.065620000003,64445.595,0.2417
Mille Lacs County,2021-01-01,USA,35284.82076999999,145992.702,0.2417
Nashua Urban Area,2021-01-01,USA,380113.03153,1573210.992,0.2416
Jefferson County,2021-01-01,USA,9838.77779,40882.252,0.2407
Lake County,2021-01-01,USA,6127.24784,25472.26,0.2405
Greenlee County,2021-01-01,USA,10396.531599999997,43277.075,0.2402
Braxton County,2021-01-01,USA,7380.62828,30737.623,0.2401
Anchorage Urban Area,2021-01-01,USA,777939.5458299998,3241699.864,0.24
Lamoille County,2021-01-01,USA,27746.067079999993,115634.137,0.2399
Livingston County,2021-01-01,USA,345820.3609300001,1443495.022,0.2396
Charles City County,2021-01-01,USA,4287.597519999999,17905.844,0.2395
Blaine County,2021-01-01,USA,31160.693769999994,130145.01,0.2394
Fluvanna County,2021-01-01,USA,18906.520010000004,79019.373,0.2393
Piscataquis County,2021-01-01,USA,15805.102439999997,66108.846,0.2391
Custer County,2021-01-01,USA,5100.721339999999,21335.793,0.2391
Liberty County,2021-01-01,USA,802.3150199999999,3359.969,0.2388
Hampshire County,2021-01-01,USA,9403.272420000001,39403.934,0.2386
Rockingham County,2021-01-01,USA,663934.7951299999,2794049.212,0.2376
Pamlico County,2021-01-01,USA,2030.1156000000008,8548.879,0.2375
Butte County,2021-01-01,USA,11265.13516,47646.21,0.2364
Mc Kean County,2021-01-01,USA,47567.413420000004,201297.229,0.2363
Grand Isle County,2021-01-01,USA,1723.58602,7320.036,0.2355
Lauderdale County,2021-01-01,USA,63973.544439999976,271622.799,0.2355
Washington County,2021-01-01,USA,16979.62958,72134.937,0.2354
Lincoln County,2021-01-01,USA,2440.4071999999987,10370.64,0.2353
Magoffin County,2021-01-01,USA,3992.5117600000003,16966.381,0.2353
Nelson County,2021-01-01,USA,3426.5869700000003,14570.519,0.2352
Greene County,2021-01-01,USA,6912.672500000001,29422.147,0.2349
Mineral County,2021-01-01,USA,1566.0916400000003,6670.097,0.2348
Benson County,2021-01-01,USA,3652.9000800000003,15563.968,0.2347
Allegany County,2021-01-01,USA,35283.207259999996,150450.023,0.2345
Orange County,2021-01-01,USA,736712.6957500001,3147685.686,0.234
Clifton Forge City Independent City,2021-01-01,USA,5789.048280000003,24749.941,0.2339
Lake Superior,2021-01-01,USA,19478.158129999996,83374.712,0.2336
Saint Mary's County,2021-01-01,USA,115450.65611999999,494227.069,0.2336
Merrimack County,2021-01-01,USA,258042.01392,1106034.999,0.2333
Franklin County,2021-01-01,USA,43171.833559999985,185813.514,0.2323
Clay County,2021-01-01,USA,211582.38257999995,910949.471,0.2323
Webster County,2021-01-01,USA,2483.1414200000004,10700.41,0.2321
Cattaraugus County,2021-01-01,USA,94441.05629999998,407049.364,0.232
Ohio County,2021-01-01,USA,94020.62559999997,405527.634,0.2318
Spencer County,2021-01-01,USA,5412.23111,23410.316,0.2312
Harris County,2021-01-01,USA,16579.33621,71714.758,0.2312
Susquehanna County,2021-01-01,USA,8589.525570000002,37176.237,0.231
Garfield County,2021-01-01,USA,71200.83701000002,308796.033,0.2306
Roane County,2021-01-01,USA,3102.71658,13459.471,0.2305
Nicholas County,2021-01-01,USA,3513.045519999999,15240.742,0.2305
Stafford County,2021-01-01,USA,137987.88151000004,599406.442,0.2302
Rensselaer County,2021-01-01,USA,243780.10751999993,1060173.264,0.2299
Grant Parish,2021-01-01,USA,3999.444080000002,17403.785,0.2298
Albany County,2021-01-01,USA,97783.52282000001,426218.338,0.2294
Tompkins County,2021-01-01,USA,226354.31566000005,987226.657,0.2293
Provo Urban Area,2021-01-01,USA,1674648.8831600007,7304522.306,0.2293
Centre County,2021-01-01,USA,318663.4268499999,1390512.787,0.2292
Perquimans County,2021-01-01,USA,1790.8227000000009,7812.911,0.2292
Tioga County,2021-01-01,USA,30254.81189,131974.265,0.2292
Lassen County,2021-01-01,USA,27804.74659,121526.687,0.2288
Utah County,2021-01-01,USA,1687299.9176100001,7385982.846,0.2284
Long County,2021-01-01,USA,3954.795620000001,17353.496,0.2279
Echols County,2021-01-01,USA,2915.6438,12795.971,0.2279
Cameron County,2021-01-01,USA,8633.82816,37913.567,0.2277
Richmond County,2021-01-01,USA,611674.4736400001,2686492.311,0.2277
Hancock County,2021-01-01,USA,3560.073820000002,15645.901,0.2275
Meade County,2021-01-01,USA,13474.644349999997,59334.638,0.2271
McIntosh County,2021-01-01,USA,8878.37337,39096.833,0.2271
Cortland County,2021-01-01,USA,47566.5431,209449.671,0.2271
State College Urban Area,2021-01-01,USA,300699.78599,1325511.961,0.2269
Lincoln County,2021-01-01,USA,6914.9487899999995,30508.874,0.2267
Westchester County,2021-01-01,USA,1127273.5167299998,4971982.49,0.2267
Cass County,2021-01-01,USA,15115.957150000004,66830.1,0.2262
Yalobusha County,2021-01-01,USA,1933.3927099999999,8546.671,0.2262
Bath County,2021-01-01,USA,2301.0849900000003,10175.347,0.2261
Iron County,2021-01-01,USA,3778.473230000001,16740.889,0.2257
Bennett County,2021-01-01,USA,4811.004959999999,21322.741,0.2256
Warren County,2021-01-01,USA,239240.13570999991,1060972.006,0.2255
Quitman County,2021-01-01,USA,2700.1024799999996,11971.939,0.2255
Brown County,2021-01-01,USA,7247.239659999998,32157.463,0.2254
Lewis County,2021-01-01,USA,3817.8221299999996,16959.232,0.2251
Crockett County,2021-01-01,USA,7045.45884,31389.445,0.2245
Graham County,2021-01-01,USA,9684.899939999996,43170.98,0.2243
Rabun County,2021-01-01,USA,23984.344419999998,106967.344,0.2242
Framingham Urban Area,2021-01-01,USA,538917.61122,2403642.192,0.2242
Belmont County,2021-01-01,USA,86659.88666000002,386792.789,0.224
Presque Isle County,2021-01-01,USA,4376.54126,19534.103,0.224
Meriwether County,2021-01-01,USA,11985.195460000004,53595.903,0.2236
Gilmer County,2021-01-01,USA,16182.517289999998,72537.744,0.2231
White County,2021-01-01,USA,18989.026470000004,85267.565,0.2227
Oxford County,2021-01-01,USA,75267.19619000003,338475.223,0.2224
Livingston County,2021-01-01,USA,58817.50551999999,264569.672,0.2223
Watauga County,2021-01-01,USA,86353.97083,388766.13,0.2221
Manassas Park Independent City,2021-01-01,USA,63018.02279000001,283834.653,0.222
Clarke County,2021-01-01,USA,4218.27665,19008.853,0.2219
Oscoda County,2021-01-01,USA,6726.630280000001,30371.537,0.2215
Crawford County,2021-01-01,USA,8341.590559999999,37684.79,0.2214
Holmes County,2021-01-01,USA,2810.512039999999,12705.494,0.2212
Oldham County,2021-01-01,USA,74745.30854000003,338778.654,0.2206
Grainger County,2021-01-01,USA,13281.865600000001,60260.443,0.2204
Polk County,2021-01-01,USA,7371.014940000001,33530.665,0.2198
Isanti County,2021-01-01,USA,76343.24937000003,347589.926,0.2196
Geauga County,2021-01-01,USA,132285.89556,602437.303,0.2196
Wibaux County,2021-01-01,USA,400.38939999999997,1825.078,0.2194
Lawrence Urban Area,2021-01-01,USA,685322.80466,3125909.139,0.2192
Sherburne County,2021-01-01,USA,242095.50682,1105431.412,0.219
Leelanau County,2021-01-01,USA,6978.034469999999,31868.425,0.219
Vinton County,2021-01-01,USA,5111.986060000001,23369.643,0.2187
Lowell Urban Area,2021-01-01,USA,516053.58475,2360068.215,0.2187
Iron County,2021-01-01,USA,16132.512560000001,73915.657,0.2183
Russell County,2021-01-01,USA,13421.807300000004,61647.672,0.2177
Lake and Peninsula Borough,2021-01-01,USA,114.73840999999997,527.878,0.2174
Venango County,2021-01-01,USA,84248.92129999999,387796.623,0.2173
Philadelphia County,2021-01-01,USA,3126533.413579999,14396553.306,0.2172
Jefferson County,2021-01-01,USA,5090.440899999998,23505.129,0.2166
Delaware County,2021-01-01,USA,40511.76678000001,187096.919,0.2165
Davie County,2021-01-01,USA,83431.15056000001,385542.618,0.2164
Alger County,2021-01-01,USA,7863.874250000002,36356.841,0.2163
Habersham County,2021-01-01,USA,47708.464429999985,220518.309,0.2163
Polk County,2021-01-01,USA,78563.63736000001,363253.429,0.2163
Powell County,2021-01-01,USA,6635.55989,30672.704,0.2163
Wise County,2021-01-01,USA,34402.694030000006,159222.181,0.2161
Island County,2021-01-01,USA,69643.81070999999,322465.037,0.216
District of Columbia District,2021-01-01,USA,1078287.5355600002,4998285.624,0.2157
Chenango County,2021-01-01,USA,25487.863509999996,118277.142,0.2155
Hillsborough County,2021-01-01,USA,653642.2743500001,3034976.559,0.2154
McNairy County,2021-01-01,USA,25394.488819999995,117880.327,0.2154
New London County,2021-01-01,USA,330242.03569999995,1534378.074,0.2152
Johnson County,2021-01-01,USA,18143.9715,84302.632,0.2152
Mineral County,2021-01-01,USA,40724.92145,189287.099,0.2151
Schenectady County,2021-01-01,USA,302431.34407000005,1406554.077,0.215
Hoke County,2021-01-01,USA,33492.89064,155853.13,0.2149
Grant County,2021-01-01,USA,19661.44032,91493.254,0.2149
Orleans County,2021-01-01,USA,31228.779029999998,145292.916,0.2149
Spotsylvania County,2021-01-01,USA,216271.45024000003,1007755.949,0.2146
Rosebud County,2021-01-01,USA,11336.034290000001,52879.449,0.2144
Caswell County,2021-01-01,USA,8500.482829999999,39665.076,0.2143
Norman County,2021-01-01,USA,5549.669720000002,25911.928,0.2142
Reynolds County,2021-01-01,USA,1851.3910499999995,8643.735,0.2142
Ontonagon County,2021-01-01,USA,2670.9427299999998,12473.061,0.2141
Teller County,2021-01-01,USA,22341.7583,104558.454,0.2137
Chouteau County,2021-01-01,USA,3064.7117399999997,14368.725,0.2133
Wayne County,2021-01-01,USA,3888.1506999999997,18254.828,0.213
Tattnall County,2021-01-01,USA,13400.031860000005,62982.715,0.2128
Pierce County,2021-01-01,USA,62127.59043999999,292020.594,0.2128
Carlton County,2021-01-01,USA,76493.42599999999,359875.512,0.2126
Ontario County,2021-01-01,USA,178698.80072000003,841113.437,0.2125
Manassas Independent City,2021-01-01,USA,161263.57278,760645.028,0.212
Madison County,2021-01-01,USA,7044.273969999999,33248.094,0.2119
Forest County,2021-01-01,USA,12046.70072,56837.723,0.2119
Grundy County,2021-01-01,USA,7790.927579999999,36785.209,0.2118
Marquette County,2021-01-01,USA,11058.006500000003,52239.382,0.2117
Taylor County,2021-01-01,USA,3445.145450000001,16282.611,0.2116
Claiborne County,2021-01-01,USA,7456.43739,35260.052,0.2115
New York Urban Area,2021-01-01,USA,35963864.25004,170032906.187,0.2115
Harrison County,2021-01-01,USA,16601.74857,78614.155,0.2112
Garrett County,2021-01-01,USA,24451.261120000006,115936.886,0.2109
Dawson County,2021-01-01,USA,15486.724819999998,73470.481,0.2108
Kent County,2021-01-01,USA,22442.885729999998,106474.04,0.2108
La Salle Parish,2021-01-01,USA,5051.377270000002,23969.551,0.2107
Falls Church Independent City,2021-01-01,USA,28896.062020000005,137429.799,0.2103
Del Norte County,2021-01-01,USA,43104.26738,205419.632,0.2098
Portage County,2021-01-01,USA,310511.0690000001,1482698.234,0.2094
Chittenden County,2021-01-01,USA,365424.19107999996,1745457.06,0.2094
Lanier County,2021-01-01,USA,2382.6110399999993,11382.815,0.2093
Mason County,2021-01-01,USA,49617.24154000001,237175.129,0.2092
Fulton County,2021-01-01,USA,2771.598790000001,13250.84,0.2092
Essex County,2021-01-01,USA,1193323.4254900003,5715791.998,0.2088
Scott County,2021-01-01,USA,24043.762799999993,115209.518,0.2087
Ferry County,2021-01-01,USA,6325.522269999997,30323.862,0.2086
Livingston Parish,2021-01-01,USA,109440.46764000003,524840.496,0.2085
Cherokee County,2021-01-01,USA,139937.69221999997,671110.948,0.2085
Prince William County,2021-01-01,USA,809005.9761399999,3882519.115,0.2084
Queen Anne's County,2021-01-01,USA,51394.945239999994,246969.842,0.2081
Estill County,2021-01-01,USA,2284.2864,11001.909,0.2076
Lunenburg County,2021-01-01,USA,6290.79885,30315.514,0.2075
Shannon County,2021-01-01,USA,268.2569600000001,1293.6,0.2074
Pitkin County,2021-01-01,USA,5319.231890000001,25671.278,0.2072
Sequatchie County,2021-01-01,USA,14607.704429999996,70517.175,0.2072
Barry County,2021-01-01,USA,54071.07762,261096.499,0.2071
Seneca County,2021-01-01,USA,39663.67769999999,191642.621,0.207
Macon County,2021-01-01,USA,23285.132039999997,112505.622,0.207
Avery County,2021-01-01,USA,6952.20971,33624.305,0.2068
Cass County,2021-01-01,USA,65318.04316999999,316248.196,0.2065
Overton County,2021-01-01,USA,19056.62251,92417.035,0.2062
Fentress County,2021-01-01,USA,11122.752730000002,53978.25,0.2061
Clearwater County,2021-01-01,USA,5289.381759999999,25673.961,0.206
Manchester Urban Area,2021-01-01,USA,540506.1032499999,2625313.304,0.2059
Jefferson County,2021-01-01,USA,125509.29781000002,609982.101,0.2058
Caroline County,2021-01-01,USA,44601.15599000001,216757.225,0.2058
Rockland County,2021-01-01,USA,337417.0049200001,1640291.464,0.2057
DeKalb County,2021-01-01,USA,14977.448260000001,72819.985,0.2057
Copiah County,2021-01-01,USA,19969.73249000001,97131.402,0.2056
Roosevelt County,2021-01-01,USA,6421.926390000001,31227.83,0.2056
Greene County,2021-01-01,USA,6424.656069999998,31329.0,0.2051
Middlesex County,2021-01-01,USA,257168.99870999999,1253845.17,0.2051
Bollinger County,2021-01-01,USA,2313.1854000000003,11284.591,0.205
Allegany County,2021-01-01,USA,144224.39999,703746.422,0.2049
Wolfe County,2021-01-01,USA,793.70563,3874.639,0.2048
Beltrami County,2021-01-01,USA,99527.53630999998,486059.002,0.2048
Buckingham County,2021-01-01,USA,4763.469770000001,23275.798,0.2047
Clare County,2021-01-01,USA,36259.59549999999,177182.786,0.2046
Newton County,2021-01-01,USA,305.57524,1493.767,0.2046
Owyhee County,2021-01-01,USA,4342.50519,21246.71,0.2044
Pend Oreille County,2021-01-01,USA,9527.111099999996,46729.462,0.2039
Pendleton County,2021-01-01,USA,32657.168460000004,160185.617,0.2039
San Jacinto County,2021-01-01,USA,5765.3157,28296.585,0.2037
Penobscot County,2021-01-01,USA,351901.87739000004,1728631.531,0.2036
Mathews County,2021-01-01,USA,2619.89931,12881.582,0.2034
Benton County,2021-01-01,USA,124468.90925,611846.399,0.2034
King and Queen County,2021-01-01,USA,972.9221100000001,4786.873,0.2032
Hocking County,2021-01-01,USA,37436.45673000001,184327.118,0.2031
Rappahannock County,2021-01-01,USA,679.4983,3346.756,0.203
Saint Croix County,2021-01-01,USA,248490.9630199999,1225200.935,0.2028
Johnson County,2021-01-01,USA,2257.5266599999995,11134.394,0.2028
New Bedford Urban Area,2021-01-01,USA,357361.2188999999,1763628.095,0.2026
Jones County,2021-01-01,USA,15566.076330000005,76898.982,0.2024
Tuscola County,2021-01-01,USA,36035.27917,178916.627,0.2014
Lake County,2021-01-01,USA,20373.46213,101224.91,0.2013
Edmonson County,2021-01-01,USA,1340.90385,6665.124,0.2012
Kennebec County,2021-01-01,USA,182454.93347999998,906906.771,0.2012
Lewis County,2021-01-01,USA,2567.257079999999,12761.367,0.2012
Crawford County,2021-01-01,USA,93385.88366999998,464654.846,0.201
Meigs County,2021-01-01,USA,5243.135660000002,26086.098,0.201
Monroe County,2021-01-01,USA,705.0245699999999,3511.87,0.2008
Suffolk County,2021-01-01,USA,1395601.2001500002,6973506.885,0.2001
Patrick County,2021-01-01,USA,1794.3410900000001,8973.671,0.2
Cherokee County,2021-01-01,USA,378849.28245999996,1896825.484,0.1997
Fairfax City County,2021-01-01,USA,141062.69210999997,706239.491,0.1997
Plymouth County,2021-01-01,USA,592698.2045199998,2968056.182,0.1997
Prince Edward County,2021-01-01,USA,29323.779519999996,146890.158,0.1996
Williamson County,2021-01-01,USA,897502.8329199997,4495408.133,0.1996
Ionia County,2021-01-01,USA,58797.63923000003,294781.939,0.1995
Floyd County,2021-01-01,USA,3474.3291400000003,17438.31,0.1992
McDowell County,2021-01-01,USA,57458.10495000001,288508.95,0.1992
Hunterdon County,2021-01-01,USA,195547.58191000004,982877.018,0.199
Tipton County,2021-01-01,USA,80326.77787999998,403715.189,0.199
Saint Helena Parish,2021-01-01,USA,1487.34889,7477.8,0.1989
Marlboro County,2021-01-01,USA,38171.36034,192054.676,0.1988
Conejos County,2021-01-01,USA,3570.47309,17973.23,0.1987
Gloucester County,2021-01-01,USA,25248.371970000004,127061.996,0.1987
Tazewell County,2021-01-01,USA,53366.757190000004,268941.435,0.1984
Tate County,2021-01-01,USA,17522.706279999995,88326.445,0.1984
Warren County,2021-01-01,USA,53011.506389999995,267356.937,0.1983
Waterbury Urban Area,2021-01-01,USA,446182.9402099998,2251411.618,0.1982
Yates County,2021-01-01,USA,8175.962600000002,41260.016,0.1982
Columbia County,2021-01-01,USA,49543.81604,250120.766,0.1981
Chester County,2021-01-01,USA,1003045.5624899999,5064114.469,0.1981
Antrim County,2021-01-01,USA,15682.155420000001,79166.593,0.1981
Mariposa County,2021-01-01,USA,4786.756969999999,24181.965,0.1979
Oconee County,2021-01-01,USA,30903.50003,156135.422,0.1979
Juniata County,2021-01-01,USA,19898.95953000001,100748.215,0.1975
Herkimer County,2021-01-01,USA,40214.41343999999,203790.558,0.1973
Albany Urban Area,2021-01-01,USA,1490113.6958799998,7556474.162,0.1972
Loudoun County,2021-01-01,USA,879758.4845600001,4469150.255,0.1969
Franklin County,2021-01-01,USA,9613.633810000003,48832.514,0.1969
Crow Wing County,2021-01-01,USA,107471.54188,546359.671,0.1967
Fort Bend County,2021-01-01,USA,1002642.8347300001,5098356.654,0.1967
Bent County,2021-01-01,USA,3001.96325,15277.041,0.1965
Hawkins County,2021-01-01,USA,86341.05180999999,439333.253,0.1965
Cibola County,2021-01-01,USA,22660.73826,115303.857,0.1965
Knox County,2021-01-01,USA,39795.11105000001,202522.444,0.1965
Kitsap County,2021-01-01,USA,335003.3095300002,1708464.607,0.1961
Hill County,2021-01-01,USA,13572.19878,69234.213,0.196
Schuyler County,2021-01-01,USA,17395.22831,88900.106,0.1957
Lewis County,2021-01-01,USA,9081.83283,46430.375,0.1956
Montcalm County,2021-01-01,USA,61296.669160000005,313947.329,0.1952
Middlesex County,2021-01-01,USA,2991474.3113700007,15332301.251,0.1951
Cannon County,2021-01-01,USA,5671.654510000001,29095.919,0.1949
Sharp County,2021-01-01,USA,8513.776559999998,43683.819,0.1949
Alpine County,2021-01-01,USA,1071.6411599999997,5504.544,0.1947
Decatur County,2021-01-01,USA,7516.068019999998,38647.912,0.1945
Montgomery County,2021-01-01,USA,2050166.01651,10548128.713,0.1944
Lake Michigan,2021-01-01,USA,42810.39273000001,220301.836,0.1943
Gadsden County,2021-01-01,USA,84051.43576999998,432581.085,0.1943
Lewis County,2021-01-01,USA,13032.046180000001,67133.41,0.1941
Burke County,2021-01-01,USA,164190.45941,845696.393,0.1941
Rowan County,2021-01-01,USA,42315.19761000002,218101.601,0.194
Madison County,2021-01-01,USA,1793.0358500000004,9244.886,0.1939
King George County,2021-01-01,USA,43214.954419999995,222918.693,0.1939
Telfair County,2021-01-01,USA,19902.85474,102645.349,0.1939
Fredericksburg Independent City,2021-01-01,USA,83491.05068,430827.797,0.1938
Orange County,2021-01-01,USA,289581.7407099999,1494904.653,0.1937
Lenawee County,2021-01-01,USA,182957.43972999995,944913.176,0.1936
Cecil County,2021-01-01,USA,264328.1652699999,1366244.05,0.1935
Trousdale County,2021-01-01,USA,5005.670369999999,25882.914,0.1934
Bedford County,2021-01-01,USA,44343.24756000001,229575.418,0.1932
Buffalo County,2021-01-01,USA,30325.019449999993,157042.618,0.1931
Calhoun County,2021-01-01,USA,2440.3825300000003,12654.199,0.1929
Lincoln County,2021-01-01,USA,74084.25303,384946.257,0.1925
Perry County,2021-01-01,USA,500.9712300000001,2605.661,0.1923
Hardin County,2021-01-01,USA,882.9760100000001,4590.857,0.1923
McDonald County,2021-01-01,USA,25936.149030000008,134924.693,0.1922
Cook County,2021-01-01,USA,6848.013800000002,35633.557,0.1922
Saint Louis County,2021-01-01,USA,348921.83567999996,1817809.541,0.1919
Yadkin County,2021-01-01,USA,18816.592139999997,98136.807,0.1917
Bath County,2021-01-01,USA,2379.5150300000005,12418.959,0.1916
Marshall County,2021-01-01,USA,6795.970109999999,35462.494,0.1916
Lapeer County,2021-01-01,USA,80064.66614,418303.022,0.1914
Oceana County,2021-01-01,USA,20577.716979999994,107531.282,0.1914
Carroll County,2021-01-01,USA,980.2597100000002,5127.528,0.1912
Montgomery County,2021-01-01,USA,72769.42557999997,380644.604,0.1912
Gunnison County,2021-01-01,USA,14498.500649999998,75834.958,0.1912
Ulster County,2021-01-01,USA,149698.44909,783461.179,0.1911
Breathitt County,2021-01-01,USA,5652.493249999999,29597.371,0.191
Greene County,2021-01-01,USA,30385.683190000007,159246.552,0.1908
Chester County,2021-01-01,USA,13869.600149999998,72687.053,0.1908
Montgomery County,2021-01-01,USA,9912.439359999998,52003.58,0.1906
Alexander County,2021-01-01,USA,23946.794900000008,125687.848,0.1905
Custer County,2021-01-01,USA,1462.0969099999993,7679.913,0.1904
Alcona County,2021-01-01,USA,2431.0040699999995,12780.544,0.1902
Lincoln County,2021-01-01,USA,140602.68853000004,739880.85,0.19
Fairfield County,2021-01-01,USA,166761.02012,878060.801,0.1899
Crook County,2021-01-01,USA,2160.69812,11385.717,0.1898
Springfield Urban Area,2021-01-01,USA,1257894.52252,6628632.471,0.1898
Gallatin County,2021-01-01,USA,271275.27823,1430092.562,0.1897
Barrow County,2021-01-01,USA,254952.59105,1344010.816,0.1897
Ann Arbor Urban Area,2021-01-01,USA,1068967.1407800002,5645247.802,0.1894
Washtenaw County,2021-01-01,USA,1045915.3913700001,5524742.083,0.1893
Columbiana County,2021-01-01,USA,174840.97785999998,924317.065,0.1892
Jerome County,2021-01-01,USA,41868.38096,221299.551,0.1892
Tyrrell County,2021-01-01,USA,855.5191599999999,4523.033,0.1891
Carver County,2021-01-01,USA,195664.09441999995,1035636.099,0.1889
Aroostook County,2021-01-01,USA,112955.14068000003,598308.157,0.1888
Pickens County,2021-01-01,USA,198999.15519999998,1055185.041,0.1886
Carter County,2021-01-01,USA,74603.21414,395855.815,0.1885
Boston Urban Area,2021-01-01,USA,4868828.66687,25872056.358,0.1882
Amherst County,2021-01-01,USA,21840.34122,116232.244,0.1879
Licking County,2021-01-01,USA,355224.8615200001,1890628.59,0.1879
Bristol County,2021-01-01,USA,1071322.43931,5707956.158,0.1877
Iron County,2021-01-01,USA,7625.844200000001,40628.585,0.1877
Nevada County,2021-01-01,USA,69472.91076999997,370049.809,0.1877
Preston County,2021-01-01,USA,6146.248240000001,32806.226,0.1874
Jefferson County,2021-01-01,USA,57777.89076999999,308354.426,0.1874
Bonner County,2021-01-01,USA,52341.05296999998,279706.885,0.1871
Amelia County,2021-01-01,USA,14440.53841,77221.911,0.187
Elmore County,2021-01-01,USA,89283.79755999996,478875.754,0.1864
Torrance County,2021-01-01,USA,7583.756090000002,40727.862,0.1862
Douglas County,2021-01-01,USA,596561.7412699999,3203974.938,0.1862
Madison County,2021-01-01,USA,11376.24728,61135.401,0.1861
Somerset County,2021-01-01,USA,33457.22110999999,179797.66,0.1861
Fremont County,2021-01-01,USA,7620.548359999999,40980.822,0.186
Robertson County,2021-01-01,USA,394.26920000000007,2121.456,0.1858
Kauai County,2021-01-01,USA,38074.90060000001,204936.782,0.1858
Holmes County,2021-01-01,USA,4751.09493,25582.594,0.1857
Towns County,2021-01-01,USA,9513.820309999997,51223.744,0.1857
Louisa County,2021-01-01,USA,36249.44310999999,195261.499,0.1856
Beaufort County,2021-01-01,USA,136535.9888,735628.376,0.1856
Armstrong County,2021-01-01,USA,126156.46274000005,679960.025,0.1855
Burnett County,2021-01-01,USA,18003.513990000003,97241.989,0.1851
Johnson County,2021-01-01,USA,4994.342290000001,26974.694,0.1851
Haywood County,2021-01-01,USA,55093.20292,297876.307,0.185
Morrow County,2021-01-01,USA,55797.00656999998,301768.86,0.1849
Hickory County,2021-01-01,USA,1294.8380399999994,7002.23,0.1849
Marion County,2021-01-01,USA,8186.792539999999,44270.736,0.1849
El Dorado County,2021-01-01,USA,134542.42239,727684.421,0.1849
Christian County,2021-01-01,USA,114485.29600000002,619620.366,0.1848
Albany County,2021-01-01,USA,811430.8239,4395178.69,0.1846
Wilson County,2021-01-01,USA,20504.80746,111157.515,0.1845
Brown County,2021-01-01,USA,28844.47962000001,156312.82,0.1845
Sweet Grass County,2021-01-01,USA,1532.74001,8316.316,0.1843
Carter County,2021-01-01,USA,762.64787,4139.172,0.1843
Hubbard County,2021-01-01,USA,28936.961199999998,157088.351,0.1842
Starr County,2021-01-01,USA,21579.074060000006,117147.934,0.1842
Ritchie County,2021-01-01,USA,3857.8529199999984,20959.218,0.1841
West Chester Urban Area,2021-01-01,USA,645779.0528,3511246.001,0.1839
Shoshone County,2021-01-01,USA,15378.938190000003,83667.8,0.1838
Fairfax County,2021-01-01,USA,2364703.7736300007,12864948.12,0.1838
Treutlen County,2021-01-01,USA,2113.8403099999996,11501.471,0.1838
Beaverhead County,2021-01-01,USA,9477.838329999999,51584.669,0.1837
Greene County,2021-01-01,USA,17654.200510000006,96104.488,0.1837
Saratoga County,2021-01-01,USA,391319.46241000004,2131412.034,0.1836
Shiawassee County,2021-01-01,USA,82700.33948000001,450672.754,0.1835
Middlesex County,2021-01-01,USA,3654.96206,19930.242,0.1834
Charlton County,2021-01-01,USA,6033.484839999998,32891.746,0.1834
Clay County,2021-01-01,USA,330.6718799999998,1805.04,0.1832
Valley County,2021-01-01,USA,5230.76666,28581.455,0.183
Lafayette County,2021-01-01,USA,2309.131799999999,12616.023,0.183
Schoharie County,2021-01-01,USA,22296.88866,121863.29,0.183
Brockton Urban Area,2021-01-01,USA,585069.8886999999,3196775.604,0.183
Fallon County,2021-01-01,USA,2709.071389999999,14806.295,0.183
Oswego County,2021-01-01,USA,169752.85064,928921.598,0.1827
Pasquotank County,2021-01-01,USA,52065.06982999997,285305.461,0.1825
Granite County,2021-01-01,USA,3336.15516,18284.834,0.1825
Willacy County,2021-01-01,USA,6471.856199999999,35482.296,0.1824
Washington D.C. Urban Area,2021-01-01,USA,11939324.920169998,65443912.672,0.1824
Bracken County,2021-01-01,USA,3165.7457900000004,17363.217,0.1823
Granville County,2021-01-01,USA,69469.66212,381047.952,0.1823
Gilchrist County,2021-01-01,USA,25376.669799999992,139253.596,0.1822
Caldwell County,2021-01-01,USA,153460.06495000003,842247.76,0.1822
Jones County,2021-01-01,USA,2193.6306599999994,12041.044,0.1822
Jasper County,2021-01-01,USA,18793.61395,103217.818,0.1821
Colleton County,2021-01-01,USA,21290.808730000004,117019.716,0.1819
Jefferson County,2021-01-01,USA,7421.036519999997,40825.065,0.1818
Lincoln County,2021-01-01,USA,12419.39119,68317.572,0.1818
Hardeman County,2021-01-01,USA,38771.58561999999,213495.547,0.1816
Oregon County,2021-01-01,USA,3480.8526899999997,19181.643,0.1815
Ouray County,2021-01-01,USA,3845.7963800000007,21190.286,0.1815
Prairie County,2021-01-01,USA,582.2681600000001,3210.874,0.1813
Steuben County,2021-01-01,USA,168745.88819,931334.748,0.1812
Binghamton Urban Area,2021-01-01,USA,331242.9499300001,1827748.851,0.1812
Park County,2021-01-01,USA,17007.92002,93872.675,0.1812
Androscoggin County,2021-01-01,USA,246177.15242000006,1359584.984,0.1811
Broome County,2021-01-01,USA,330726.74159999995,1826963.05,0.181
Dawes County,2021-01-01,USA,7698.767360000001,42560.965,0.1809
Passaic County,2021-01-01,USA,832855.6684499999,4603334.487,0.1809
Hartford Urban Area,2021-01-01,USA,2070674.4753299998,11449688.591,0.1808
Morrison County,2021-01-01,USA,31240.80976,172872.656,0.1807
Reading Urban Area,2021-01-01,USA,1040236.5968700001,5758964.449,0.1806
El Paso County,2021-01-01,USA,1461414.2704999996,8095541.495,0.1805
Kittson County,2021-01-01,USA,10067.922270000003,55804.787,0.1804
Carroll County,2021-01-01,USA,16649.91973,92298.119,0.1804
Surry County,2021-01-01,USA,120362.61922,667295.825,0.1804
Essex County,2021-01-01,USA,1589312.9795500003,8817097.249,0.1803
Brantley County,2021-01-01,USA,7624.240639999999,42287.616,0.1803
Colorado Springs Urban Area,2021-01-01,USA,1449796.10381,8039561.657,0.1803
Claiborne County,2021-01-01,USA,50039.905499999986,277964.705,0.18
Isabella County,2021-01-01,USA,190723.4258799999,1060357.773,0.1799
Ripley County,2021-01-01,USA,7541.723,41948.854,0.1798
Waldo County,2021-01-01,USA,33034.67779,183866.448,0.1797
Goochland County,2021-01-01,USA,16556.413899999996,92174.998,0.1796
Alexandria Independent City,2021-01-01,USA,343834.13791999995,1914911.786,0.1796
Hancock County,2021-01-01,USA,205560.37571000005,1144721.893,0.1796
Campbell County,2021-01-01,USA,37306.46816,207809.447,0.1795
Wayne County,2021-01-01,USA,23034.5934,128395.735,0.1794
Montgomery County,2021-01-01,USA,863896.81245,4816838.622,0.1793
Adair County,2021-01-01,USA,18353.16381999999,102415.023,0.1792
Cambria County,2021-01-01,USA,156428.57353999998,873403.214,0.1791
Allentown Urban Area,2021-01-01,USA,2589287.5161099997,14466353.344,0.179
Bland County,2021-01-01,USA,2691.7833099999993,15043.605,0.1789
Bastrop County,2021-01-01,USA,50338.49001000002,281605.192,0.1788
Lincoln County,2021-01-01,USA,5063.771779999998,28318.372,0.1788
Oconee County,2021-01-01,USA,116517.27491000001,652243.53,0.1786
Texas County,2021-01-01,USA,18204.948040000003,101929.601,0.1786
Owen County,2021-01-01,USA,4372.50154,24511.626,0.1784
Tooele County,2021-01-01,USA,64952.34440999999,364197.591,0.1783
Walton County,2021-01-01,USA,167449.79593000002,939836.35,0.1782
Roberts County,2021-01-01,USA,9695.051159999999,54393.492,0.1782
Rutherford County,2021-01-01,USA,123023.19618999999,690706.742,0.1781
Hood River County,2021-01-01,USA,39051.76948999999,219387.009,0.178
Adams County,2021-01-01,USA,130215.89676999999,731500.483,0.178
Starke County,2021-01-01,USA,19840.82231999999,111552.912,0.1779
Fayette County,2021-01-01,USA,127220.88986999998,715286.036,0.1779
Madera Urban Area,2021-01-01,USA,106864.08685,600587.115,0.1779
Tyler County,2021-01-01,USA,8763.278029999998,49330.841,0.1776
Morris County,2021-01-01,USA,915331.6366799999,5154257.508,0.1776
Hampton County,2021-01-01,USA,15989.72209,90358.238,0.177
Todd County,2021-01-01,USA,27419.112730000004,155037.665,0.1769
Koochiching County,2021-01-01,USA,45774.766970000004,258873.143,0.1768
San Francisco County,2021-01-01,USA,1502211.6264500006,8502583.069,0.1767
Whitley County,2021-01-01,USA,23202.351319999998,131326.488,0.1767
Arenac County,2021-01-01,USA,8939.759730000002,50626.439,0.1766
Union County,2021-01-01,USA,1558363.9014199995,8823833.864,0.1766
Medina County,2021-01-01,USA,248926.04528000002,1410273.866,0.1765
Sullivan County,2021-01-01,USA,323.9105100000001,1835.29,0.1765
Lawrence County,2021-01-01,USA,82405.31779000002,466986.646,0.1765
Norfolk County,2021-01-01,USA,1225943.2998199996,6954317.933,0.1763
Watsonville Urban Area,2021-01-01,USA,209163.89378999994,1187071.178,0.1762
Clinton County,2021-01-01,USA,96206.13504000002,546604.87,0.176
Osceola County,2021-01-01,USA,23637.87361000001,134309.277,0.176
Hartford County,2021-01-01,USA,1839930.5849400004,10459047.963,0.1759
Oglethorpe County,2021-01-01,USA,11090.151349999996,63068.848,0.1758
Prince George's County,2021-01-01,USA,2283877.4157400005,12995978.647,0.1757
Perry County,2021-01-01,USA,7964.91738,45338.516,0.1757
Berks County,2021-01-01,USA,878895.0329399998,5003053.275,0.1757
Jackson County,2021-01-01,USA,293809.66783,1672005.705,0.1757
Big Horn County,2021-01-01,USA,6532.946870000003,37211.864,0.1756
Concho County,2021-01-01,USA,1482.0381300000004,8439.473,0.1756
Oneida County,2021-01-01,USA,368470.42189000006,2099167.393,0.1755
Montmorency County,2021-01-01,USA,2038.1261800000002,11611.462,0.1755
Union County,2021-01-01,USA,52176.410950000005,297265.019,0.1755
Schuyler County,2021-01-01,USA,1020.08094,5813.167,0.1755
Austin Urban Area,2021-01-01,USA,3701566.71052,21092961.35,0.1755
Cleveland County,2021-01-01,USA,215633.14205,1229131.97,0.1754
Saint Francis County,2021-01-01,USA,35330.418170000004,201406.5,0.1754
Portland Urban Area,2021-01-01,USA,604160.9482200001,3448309.503,0.1752
Montgomery County,2021-01-01,USA,1581477.2172999997,9029030.69,0.1752
Eddy County,2021-01-01,USA,1250.5360899999996,7143.634,0.1751
Ravalli County,2021-01-01,USA,22479.8878,128554.453,0.1749
Polk County,2021-01-01,USA,58052.48001000001,332187.516,0.1748
Transylvania County,2021-01-01,USA,15750.617150000004,90131.718,0.1748
Orange County,2021-01-01,USA,38632.20048000001,221137.226,0.1747
Butler County,2021-01-01,USA,387781.1096699999,2220493.389,0.1746
Gibson County,2021-01-01,USA,61914.51386000002,355159.404,0.1743
Tucker County,2021-01-01,USA,4818.383970000001,27636.707,0.1743
Claiborne Parish,2021-01-01,USA,5492.875959999999,31538.496,0.1742
Pennington County,2021-01-01,USA,47235.97547999999,271226.985,0.1742
Clermont County,2021-01-01,USA,280087.75827,1607431.091,0.1742
Fairfield County,2021-01-01,USA,31917.083820000007,183317.994,0.1741
Macon County,2021-01-01,USA,28756.62113,165189.475,0.1741
Arlington County,2021-01-01,USA,417956.33937000006,2401045.222,0.1741
Columbia County,2021-01-01,USA,126431.92243999998,726013.739,0.1741
Indiana County,2021-01-01,USA,112145.88000000002,644684.654,0.174
Rochester Urban Area,2021-01-01,USA,1663779.8721500004,9568246.376,0.1739
Sanborn County,2021-01-01,USA,1324.1039500000004,7617.986,0.1738
Catahoula Parish,2021-01-01,USA,2600.46796,14959.862,0.1738
Harnett County,2021-01-01,USA,122889.51126000001,707664.763,0.1737
Berrien County,2021-01-01,USA,270797.37459,1559242.433,0.1737
Utica Urban Area,2021-01-01,USA,339188.32159,1954383.077,0.1736
Appomattox County,2021-01-01,USA,9126.94746,52583.666,0.1736
Faulk County,2021-01-01,USA,1338.2072,7711.978,0.1735
Delaware County,2021-01-01,USA,408252.51555,2353262.434,0.1735
Henderson County,2021-01-01,USA,38444.50682999999,221667.354,0.1734
Cumberland County,2021-01-01,USA,600915.2019000001,3475190.602,0.1729
Catoosa County,2021-01-01,USA,118301.88353,684324.19,0.1729
Washington County,2021-01-01,USA,344827.3958999999,1993826.232,0.1729
Kanabec County,2021-01-01,USA,11146.109780000004,64509.133,0.1728
Newaygo County,2021-01-01,USA,41501.56998999999,240333.732,0.1727
Clark County,2021-01-01,USA,215465.86044000002,1247440.927,0.1727
Van Buren County,2021-01-01,USA,8649.072720000002,50068.672,0.1727
Amite County,2021-01-01,USA,5258.0650000000005,30455.378,0.1726
Pope County,2021-01-01,USA,7966.236470000002,46151.154,0.1726
Sanders County,2021-01-01,USA,3900.4376199999997,22596.672,0.1726
Washington County,2021-01-01,USA,596928.5585500002,3459778.555,0.1725
Silver Bow County,2021-01-01,USA,41911.4783,243103.221,0.1724
Wilkin County,2021-01-01,USA,12632.4333,73272.095,0.1724
Lincoln County,2021-01-01,USA,13755.573480000003,79847.737,0.1723
Franklin County,2021-01-01,USA,69624.40812000001,404073.737,0.1723
Union County,2021-01-01,USA,2284.952929999999,13266.623,0.1722
Franklin County,2021-01-01,USA,3906.5209400000012,22697.522,0.1721
Decatur County,2021-01-01,USA,7929.96834,46081.4,0.1721
Walker County,2021-01-01,USA,84072.50580000003,488554.814,0.1721
Brunswick County,2021-01-01,USA,8693.492779999999,50548.737,0.172
Jefferson County,2021-01-01,USA,59938.316320000005,348538.376,0.172
Northampton County,2021-01-01,USA,987810.8452399997,5747043.713,0.1719
Pemiscot County,2021-01-01,USA,16382.135039999997,95380.003,0.1718
Van Buren County,2021-01-01,USA,117847.56694,685831.571,0.1718
Scioto County,2021-01-01,USA,114301.74455999998,665484.457,0.1718
Iosco County,2021-01-01,USA,16340.168559999995,95139.271,0.1717
Cassia County,2021-01-01,USA,27415.39512,159761.121,0.1716
Izard County,2021-01-01,USA,7198.2082900000005,41974.577,0.1715
Clarendon County,2021-01-01,USA,9394.81687,54803.563,0.1714
Ohio County,2021-01-01,USA,5759.56184,33627.198,0.1713
Chicot County,2021-01-01,USA,8126.131610000001,47426.583,0.1713
Anoka County,2021-01-01,USA,843386.75053,4922722.517,0.1713
Carroll County,2021-01-01,USA,289683.9945199999,1694420.742,0.171
Somerset County,2021-01-01,USA,69207.28248000002,404779.53,0.171
Travis County,2021-01-01,USA,2559346.6214199997,14976689.109,0.1709
Simpson County,2021-01-01,USA,20025.82094999999,117270.292,0.1708
Ashland County,2021-01-01,USA,40663.694169999995,238041.778,0.1708
Carroll County,2021-01-01,USA,215541.18688000005,1262050.774,0.1708
Norton Independent City,2021-01-01,USA,13141.11555,76951.005,0.1708
Wakulla County,2021-01-01,USA,15039.459509999995,88058.302,0.1708
Jefferson Davis County,2021-01-01,USA,5278.20109,30943.602,0.1706
Champaign County,2021-01-01,USA,48506.97311999999,284691.372,0.1704
Nicollet County,2021-01-01,USA,117810.68078000001,692243.132,0.1702
Syracuse Urban Area,2021-01-01,USA,1169192.9742700001,6869147.245,0.1702
Pennington County,2021-01-01,USA,222565.03551000002,1307319.727,0.1702
Fargo Urban Area,2021-01-01,USA,935141.3522400002,5498530.823,0.1701
Lewis County,2021-01-01,USA,14207.496840000003,83537.403,0.1701
Grand Forks County,2021-01-01,USA,306304.32558999996,1803165.646,0.1699
Fulton County,2021-01-01,USA,73232.04607000001,431220.515,0.1698
Clay County,2021-01-01,USA,38622.15514999999,227557.582,0.1697
Adams County,2021-01-01,USA,10929.12746,64459.705,0.1695
Mahnomen County,2021-01-01,USA,8478.497220000001,50057.687,0.1694
Lebanon County,2021-01-01,USA,285252.78419999994,1684307.434,0.1694
Genesee County,2021-01-01,USA,72582.01136,428478.961,0.1694
Nottoway County,2021-01-01,USA,16263.446719999996,96067.421,0.1693
Bannock County,2021-01-01,USA,240571.35417,1423350.679,0.169
Dooly County,2021-01-01,USA,13269.207630000004,78603.969,0.1688
Benton County,2021-01-01,USA,9771.769700000004,57884.263,0.1688
Moore County,2021-01-01,USA,89808.80144000002,532328.809,0.1687
Onondaga County,2021-01-01,USA,1043224.63668,6196508.494,0.1684
Kendall County,2021-01-01,USA,395361.2455800001,2349794.756,0.1683
Bucks County,2021-01-01,USA,1236606.9776,7346053.166,0.1683
Bergen County,2021-01-01,USA,1962409.3316900004,11661115.49,0.1683
New Kent County,2021-01-01,USA,10055.544460000003,59857.486,0.168
Bayfield County,2021-01-01,USA,12611.48035,75064.852,0.168
Holmes County,2021-01-01,USA,35107.51694999999,209070.04,0.1679
Wayne County,2021-01-01,USA,26502.27729,157964.98,0.1678
Brule County,2021-01-01,USA,6977.477249999999,41583.041,0.1678
Minidoka County,2021-01-01,USA,36629.49089999998,218309.782,0.1678
Monroe County,2021-01-01,USA,1491625.8375000001,8892513.442,0.1677
McClain County,2021-01-01,USA,82838.91135999998,494339.676,0.1676
Sawyer County,2021-01-01,USA,36025.568439999995,214982.516,0.1676
Santa Cruz County,2021-01-01,USA,515398.63018000004,3080174.086,0.1673
Schuylkill County,2021-01-01,USA,305294.5983099998,1824835.947,0.1673
Ozark County,2021-01-01,USA,1509.6157200000002,9025.586,0.1673
Montgomery County,2021-01-01,USA,1704.0441399999997,10190.319,0.1672
Johnston County,2021-01-01,USA,221417.37458999993,1324493.902,0.1672
Saint Clair County,2021-01-01,USA,136508.72789999997,816334.745,0.1672
Pike County,2021-01-01,USA,6335.848560000001,37929.318,0.167
Guernsey County,2021-01-01,USA,56986.30365000001,341381.077,0.1669
Garrard County,2021-01-01,USA,4463.195640000001,26768.924,0.1667
Lyon County,2021-01-01,USA,7832.420289999999,47004.602,0.1666
Sabine Parish,2021-01-01,USA,9482.8059,56945.147,0.1665
Somerset County,2021-01-01,USA,667574.47383,4012397.425,0.1664
Polk County,2021-01-01,USA,33439.00615000001,200971.162,0.1664
Hampden County,2021-01-01,USA,829782.19402,4990031.41,0.1663
Saint Lawrence County,2021-01-01,USA,171339.07726,1030207.165,0.1663
Stillwater County,2021-01-01,USA,5068.3501099999985,30492.369,0.1662
Missaukee County,2021-01-01,USA,9890.66031,59509.575,0.1662
Union County,2021-01-01,USA,4714.135159999999,28404.04,0.166
Duluth Urban Area,2021-01-01,USA,374561.2309800001,2256227.834,0.166
Washakie County,2021-01-01,USA,9501.63706,57245.324,0.166
Bullock County,2021-01-01,USA,10483.820290000001,63177.281,0.1659
Rice County,2021-01-01,USA,159700.33867,963064.115,0.1658
Scott County,2021-01-01,USA,421705.66147000005,2545053.708,0.1657
Bledsoe County,2021-01-01,USA,5407.030610000001,32625.848,0.1657
Saint Cloud Urban Area,2021-01-01,USA,502701.02318,3037504.852,0.1655
Bradford County,2021-01-01,USA,66644.79434,402930.106,0.1654
Big Stone County,2021-01-01,USA,7530.497370000003,45540.794,0.1654
Winona County,2021-01-01,USA,188834.27899000002,1141346.084,0.1654
Washington County,2021-01-01,USA,86187.14660000002,521320.945,0.1653
Stone County,2021-01-01,USA,6504.265329999997,39359.849,0.1653
Juneau County,2021-01-01,USA,59157.41914000002,357950.886,0.1653
Gratiot County,2021-01-01,USA,65026.53256,393538.298,0.1652
Stevens County,2021-01-01,USA,16251.067179999998,98432.637,0.1651
Lincoln County,2021-01-01,USA,10786.701979999998,65402.762,0.1649
Clinton County,2021-01-01,USA,19295.52927,116978.103,0.1649
Dakota County,2021-01-01,USA,78930.24457000001,479058.147,0.1648
Haralson County,2021-01-01,USA,43759.37957,265496.766,0.1648
Flathead County,2021-01-01,USA,174456.37266000002,1059463.341,0.1647
Stewart County,2021-01-01,USA,1312.9261199999996,7972.899,0.1647
Mercer County,2021-01-01,USA,889724.1895999999,5406222.957,0.1646
Schley County,2021-01-01,USA,10481.919430000002,63710.514,0.1645
Drew County,2021-01-01,USA,29248.90235999999,177761.909,0.1645
Henderson County,2021-01-01,USA,151158.20637000003,919216.45,0.1644
Mower County,2021-01-01,USA,91708.04513000003,557831.864,0.1644
Sibley County,2021-01-01,USA,8212.47638,49979.461,0.1643
Albemarle County,2021-01-01,USA,106689.3758,649877.379,0.1642
Bleckley County,2021-01-01,USA,17404.708130000006,105980.023,0.1642
Daggett County,2021-01-01,USA,102.27515,623.063,0.1641
Marquette County,2021-01-01,USA,160657.13787,979510.599,0.164
Real County,2021-01-01,USA,121.24913999999998,739.238,0.164
Fannin County,2021-01-01,USA,22019.40315,134395.477,0.1638
Okanogan County,2021-01-01,USA,68005.58505000001,415281.705,0.1638
Sevier County,2021-01-01,USA,11550.714420000002,70513.581,0.1638
Walthall County,2021-01-01,USA,4747.23391,29002.3,0.1637
Worth County,2021-01-01,USA,17208.987110000002,105314.218,0.1634
New Haven County,2021-01-01,USA,1446749.0702199999,8853675.197,0.1634
Quitman County,2021-01-01,USA,485.76493999999997,2973.471,0.1634
Le Sueur County,2021-01-01,USA,36250.38779000001,222017.59,0.1633
Gaston County,2021-01-01,USA,386096.8697500001,2364250.7,0.1633
Costilla County,2021-01-01,USA,873.41037,5351.75,0.1632
Lancaster County,2021-01-01,USA,80058.11653999994,490411.905,0.1632
White County,2021-01-01,USA,28469.026069999996,174406.905,0.1632
Evans County,2021-01-01,USA,15789.051920000002,96727.397,0.1632
Bellingham Urban Area,2021-01-01,USA,422358.24392999994,2587822.16,0.1632
Leavenworth County,2021-01-01,USA,141867.77837,869952.436,0.1631
Searcy County,2021-01-01,USA,1533.9278199999997,9405.252,0.1631
Chippewa County,2021-01-01,USA,190193.18495,1166650.395,0.163
Crawford County,2021-01-01,USA,29441.38723,180666.941,0.163
Marion County,2021-01-01,USA,47788.916450000004,293364.085,0.1629
Glacier County,2021-01-01,USA,19078.136119999996,117142.279,0.1629
Stephens County,2021-01-01,USA,35635.85266999999,219001.145,0.1627
Idaho Falls Urban Area,2021-01-01,USA,331233.92780999996,2035364.469,0.1627
Mifflin County,2021-01-01,USA,130938.40457999996,804919.11,0.1627
Nassau County,2021-01-01,USA,2695975.7557700006,16583599.556,0.1626
Warren County,2021-01-01,USA,55936.08219999999,344626.286,0.1623
Pickett County,2021-01-01,USA,2293.11834,14140.475,0.1622
Snyder County,2021-01-01,USA,62605.19284,385908.711,0.1622
Pawnee County,2021-01-01,USA,7305.50448,45077.644,0.1621
Madison County,2021-01-01,USA,5366.3243,33104.653,0.1621
Freeborn County,2021-01-01,USA,91481.47203999998,564714.404,0.162
Johnston County,2021-01-01,USA,3509.320010000001,21660.976,0.162
Washington County,2021-01-01,USA,349173.78608000005,2156295.271,0.1619
Lancaster County,2021-01-01,USA,3159.737299999999,19516.058,0.1619
Webster County,2021-01-01,USA,1487.4331099999997,9188.455,0.1619
Schoolcraft County,2021-01-01,USA,10314.62334,63753.231,0.1618
Coryell County,2021-01-01,USA,71501.70115,441987.726,0.1618
Philadelphia Urban Area,2021-01-01,USA,12804208.248960003,79195199.512,0.1617
Manistee County,2021-01-01,USA,42738.80416,264347.642,0.1617
Rockcastle County,2021-01-01,USA,2584.057610000001,15982.938,0.1617
Brooke County,2021-01-01,USA,84691.70465000003,524043.541,0.1616
Medina County,2021-01-01,USA,30130.317869999988,186439.404,0.1616
Jefferson County,2021-01-01,USA,25094.519320000003,155325.182,0.1616
Allen County,2021-01-01,USA,13658.611459999996,84564.844,0.1615
Plumas County,2021-01-01,USA,8791.04671,54454.8,0.1614
Tuolumne County,2021-01-01,USA,40890.54452000001,253614.719,0.1612
Coweta County,2021-01-01,USA,238956.84948000003,1482039.326,0.1612
Saint Francois County,2021-01-01,USA,70548.83207999996,437574.473,0.1612
Rochester Urban Area,2021-01-01,USA,608306.89713,3775406.358,0.1611
Levy County,2021-01-01,USA,16758.82273000001,104121.732,0.161
Moffat County,2021-01-01,USA,24677.490569999994,153288.465,0.161
Charles County,2021-01-01,USA,210676.82189999995,1309195.624,0.1609
Alleghany County,2021-01-01,USA,15087.298840000003,93805.134,0.1608
Montgomery County,2021-01-01,USA,218011.13396000012,1355590.954,0.1608
Loup County,2021-01-01,USA,166.13963999999999,1033.454,0.1608
Wagoner County,2021-01-01,USA,72838.35662,453133.925,0.1607
Montgomery County,2021-01-01,USA,40519.61395000001,252202.172,0.1607
Scotland County,2021-01-01,USA,60288.20089000001,375152.95,0.1607
Delaware County,2021-01-01,USA,27598.630729999997,171869.304,0.1606
Polk County,2021-01-01,USA,112251.02757,699308.437,0.1605
Carroll County,2021-01-01,USA,25992.340750000003,161950.27,0.1605
Union County,2021-01-01,USA,79575.03778,495720.176,0.1605
Anderson County,2021-01-01,USA,27818.944199999994,173397.211,0.1604
Mercer County,2021-01-01,USA,73019.88192,455204.455,0.1604
Caldwell County,2021-01-01,USA,23151.722120000002,144467.577,0.1603
Washington County,2021-01-01,USA,291642.50739999994,1819849.622,0.1603
Olmsted County,2021-01-01,USA,583170.4569199999,3638522.746,0.1603
Bonneville County,2021-01-01,USA,321441.89869,2006671.17,0.1602
Greeley Urban Area,2021-01-01,USA,326233.30126,2036919.589,0.1602
Chattooga County,2021-01-01,USA,35204.03653,219701.888,0.1602
Hancock County,2021-01-01,USA,167614.83558999997,1047565.6,0.16
Monmouth County,2021-01-01,USA,784943.8798000002,4906711.174,0.16
Iredell County,2021-01-01,USA,361517.90929,2260591.944,0.1599
Carter County,2021-01-01,USA,16081.006019999999,100620.473,0.1598
Webster County,2021-01-01,USA,8749.956419999997,54800.536,0.1597
Lincoln County,2021-01-01,USA,173791.41962,1087996.959,0.1597
Inyo County,2021-01-01,USA,16151.329529999995,101126.933,0.1597
Lancaster County,2021-01-01,USA,1176563.4319000002,7371868.445,0.1596
Worth County,2021-01-01,USA,1375.0406799999994,8614.722,0.1596
Columbia County,2021-01-01,USA,102119.28767,640080.376,0.1595
Meigs County,2021-01-01,USA,4916.304299999999,30815.078,0.1595
Adams County,2021-01-01,USA,18255.091190000006,114692.987,0.1592
Muskegon County,2021-01-01,USA,375686.9372599999,2360770.186,0.1591
Greene County,2021-01-01,USA,16064.630859999997,100946.696,0.1591
Lake County,2021-01-01,USA,20252.1552,127398.768,0.159
Johnson County,2021-01-01,USA,107385.68337000003,675339.954,0.159
Newport County,2021-01-01,USA,93074.69511999999,585507.729,0.159
Imperial County,2021-01-01,USA,219485.12154,1381659.942,0.1589
Douglas County,2021-01-01,USA,77088.61492000002,485286.321,0.1589
Newton County,2021-01-01,USA,13767.493289999995,86661.44,0.1589
Hardee County,2021-01-01,USA,15569.936770000002,97986.397,0.1589
Red Lake County,2021-01-01,USA,15313.29158,96451.353,0.1588
Kalawao County,2021-01-01,USA,41.276599999999995,260.158,0.1587
De Kalb County,2021-01-01,USA,15989.87711,100803.363,0.1586
Union County,2021-01-01,USA,59658.939119999995,376323.684,0.1585
Benton County,2021-01-01,USA,161835.33086000002,1020796.891,0.1585
Santa Cruz Urban Area,2021-01-01,USA,320804.97422,2025018.846,0.1584
Highland County,2021-01-01,USA,33973.898239999995,214676.008,0.1583
Franklin County,2021-01-01,USA,61657.487180000004,389845.297,0.1582
Banks County,2021-01-01,USA,16417.519279999997,103795.543,0.1582
Providence Urban Area,2021-01-01,USA,3431209.01644,21687978.112,0.1582
Chowan County,2021-01-01,USA,14016.318669999995,88609.424,0.1582
Rich County,2021-01-01,USA,173.99694000000005,1100.481,0.1581
Cass County,2021-01-01,USA,154599.3992,977722.778,0.1581
Latah County,2021-01-01,USA,59010.22527999999,373275.16,0.1581
Miami County,2021-01-01,USA,33784.40225,213831.343,0.158
Washburn County,2021-01-01,USA,35169.963480000006,222586.216,0.158
Itasca County,2021-01-01,USA,65309.239289999976,413462.262,0.158
Northumberland County,2021-01-01,USA,160712.45794000002,1017827.37,0.1579
Shenandoah County,2021-01-01,USA,57697.078659999985,365446.339,0.1579
Grant County,2021-01-01,USA,5125.4276199999995,32465.876,0.1579
Yuba County,2021-01-01,USA,72991.28933,462386.806,0.1579
Perry County,2021-01-01,USA,5190.492009999999,32901.006,0.1578
Madison Urban Area,2021-01-01,USA,2038953.7005500006,12925257.16,0.1577
Frontier County,2021-01-01,USA,3051.70438,19354.111,0.1577
Macon County,2021-01-01,USA,27444.714219999998,174065.793,0.1577
Hancock County,2021-01-01,USA,54899.881219999996,348398.437,0.1576
Saint Joseph County,2021-01-01,USA,113796.76355999998,722090.356,0.1576
Upshur County,2021-01-01,USA,16221.617880000002,103020.363,0.1575
Roseau County,2021-01-01,USA,40560.39649999999,257537.953,0.1575
Muskingum County,2021-01-01,USA,152508.03792000003,968002.231,0.1575
Dane County,2021-01-01,USA,1968277.8604,12499945.099,0.1575
Waushara County,2021-01-01,USA,31918.118179999994,202777.362,0.1574
Pike County,2021-01-01,USA,22054.721949999996,140092.045,0.1574
Emmet County,2021-01-01,USA,47177.068500000016,299868.027,0.1573
Minneapolis [Saint Paul] Urban Area,2021-01-01,USA,8902014.746289996,56644862.167,0.1572
Pearl River County,2021-01-01,USA,41722.53185000001,265386.704,0.1572
Westmoreland County,2021-01-01,USA,504602.19141999993,3208977.279,0.1572
Kent County,2021-01-01,USA,345087.5615199999,2196454.44,0.1571
Stearns County,2021-01-01,USA,431773.69908999995,2747657.59,0.1571
Hillsdale County,2021-01-01,USA,66534.12194999999,423474.74,0.1571
Rutland County,2021-01-01,USA,84322.23135999998,536603.738,0.1571
Clinton County,2021-01-01,USA,89907.90792999999,572775.773,0.157
Frederick County,2021-01-01,USA,464436.92369999987,2958291.293,0.157
Greenbrier County,2021-01-01,USA,17548.228959999997,111922.933,0.1568
Berkeley County,2021-01-01,USA,220070.18162000005,1403064.708,0.1568
Houston County,2021-01-01,USA,792.9948999999999,5057.049,0.1568
Peach County,2021-01-01,USA,55074.82407,351267.386,0.1568
Cass County,2021-01-01,USA,758189.68902,4838546.818,0.1567
Sagadahoc County,2021-01-01,USA,40073.608140000004,255704.551,0.1567
Hemet Urban Area,2021-01-01,USA,188439.21013000002,1202746.414,0.1567
Bedford City County,2021-01-01,USA,15993.344530000002,102034.999,0.1567
Hinsdale County,2021-01-01,USA,111.04916999999998,709.32,0.1566
Preble County,2021-01-01,USA,36194.54299999999,231279.486,0.1565
Clinton County,2021-01-01,USA,155175.76416,991737.658,0.1565
Logan County,2021-01-01,USA,817.10223,5225.11,0.1564
Humboldt County,2021-01-01,USA,187933.61855999994,1202254.965,0.1563
Custer County,2021-01-01,USA,1716.1525300000005,10977.127,0.1563
Raleigh County,2021-01-01,USA,67692.25293999998,433320.796,0.1562
McHenry County,2021-01-01,USA,625010.1394999999,4007407.465,0.156
Morgan County,2021-01-01,USA,83755.37883999999,536728.716,0.156
Chautauqua County,2021-01-01,USA,171086.02443999998,1097416.294,0.1559
Murray County,2021-01-01,USA,114115.43324,732017.527,0.1559
Sharkey County,2021-01-01,USA,973.0043300000003,6246.487,0.1558
Fayette County,2021-01-01,USA,288196.6292699999,1849619.387,0.1558
Summit County,2021-01-01,USA,23627.544100000006,151672.407,0.1558
Coconino County,2021-01-01,USA,265189.0093699999,1704602.292,0.1556
Stone County,2021-01-01,USA,13512.760360000002,86900.082,0.1555
Siskiyou County,2021-01-01,USA,30780.5636,198017.064,0.1554
Fairfield County,2021-01-01,USA,1177283.18446,7574378.429,0.1554
Lehigh County,2021-01-01,USA,910450.4025099998,5864182.888,0.1553
Cocke County,2021-01-01,USA,35183.32361000001,226537.054,0.1553
Madison County,2021-01-01,USA,14874.259229999994,95798.709,0.1553
Essex County,2021-01-01,USA,16436.639649999997,105936.051,0.1552
Clay County,2021-01-01,USA,9237.326440000003,59534.62,0.1552
Charlotte County,2021-01-01,USA,4891.075650000001,31511.818,0.1552
Logan County,2021-01-01,USA,35031.30936999999,225692.017,0.1552
Warren County,2021-01-01,USA,65572.43147,422390.116,0.1552
Calhoun County,2021-01-01,USA,304075.49452000007,1959875.927,0.1552
Nowata County,2021-01-01,USA,6182.17821,39857.104,0.1551
Blount County,2021-01-01,USA,24639.23785,158857.39,0.1551
Akron Urban Area,2021-01-01,USA,1130062.3431599997,7285181.47,0.1551
Trinity County,2021-01-01,USA,5458.303690000001,35221.353,0.155
Morgan County,2021-01-01,USA,9014.99131,58177.099,0.155
Jefferson County,2021-01-01,USA,25274.084339999998,163057.649,0.155
Pepin County,2021-01-01,USA,11775.883749999997,75999.012,0.1549
Franklin County,2021-01-01,USA,37794.90898999998,244092.04,0.1548
Charlottesville Independent City,2021-01-01,USA,197464.42190000002,1275200.264,0.1548
McAllen Urban Area,2021-01-01,USA,956407.2046400001,6177530.748,0.1548
Clearfield County,2021-01-01,USA,106425.29823999997,688090.591,0.1547
Richland County,2021-01-01,USA,11490.494680000002,74283.137,0.1547
Ramsey County,2021-01-01,USA,1444507.5346499996,9344878.162,0.1546
Frederick Urban Area,2021-01-01,USA,459707.23469000024,2973261.422,0.1546
Putnam County,2021-01-01,USA,53193.46160000001,344519.366,0.1544
Montezuma County,2021-01-01,USA,12636.103229999997,81910.704,0.1543
Chesterfield County,2021-01-01,USA,61078.21088,395803.724,0.1543
Greenup County,2021-01-01,USA,65278.49673000001,423265.647,0.1542
Forsyth County,2021-01-01,USA,414194.89109999995,2691624.688,0.1539
Maries County,2021-01-01,USA,3933.4437300000004,25558.558,0.1539
Franklin County,2021-01-01,USA,186708.85759,1213183.833,0.1539
Arapahoe County,2021-01-01,USA,1404919.5917699996,9140811.955,0.1537
Westmoreland County,2021-01-01,USA,5142.707010000001,33477.814,0.1536
George County,2021-01-01,USA,13198.034780000002,85934.587,0.1536
Red River Parish,2021-01-01,USA,6471.704250000001,42170.824,0.1535
Scott County,2021-01-01,USA,20601.78661,134233.736,0.1535
Union County,2021-01-01,USA,16743.58385,109049.271,0.1535
Lee County,2021-01-01,USA,15336.764900000002,100007.272,0.1534
Dallas County,2021-01-01,USA,14229.41386,92835.909,0.1533
Waukegan Urban Area,2021-01-01,USA,1462251.0402399998,9544046.115,0.1532
Larimer County,2021-01-01,USA,726807.5416900002,4746031.47,0.1531
Archuleta County,2021-01-01,USA,5340.106700000001,34913.372,0.153
Hidalgo County,2021-01-01,USA,968663.2928300002,6332204.29,0.153
Moore County,2021-01-01,USA,2368.4377200000004,15477.985,0.153
Chesterfield County,2021-01-01,USA,711863.0854,4652572.339,0.153
Grand Traverse County,2021-01-01,USA,200685.93681999994,1312462.924,0.1529
Rio Arriba County,2021-01-01,USA,19737.595179999993,129122.096,0.1529
Barron County,2021-01-01,USA,123772.30483999998,809753.45,0.1529
Menominee County,2021-01-01,USA,36497.380730000004,238665.688,0.1529
Fremont County,2021-01-01,USA,63850.58612,417576.289,0.1529
Lincoln County,2021-01-01,USA,75378.71952,493134.992,0.1529
Williamsburg County,2021-01-01,USA,26169.05923999999,171182.336,0.1529
Olympia Urban Area,2021-01-01,USA,521781.27878000017,3415451.391,0.1528
Eau Claire County,2021-01-01,USA,291202.02746000007,1905924.801,0.1528
Cayuga County,2021-01-01,USA,81065.47257,530601.71,0.1528
Wake County,2021-01-01,USA,2138690.7688200003,14005308.872,0.1527
Lawrence County,2021-01-01,USA,11050.162089999996,72378.128,0.1527
Wabasha County,2021-01-01,USA,59814.61991999998,391993.836,0.1526
Raleigh Urban Area,2021-01-01,USA,3178081.2491300013,20842636.469,0.1525
Cheyenne Urban Area,2021-01-01,USA,147543.24849000003,967577.083,0.1525
Thurston County,2021-01-01,USA,533177.28663,3497420.62,0.1524
York County,2021-01-01,USA,543783.7600600002,3567632.466,0.1524
Washington County,2021-01-01,USA,68386.05256,448950.685,0.1523
Lancaster Urban Area,2021-01-01,USA,969711.9311300003,6365626.666,0.1523
Ashtabula County,2021-01-01,USA,119208.5783,782578.384,0.1523
Caroline County,2021-01-01,USA,95144.88402,625518.731,0.1521
Calaveras County,2021-01-01,USA,10964.159680000002,72062.917,0.1521
Lynchburg Independent City,2021-01-01,USA,223374.03793999998,1469869.81,0.152
Richland County,2021-01-01,USA,27122.400409999995,178482.663,0.152
Onslow County,2021-01-01,USA,155852.20192000002,1025146.746,0.152
Greene County,2021-01-01,USA,217099.39927999995,1428657.669,0.152
Benton County,2021-01-01,USA,13465.408709999998,88641.967,0.1519
Pushmataha County,2021-01-01,USA,2497.0219700000002,16436.545,0.1519
Providence County,2021-01-01,USA,1697956.4236599996,11184143.638,0.1518
Randolph County,2021-01-01,USA,12684.857029999997,83553.146,0.1518
Gem County,2021-01-01,USA,18813.157110000004,123995.37,0.1517
Davis County,2021-01-01,USA,697157.8691300002,4595327.729,0.1517
Monroe County,2021-01-01,USA,60699.739779999996,400165.046,0.1517
Bond County,2021-01-01,USA,13765.906029999996,90733.741,0.1517
Carlisle County,2021-01-01,USA,479.74775,3163.878,0.1516
Vance County,2021-01-01,USA,90176.60127,594885.378,0.1516
Glades County,2021-01-01,USA,3687.7345199999995,24324.77,0.1516
Bridgeport Urban Area,2021-01-01,USA,1671151.79638,11021077.796,0.1516
Sioux County,2021-01-01,USA,120.45866000000002,795.198,0.1515
Green Lake County,2021-01-01,USA,37634.672430000006,248597.477,0.1514
Pierce County,2021-01-01,USA,9487.318070000001,62656.524,0.1514
Callaway County,2021-01-01,USA,65458.8774,432724.767,0.1513
Flint Urban Area,2021-01-01,USA,786735.7490599998,5201300.99,0.1513
Cherokee County,2021-01-01,USA,42872.138479999994,283542.87,0.1512
Cheatham County,2021-01-01,USA,59670.62270000002,394594.963,0.1512
Clinton County,2021-01-01,USA,4171.022699999999,27585.038,0.1512
Toole County,2021-01-01,USA,11809.062159999998,78102.619,0.1512
Dearborn County,2021-01-01,USA,92223.60624000002,610253.239,0.1511
Stokes County,2021-01-01,USA,65780.8828,435393.915,0.1511
Wheatland County,2021-01-01,USA,1201.1277599999999,7948.354,0.1511
Rockdale County,2021-01-01,USA,301165.02719,1994490.261,0.151
Henry County,2021-01-01,USA,68289.09854,452638.516,0.1509
Duplin County,2021-01-01,USA,52859.88527000001,350217.134,0.1509
Rockbridge County,2021-01-01,USA,18585.881860000005,123155.199,0.1509
Jackson County,2021-01-01,USA,29394.56577999999,194785.221,0.1509
Jefferson County,2021-01-01,USA,176320.67578,1168708.154,0.1509
Radford Independent City,2021-01-01,USA,20353.648729999994,134840.458,0.1509
Clallam County,2021-01-01,USA,83885.8933,556359.331,0.1508
Attala County,2021-01-01,USA,19918.64657,132260.866,0.1506
Alamosa County,2021-01-01,USA,25301.367209999997,168026.709,0.1506
Anderson County,2021-01-01,USA,386916.11986999994,2569152.641,0.1506
Montrose County,2021-01-01,USA,58665.794269999984,389804.436,0.1505
Lee County,2021-01-01,USA,8020.771129999998,53310.171,0.1505
Fort Collins Urban Area,2021-01-01,USA,476133.20840000006,3163537.792,0.1505
Uinta County,2021-01-01,USA,23251.391299999996,154517.974,0.1505
Jackson County,2021-01-01,USA,1577.2770100000005,10482.976,0.1505
Jefferson County,2021-01-01,USA,179027.86978999994,1189667.9,0.1505
Loveland Urban Area,2021-01-01,USA,230561.69118999998,1532797.48,0.1504
Calhoun County,2021-01-01,USA,10430.487519999999,69335.778,0.1504
Culpeper County,2021-01-01,USA,55269.537189999995,367808.323,0.1503
Cook County,2021-01-01,USA,15052546.50117,100127041.947,0.1503
Conecuh County,2021-01-01,USA,7061.524480000001,46988.438,0.1503
Cleburne County,2021-01-01,USA,11902.855119999998,79248.513,0.1502
Sumter County,2021-01-01,USA,7522.406619999999,50190.936,0.1499
Owen County,2021-01-01,USA,7902.329420000001,52740.396,0.1498
Webster County,2021-01-01,USA,36960.79854000002,246726.543,0.1498
Metcalfe County,2021-01-01,USA,5012.402729999998,33493.813,0.1497
Crawford County,2021-01-01,USA,23677.641030000003,158237.198,0.1496
Lewis and Clark County,2021-01-01,USA,164615.39120999997,1100330.447,0.1496
Goodhue County,2021-01-01,USA,120967.93327000004,808801.38,0.1496
Chilton County,2021-01-01,USA,51158.10066999999,342244.464,0.1495
Morehouse Parish,2021-01-01,USA,29602.08761,198021.696,0.1495
Campbell County,2021-01-01,USA,83082.28297000001,556465.566,0.1493
Spalding County,2021-01-01,USA,110357.44456000002,738975.931,0.1493
Chaffee County,2021-01-01,USA,19366.62655,129822.021,0.1492
Mecklenburg County,2021-01-01,USA,35109.34403999999,235516.317,0.1491
East Carroll Parish,2021-01-01,USA,6208.839950000001,41642.214,0.1491
Monroe County,2021-01-01,USA,25323.6556,170006.214,0.149
Laurel County,2021-01-01,USA,95041.02655000002,638344.356,0.1489
Genesee County,2021-01-01,USA,716699.5870799999,4813313.775,0.1489
Saint Clair County,2021-01-01,USA,3323.813799999998,22321.619,0.1489
Bedford County,2021-01-01,USA,50629.705789999985,340028.993,0.1489
Cooper County,2021-01-01,USA,21093.28101,141794.885,0.1488
Ogden Urban Area,2021-01-01,USA,1265732.74695,8506466.541,0.1488
Grant County,2021-01-01,USA,6115.222270000002,41085.985,0.1488
Lawrence County,2021-01-01,USA,143189.41543000002,962164.102,0.1488
Erie County,2021-01-01,USA,429599.08489000006,2889869.042,0.1487
Bexar County,2021-01-01,USA,3832219.8842800003,25766436.669,0.1487
Kandiyohi County,2021-01-01,USA,117045.30146999999,786872.688,0.1487
Johnson County,2021-01-01,USA,250057.40250999999,1683136.234,0.1486
Wayne County,2021-01-01,USA,164325.68399999998,1106111.279,0.1486
Fulton County,2021-01-01,USA,19173.446369999994,129062.695,0.1486
Salinas Urban Area,2021-01-01,USA,594813.6231699998,4005173.299,0.1485
Lake County,2021-01-01,USA,7930.1804,53426.808,0.1484
Clarion County,2021-01-01,USA,66534.77116000002,448275.841,0.1484
Benewah County,2021-01-01,USA,12233.150510000003,82407.083,0.1484
Broadwater County,2021-01-01,USA,5621.21136,37902.715,0.1483
Wabaunsee County,2021-01-01,USA,2576.21026,17387.475,0.1482
Wicomico County,2021-01-01,USA,217723.57915000006,1469076.819,0.1482
Golden Valley County,2021-01-01,USA,139.19065999999998,939.394,0.1482
Otter Tail County,2021-01-01,USA,104560.68021000002,706000.261,0.1481
Ocean County,2021-01-01,USA,595152.2941400001,4018025.249,0.1481
Chase County,2021-01-01,USA,947.8343699999999,6401.378,0.1481
Dodge County,2021-01-01,USA,17752.462509999998,119968.868,0.148
Meagher County,2021-01-01,USA,1074.89572,7261.891,0.148
Dallas County,2021-01-01,USA,7088.574789999999,47938.663,0.1479
Atlantic County,2021-01-01,USA,369382.0013,2496921.139,0.1479
Weakley County,2021-01-01,USA,70299.07746000001,475258.685,0.1479
Winston County,2021-01-01,USA,19147.641939999998,129481.476,0.1479
Washington County,2021-01-01,USA,354852.57700000005,2402489.333,0.1477
Iowa County,2021-01-01,USA,41360.21455,280116.092,0.1477
Accomack County,2021-01-01,USA,31282.30773,211725.066,0.1477
Grant County,2021-01-01,USA,49.496809999999996,335.34,0.1476
New Castle County,2021-01-01,USA,1531231.2903200004,10374961.824,0.1476
Union County,2021-01-01,USA,370610.95395000005,2510563.378,0.1476
Gladwin County,2021-01-01,USA,13245.867269999997,89740.904,0.1476
Erie Urban Area,2021-01-01,USA,423339.69097000005,2870554.498,0.1475
Dallas County,2021-01-01,USA,183962.55404,1247875.744,0.1474
Concordia Parish,2021-01-01,USA,15663.279719999999,106275.994,0.1474
Madera County,2021-01-01,USA,200055.18186999997,1358066.279,0.1473
Ramsey County,2021-01-01,USA,33976.32755999999,230744.996,0.1472
Snohomish County,2021-01-01,USA,1469216.8080199999,9984260.337,0.1472
Henry County,2021-01-01,USA,15330.0556,104134.327,0.1472
Wilkes-Barre Urban Area,2021-01-01,USA,496617.30489,3377036.341,0.1471
Isle of Wight County,2021-01-01,USA,65871.02526,447926.829,0.1471
Robertson County,2021-01-01,USA,112279.57391,764390.888,0.1469
Robeson County,2021-01-01,USA,162678.99002,1107506.672,0.1469
Camden County,2021-01-01,USA,31578.341590000004,214988.537,0.1469
Jefferson County,2021-01-01,USA,52025.27794000001,354297.524,0.1468
Broomfield City and County,2021-01-01,USA,168943.61135,1151145.07,0.1468
Dunn County,2021-01-01,USA,136686.88147000002,931913.144,0.1467
Mendocino County,2021-01-01,USA,74086.03111000003,504851.44,0.1467
Wheeler County,2021-01-01,USA,190.06288,1296.1,0.1466
Grant County,2021-01-01,USA,1001.8289199999998,6832.38,0.1466
Pierce County,2021-01-01,USA,28411.501050000006,193898.763,0.1465
Kootenai County,2021-01-01,USA,227581.94428,1554476.919,0.1464
Laurens County,2021-01-01,USA,157558.29736000006,1075935.66,0.1464
Monroe County,2021-01-01,USA,327232.00833000004,2236953.544,0.1463
Unicoi County,2021-01-01,USA,22683.31789,155010.452,0.1463
Perry County,2021-01-01,USA,26313.000529999998,179798.135,0.1463
Missoula County,2021-01-01,USA,294705.8024299999,2016079.231,0.1462
Davis Urban Area,2021-01-01,USA,232650.65803000002,1590964.102,0.1462
Andrew County,2021-01-01,USA,18629.59537,127443.775,0.1462
Burt County,2021-01-01,USA,6210.035389999999,42491.965,0.1461
Stone County,2021-01-01,USA,25312.027860000002,173242.728,0.1461
Hamilton County,2021-01-01,USA,804.7090900000002,5506.366,0.1461
Weld County,2021-01-01,USA,630809.41617,4320503.276,0.146
Lee County,2021-01-01,USA,117564.61068000001,804989.346,0.146
Randolph County,2021-01-01,USA,5563.159459999998,38107.155,0.146
Sequoyah County,2021-01-01,USA,20616.649240000002,141271.137,0.1459
Walker County,2021-01-01,USA,79046.38729999999,542965.012,0.1456
Yankton County,2021-01-01,USA,69146.92855999999,474977.704,0.1456
Monterey County,2021-01-01,USA,1024481.2804299999,7036894.347,0.1456
Camden County,2021-01-01,USA,1127662.68357,7757766.725,0.1454
Wadena County,2021-01-01,USA,26581.374279999996,182983.628,0.1453
Newton County,2021-01-01,USA,185999.58655,1280068.476,0.1453
Upson County,2021-01-01,USA,33383.40122,229704.765,0.1453
Pender County,2021-01-01,USA,35032.92447000001,241291.818,0.1452
Trinity County,2021-01-01,USA,11623.147320000005,80074.994,0.1452
Monongalia County,2021-01-01,USA,149185.47712999996,1027997.453,0.1451
Dale County,2021-01-01,USA,40240.24798,277339.507,0.1451
Oneida County,2021-01-01,USA,78364.04596999999,540107.318,0.1451
Porterville Urban Area,2021-01-01,USA,116548.17273000003,803971.524,0.145
Ward County,2021-01-01,USA,174223.15709000002,1202514.448,0.1449
Lake Ontario,2021-01-01,USA,70461.43589999997,486298.213,0.1449
Cleburne County,2021-01-01,USA,17581.922899999998,121431.661,0.1448
Pittsylvania County,2021-01-01,USA,45543.98668,314524.629,0.1448
Jefferson County,2021-01-01,USA,2341.67029,16169.349,0.1448
Cleveland County,2021-01-01,USA,4102.30668,28324.444,0.1448
Powell County,2021-01-01,USA,7262.517069999999,50183.533,0.1447
Franklin County,2021-01-01,USA,19573.066920000005,135341.177,0.1446
Hennepin County,2021-01-01,USA,3298017.0318299993,22804770.517,0.1446
Dorchester County,2021-01-01,USA,123961.35712000002,857895.426,0.1445
Augusta County,2021-01-01,USA,103825.95637999996,718448.008,0.1445
Meeker County,2021-01-01,USA,31015.192170000006,214655.598,0.1445
Chambers County,2021-01-01,USA,56900.834769999994,393927.579,0.1444
James City County,2021-01-01,USA,209069.01299999995,1448157.174,0.1444
Hooker County,2021-01-01,USA,1499.2397099999998,10382.954,0.1444
Hagerstown Urban Area,2021-01-01,USA,628909.2883300001,4358446.824,0.1443
Pacific County,2021-01-01,USA,16601.492140000006,115078.56,0.1443
Hays County,2021-01-01,USA,239376.58087999996,1658357.205,0.1443
Woodford County,2021-01-01,USA,41992.798900000016,291217.502,0.1442
Aitkin County,2021-01-01,USA,25058.235009999993,173845.77,0.1441
Carbon County,2021-01-01,USA,5065.066770000001,35146.704,0.1441
Ottawa County,2021-01-01,USA,646047.0510600001,4487371.432,0.144
Las Animas County,2021-01-01,USA,14004.821510000002,97262.91,0.144
Allegan County,2021-01-01,USA,194469.32717,1350555.139,0.144
Smith County,2021-01-01,USA,22058.44809,153277.876,0.1439
Dade County,2021-01-01,USA,28860.577119999994,200628.73,0.1439
Johnson County,2021-01-01,USA,34501.1046,239761.679,0.1439
Columbus Urban Area,2021-01-01,USA,5754311.502800002,39990865.083,0.1439
Douglas County,2021-01-01,USA,433666.12591000006,3015690.002,0.1438
Trigg County,2021-01-01,USA,12072.71115,83932.528,0.1438
Knox County,2021-01-01,USA,13219.15107,91980.232,0.1437
Bulloch County,2021-01-01,USA,121590.62822000001,846363.472,0.1437
San Antonio Urban Area,2021-01-01,USA,4347088.44864,30252787.476,0.1437
Sheridan County,2021-01-01,USA,1892.9643699999995,13180.126,0.1436
Delaware County,2021-01-01,USA,910617.91404,6343118.375,0.1436
Morgan County,2021-01-01,USA,5390.683669999999,37537.015,0.1436
Warren County,2021-01-01,USA,75579.07156999999,527077.729,0.1434
Morton County,2021-01-01,USA,111875.9598,781162.261,0.1432
Poinsett County,2021-01-01,USA,28843.795889999998,201361.125,0.1432
Giles County,2021-01-01,USA,28394.605090000005,198268.428,0.1432
Burleigh County,2021-01-01,USA,247887.54867000002,1732143.011,0.1431
San Juan County,2021-01-01,USA,6997.285450000002,48892.405,0.1431
Oconto County,2021-01-01,USA,45184.33094,315842.87,0.1431
Rowan County,2021-01-01,USA,243282.20179000005,1701290.131,0.143
Adair County,2021-01-01,USA,51691.68804999999,361382.054,0.143
Clearwater County,2021-01-01,USA,14815.69401,103689.895,0.1429
Larue County,2021-01-01,USA,4449.93819,31137.655,0.1429
Baldwin County,2021-01-01,USA,80574.70801000002,563859.663,0.1429
Blue Earth County,2021-01-01,USA,223361.8158,1564049.857,0.1428
Calhoun County,2021-01-01,USA,3286.3395200000004,23019.405,0.1428
Harford County,2021-01-01,USA,519375.63730000023,3637275.738,0.1428
Johnson County,2021-01-01,USA,2092.4358300000004,14664.916,0.1427
Kittitas County,2021-01-01,USA,94499.93558,662430.019,0.1427
Bismarck Urban Area,2021-01-01,USA,344316.35714,2414700.389,0.1426
Jackson County,2021-01-01,USA,936.6484400000002,6566.978,0.1426
Barnes County,2021-01-01,USA,26702.129869999997,187297.437,0.1426
Franklin County,2021-01-01,USA,20686.82961,145034.757,0.1426
Cabarrus County,2021-01-01,USA,405520.73768,2845325.296,0.1425
Greensville County,2021-01-01,USA,5365.696470000001,37692.779,0.1424
Marshall County,2021-01-01,USA,89732.95858000002,630083.443,0.1424
Mercer County,2021-01-01,USA,196467.60418000002,1379391.605,0.1424
Longmont Urban Area,2021-01-01,USA,285540.1915799999,2007159.063,0.1423
Gooding County,2021-01-01,USA,15269.88109,107270.215,0.1423
Whitman County,2021-01-01,USA,114510.81893999994,804726.659,0.1423
Henry County,2021-01-01,USA,42042.68352999999,295674.773,0.1422
Bremer County,2021-01-01,USA,33001.056110000005,232059.55,0.1422
Abbeville County,2021-01-01,USA,28644.22176,201605.089,0.1421
Neshoba County,2021-01-01,USA,28463.752420000004,200386.898,0.142
Sussex County,2021-01-01,USA,301173.01240000007,2122696.825,0.1419
Wexford County,2021-01-01,USA,71539.84784999998,504967.632,0.1417
Weber County,2021-01-01,USA,563936.9511499997,3983313.175,0.1416
Delaware County,2021-01-01,USA,210756.06098000004,1489755.767,0.1415
Nobles County,2021-01-01,USA,69242.63444000001,489465.671,0.1415
Jones County,2021-01-01,USA,13581.994399999998,96001.344,0.1415
Milwaukee County,2021-01-01,USA,3050907.1138900006,21569310.934,0.1414
Buncombe County,2021-01-01,USA,377761.0838999999,2670973.613,0.1414
Stevens County,2021-01-01,USA,37377.35236999999,264577.156,0.1413
Lonoke County,2021-01-01,USA,65478.08634000001,463402.678,0.1413
Todd County,2021-01-01,USA,10641.871929999998,75323.055,0.1413
Knox County,2021-01-01,USA,114567.43218999999,811623.03,0.1412
Tallapoosa County,2021-01-01,USA,40696.270930000006,288186.006,0.1412
Henry County,2021-01-01,USA,668474.4697699999,4733358.673,0.1412
Northumberland County,2021-01-01,USA,3703.445910000001,26226.401,0.1412
Ingham County,2021-01-01,USA,840218.6266400001,5954265.393,0.1411
Modoc County,2021-01-01,USA,3715.165379999999,26338.165,0.1411
Rock County,2021-01-01,USA,355.73176000000007,2521.205,0.1411
Talbot County,2021-01-01,USA,66941.85929000002,474459.875,0.1411
Nicholas County,2021-01-01,USA,16928.74951,119949.929,0.1411
Cottonwood County,2021-01-01,USA,24619.53488,174505.124,0.1411
Yuba City Urban Area,2021-01-01,USA,175654.82896999997,1244967.013,0.1411
Buena Vista Independent City,2021-01-01,USA,12905.553979999999,91471.604,0.1411
Honolulu Urban Area,2021-01-01,USA,1007918.2245000005,7148574.493,0.141
York County,2021-01-01,USA,826801.4836999999,5868412.584,0.1409
Cumberland County,2021-01-01,USA,3043.8411599999986,21612.677,0.1408
Johnson County,2021-01-01,USA,292605.27428,2078845.305,0.1408
Petersburg Independent City,2021-01-01,USA,72738.69372000001,516492.34,0.1408
Richland County,2021-01-01,USA,421432.61681999994,2993286.07,0.1408
Burlington County,2021-01-01,USA,955149.2504999998,6788966.702,0.1407
Vilas County,2021-01-01,USA,40244.3682,286034.285,0.1407
Saline County,2021-01-01,USA,145484.31801,1034313.88,0.1407
Lafayette County,2021-01-01,USA,30293.538080000002,215273.375,0.1407
Carbon County,2021-01-01,USA,15598.467049999997,110884.765,0.1407
Marin County,2021-01-01,USA,346648.63377,2465801.49,0.1406
Columbia County,2021-01-01,USA,154920.91855,1101990.122,0.1406
Colonial Heights Independent City,2021-01-01,USA,44859.88516000001,319006.383,0.1406
Ada County,2021-01-01,USA,1248105.87142,8879498.01,0.1406
Cascade County,2021-01-01,USA,136921.65984,974169.779,0.1406
Otsego County,2021-01-01,USA,59319.46322999999,421898.148,0.1406
Atlantic City Urban Area,2021-01-01,USA,339354.02223000006,2415914.922,0.1405
Tuscarawas County,2021-01-01,USA,168603.3482,1200444.291,0.1405
Richland County,2021-01-01,USA,52955.685020000004,376866.157,0.1405
Laramie County,2021-01-01,USA,194750.05388,1387521.845,0.1404
Collin County,2021-01-01,USA,2124752.88363,15141935.901,0.1403
Lincoln County,2021-01-01,USA,58234.44769000001,415370.879,0.1402
Dixon County,2021-01-01,USA,6934.05156,49498.227,0.1401
Mason County,2021-01-01,USA,31039.076940000003,221596.118,0.1401
Lincoln County,2021-01-01,USA,6067.640900000001,43349.621,0.14
Pocahontas County,2021-01-01,USA,2822.4634699999997,20156.777,0.14
Humphreys County,2021-01-01,USA,4294.207810000001,30668.27,0.14
Menard County,2021-01-01,USA,9496.17348,67898.838,0.1399
Madison County,2021-01-01,USA,6393.841209999999,45689.31,0.1399
Bell County,2021-01-01,USA,20024.671429999995,143110.636,0.1399
Bear Lake County,2021-01-01,USA,5420.75716,38745.762,0.1399
Barnstable County,2021-01-01,USA,221859.54953999998,1588326.77,0.1397
Ozaukee County,2021-01-01,USA,244110.32937000005,1747260.318,0.1397
Bloomington Urban Area,2021-01-01,USA,289810.91383000015,2075179.369,0.1397
Bristol County,2021-01-01,USA,95685.96983999999,684835.373,0.1397
Allen Parish,2021-01-01,USA,12955.198370000007,92836.068,0.1395
Kanawha County,2021-01-01,USA,305345.23487999995,2189587.749,0.1395
Baltimore Urban Area,2021-01-01,USA,5004902.845500001,35873451.317,0.1395
Dunklin County,2021-01-01,USA,30377.591170000003,217687.673,0.1395
Muncie Urban Area,2021-01-01,USA,233453.98444,1674148.118,0.1394
Williamsburg Independent City,2021-01-01,USA,54410.480379999986,390398.772,0.1394
Santa Rosa Urban Area,2021-01-01,USA,590296.6326500002,4234565.221,0.1394
Thomas County,2021-01-01,USA,461.63735999999983,3311.724,0.1394
Cass County,2021-01-01,USA,39045.157510000005,280151.017,0.1394
Merced Urban Area,2021-01-01,USA,312715.7034599999,2245237.43,0.1393
Southampton County,2021-01-01,USA,20475.248810000005,147038.6,0.1393
Lake County,2021-01-01,USA,1985470.8765999998,14267838.176,0.1392
Wilkes County,2021-01-01,USA,78833.55379,566357.633,0.1392
Wahkiakum County,2021-01-01,USA,2887.7502600000003,20740.004,0.1392
Phillips County,2021-01-01,USA,1816.4657900000002,13045.163,0.1392
Benton County,2021-01-01,USA,10584.499590000001,76012.251,0.1392
Clark County,2021-01-01,USA,3845.4146099999984,27615.877,0.1392
Cumberland County,2021-01-01,USA,5035.766029999999,36206.534,0.1391
Elmore County,2021-01-01,USA,24888.19565,178947.819,0.1391
Clark County,2021-01-01,USA,749468.6893900002,5391151.867,0.139
Monroe County,2021-01-01,USA,284315.1564900001,2047577.079,0.1389
Luce County,2021-01-01,USA,8282.7172,59649.175,0.1389
Montgomery County,2021-01-01,USA,36461.667109999995,262473.455,0.1389
Chatham County,2021-01-01,USA,77381.57266999998,557117.184,0.1389
Saunders County,2021-01-01,USA,26161.87703,188337.189,0.1389
Lansing Urban Area,2021-01-01,USA,1207499.76557,8702612.763,0.1388
Cheboygan County,2021-01-01,USA,24893.579730000005,179307.391,0.1388
Walsh County,2021-01-01,USA,25312.57958,182555.937,0.1387
York Urban Area,2021-01-01,USA,770760.16364,5562003.115,0.1386
Walworth County,2021-01-01,USA,237666.60372000007,1714971.466,0.1386
Grays Harbor County,2021-01-01,USA,130352.18145,940725.439,0.1386
Hall County,2021-01-01,USA,525434.9899199998,3794315.03,0.1385
Hamlin County,2021-01-01,USA,6971.228680000003,50329.644,0.1385
Waseca County,2021-01-01,USA,50453.31854000001,364181.712,0.1385
Hendry County,2021-01-01,USA,51155.9179,369679.622,0.1384
Pinal County,2021-01-01,USA,236391.06695,1707462.094,0.1384
Columbia County,2021-01-01,USA,147759.02366000004,1067265.27,0.1384
Summit County,2021-01-01,USA,1016770.7049600002,7347583.795,0.1384
Bay County,2021-01-01,USA,179936.87677999996,1299930.505,0.1384
Franklin County,2021-01-01,USA,4598855.2843,33223734.565,0.1384
Gilmer County,2021-01-01,USA,37105.4818,268069.942,0.1384
Breckinridge County,2021-01-01,USA,5381.980960000002,38921.753,0.1383
Ray County,2021-01-01,USA,17036.576350000003,123193.537,0.1383
Greenwood County,2021-01-01,USA,146171.37127,1056684.944,0.1383
Dickson County,2021-01-01,USA,78930.77420999996,570869.506,0.1383
Hettinger County,2021-01-01,USA,1567.3751199999992,11345.035,0.1382
Jackson County,2021-01-01,USA,32018.093860000004,231755.667,0.1382
Wells County,2021-01-01,USA,4107.73729,29721.74,0.1382
Lake County,2021-01-01,USA,26699.643920000006,193253.563,0.1382
Grant County,2021-01-01,USA,7742.241689999996,56020.771,0.1382
Sheridan County,2021-01-01,USA,29572.335389999993,213934.11,0.1382
Caddo County,2021-01-01,USA,20095.06013,145497.025,0.1381
Pike County,2021-01-01,USA,9554.039260000001,69168.301,0.1381
Clarke County,2021-01-01,USA,27345.55304,197951.699,0.1381
Kalkaska County,2021-01-01,USA,29215.81068,211676.765,0.138
Butler County,2021-01-01,USA,12019.204629999998,87126.792,0.138
Golden Valley County,2021-01-01,USA,1745.06012,12664.315,0.1378
Beaver County,2021-01-01,USA,374416.36695,2717163.583,0.1378
Bladen County,2021-01-01,USA,37714.000199999995,274129.632,0.1376
Panola County,2021-01-01,USA,37079.729810000004,269566.601,0.1376
Anderson County,2021-01-01,USA,150319.23233,1092453.382,0.1376
Sanilac County,2021-01-01,USA,35332.40979,256945.522,0.1375
Mississippi County,2021-01-01,USA,16788.080289999994,122069.456,0.1375
Crittenden County,2021-01-01,USA,2935.2484400000008,21366.839,0.1374
Bee County,2021-01-01,USA,48528.55709,353332.046,0.1373
LaPorte County,2021-01-01,USA,258855.08803,1885535.529,0.1373
Phelps County,2021-01-01,USA,72367.85783000001,527101.44,0.1373
Jackson County,2021-01-01,USA,30364.00192,221325.531,0.1372
Erie County,2021-01-01,USA,1933361.6908800006,14105307.258,0.1371
Randolph County,2021-01-01,USA,52507.95599000001,383025.777,0.1371
Bristol Independent City,2021-01-01,USA,42899.933070000014,312823.977,0.1371
Wayne County,2021-01-01,USA,20276.738899999997,147929.137,0.1371
Marion County,2021-01-01,USA,19580.07453,142933.785,0.137
Essex County,2021-01-01,USA,9339.77035,68191.418,0.137
Leake County,2021-01-01,USA,16088.516239999994,117422.873,0.137
Benton County,2021-01-01,USA,24089.091599999992,175956.258,0.1369
King William County,2021-01-01,USA,32739.209740000006,239079.309,0.1369
Mono County,2021-01-01,USA,5362.669150000001,39212.747,0.1368
Warren County,2021-01-01,USA,49592.906610000005,362508.708,0.1368
Union County,2021-01-01,USA,20464.239039999997,149695.863,0.1367
Milwaukee Urban Area,2021-01-01,USA,5025621.47578,36784276.369,0.1366
Boise Urban Area,2021-01-01,USA,1184394.4808000003,8671835.356,0.1366
Douglas County,2021-01-01,USA,106743.68511000002,781253.839,0.1366
Bienville Parish,2021-01-01,USA,9248.77054,67698.211,0.1366
Clark County,2021-01-01,USA,45240.43101,331077.842,0.1366
Buffalo Urban Area,2021-01-01,USA,2355528.64391,17262465.08,0.1365
Baltimore County,2021-01-01,USA,3427578.3013,25101808.761,0.1365
Becker County,2021-01-01,USA,53279.50498,390614.71,0.1364
Stanley County,2021-01-01,USA,18098.055430000004,132639.609,0.1364
Salt Lake City Urban Area,2021-01-01,USA,2636935.4972399995,19350578.562,0.1363
Johnson County,2021-01-01,USA,410810.0397099999,3014383.289,0.1363
Chester County,2021-01-01,USA,67554.63190000001,495482.687,0.1363
Mitchell County,2021-01-01,USA,3770.4619199999997,27691.58,0.1362
Cumberland County,2021-01-01,USA,4547.374689999999,33423.168,0.1361
Madison County,2021-01-01,USA,20680.393659999998,151929.894,0.1361
Anne Arundel County,2021-01-01,USA,1046989.9788200003,7705399.864,0.1359
Noble County,2021-01-01,USA,114979.68110000003,846166.199,0.1359
Yakima County,2021-01-01,USA,696415.26062,5123263.45,0.1359
Noxubee County,2021-01-01,USA,4945.460249999997,36415.738,0.1358
Screven County,2021-01-01,USA,17259.7697,127078.236,0.1358
Pittsburgh Urban Area,2021-01-01,USA,4009621.205920001,29521711.399,0.1358
Garfield County,2021-01-01,USA,252.72200999999995,1861.454,0.1358
Jessamine County,2021-01-01,USA,85706.13909999996,630891.034,0.1358
Fergus County,2021-01-01,USA,20945.60615,154346.367,0.1357
Emmons County,2021-01-01,USA,3785.862459999998,27893.721,0.1357
Desoto County,2021-01-01,USA,25150.76626,185385.285,0.1357
Polk County,2021-01-01,USA,109656.41145999999,808808.44,0.1356
Waller County,2021-01-01,USA,61133.10522,450695.596,0.1356
Seminole County,2021-01-01,USA,25017.56705,184492.525,0.1356
Orange County,2021-01-01,USA,19609.556630000006,144705.929,0.1355
Honolulu County,2021-01-01,USA,1291614.0813999996,9531504.558,0.1355
Sioux Falls Urban Area,2021-01-01,USA,667329.3804500003,4926051.783,0.1355
De Kalb County,2021-01-01,USA,271429.11345,2005206.154,0.1354
Sarpy County,2021-01-01,USA,504636.3395,3730910.01,0.1353
Grant County,2021-01-01,USA,76751.27793,567266.857,0.1353
Greene County,2021-01-01,USA,11184.489760000002,82665.693,0.1353
Marshall County,2021-01-01,USA,111076.82597,821407.811,0.1352
Cumberland County,2021-01-01,USA,343365.35701,2540038.284,0.1352
Scott County,2021-01-01,USA,32068.877080000006,237263.436,0.1352
Valley County,2021-01-01,USA,6118.2844000000005,45253.858,0.1352
Petroleum County,2021-01-01,USA,198.51179999999997,1468.099,0.1352
Iowa City Urban Area,2021-01-01,USA,433802.9792,3207885.582,0.1352
Lake County,2021-01-01,USA,432587.7027700001,3200463.582,0.1352
Wasatch County,2021-01-01,USA,12635.963349999998,93478.618,0.1352
Clark County,2021-01-01,USA,696.48634,5156.121,0.1351
Saluda County,2021-01-01,USA,25627.807600000007,189736.789,0.1351
Dorchester County,2021-01-01,USA,59021.42167000001,437058.309,0.135
Green County,2021-01-01,USA,4687.60118,34716.833,0.135
Suffolk Independent City,2021-01-01,USA,200670.72425999993,1486276.69,0.135
Campbell County,2021-01-01,USA,202482.75981000005,1501511.087,0.1349
Adams County,2021-01-01,USA,53155.058410000005,393965.098,0.1349
Wasco County,2021-01-01,USA,53166.82070000001,394234.91,0.1349
Sioux City Urban Area,2021-01-01,USA,373974.82846,2773083.346,0.1349
Warren County,2021-01-01,USA,419586.24142000003,3113085.705,0.1348
Currituck County,2021-01-01,USA,4781.285169999999,35460.763,0.1348
Gregory County,2021-01-01,USA,3300.584810000001,24507.695,0.1347
Crawford County,2021-01-01,USA,88459.9266,656683.573,0.1347
Prairie County,2021-01-01,USA,3757.276260000001,27896.258,0.1347
Sonoma County,2021-01-01,USA,812110.1357100004,6030050.266,0.1347
Dukes County,2021-01-01,USA,3829.64578,28428.876,0.1347
Lodi Urban Area,2021-01-01,USA,200185.17439999996,1487072.156,0.1346
Fountain County,2021-01-01,USA,10921.34013,81172.815,0.1345
Lycoming County,2021-01-01,USA,270252.8167599999,2012532.072,0.1343
Yazoo County,2021-01-01,USA,34884.267349999995,259657.501,0.1343
Seattle Urban Area,2021-01-01,USA,8641573.43269,64357259.355,0.1343
Grenada County,2021-01-01,USA,25595.17489,190756.353,0.1342
Benton County,2021-01-01,USA,448760.6575699998,3344650.553,0.1342
Atascosa County,2021-01-01,USA,22349.243009999995,166577.334,0.1342
Bourbon County,2021-01-01,USA,24116.598939999993,179793.401,0.1341
Marion County,2021-01-01,USA,41010.77623,305788.623,0.1341
Boulder County,2021-01-01,USA,747618.2812699999,5574448.988,0.1341
Clay County,2021-01-01,USA,29864.16116,222800.681,0.134
Warren County,2021-01-01,USA,71664.61030000004,534897.174,0.134
Dakota County,2021-01-01,USA,1233412.1683399996,9206615.957,0.134
Dade County,2021-01-01,USA,5986.757679999999,44699.159,0.1339
Racine County,2021-01-01,USA,580970.8667500002,4339109.698,0.1339
Lawton Urban Area,2021-01-01,USA,159368.65917,1191404.719,0.1338
Rankin County,2021-01-01,USA,279361.4561099999,2088516.525,0.1338
Talbot County,2021-01-01,USA,3493.03401,26127.734,0.1337
Comanche County,2021-01-01,USA,164846.32982999994,1233501.311,0.1336
Howard County,2021-01-01,USA,819816.01707,6135709.773,0.1336
Somerset County,2021-01-01,USA,80554.19307000007,602780.741,0.1336
Crawford County,2021-01-01,USA,33417.94264,250361.631,0.1335
Roane County,2021-01-01,USA,86049.11937999999,644438.726,0.1335
Tangipahoa Parish,2021-01-01,USA,157093.13095,1177324.174,0.1334
Hodgeman County,2021-01-01,USA,310.59346000000005,2327.563,0.1334
Scott County,2021-01-01,USA,26980.580910000004,202269.851,0.1334
Logan County,2021-01-01,USA,18272.458150000002,136951.484,0.1334
Warren County,2021-01-01,USA,10618.373209999998,79675.502,0.1333
Columbia County,2021-01-01,USA,3783.78964,28394.733,0.1333
Denver Urban Area,2021-01-01,USA,8110761.2747800015,60890674.475,0.1332
Chemung County,2021-01-01,USA,157275.11979999996,1180563.929,0.1332
Harrison County,2021-01-01,USA,155618.34444,1168343.091,0.1332
Haywood County,2021-01-01,USA,48516.856470000006,364175.586,0.1332
Sumner County,2021-01-01,USA,229605.65109,1723813.992,0.1332
Powder River County,2021-01-01,USA,417.1958399999998,3133.593,0.1331
Galax Independent City,2021-01-01,USA,44831.02037,336794.597,0.1331
Suwannee County,2021-01-01,USA,48357.750730000014,363266.98,0.1331
Placer County,2021-01-01,USA,664920.89544,5000073.316,0.133
Cherry County,2021-01-01,USA,7730.400759999997,58109.427,0.133
Iron County,2021-01-01,USA,42601.97001000001,320607.114,0.1329
Fayette County,2021-01-01,USA,25925.08158,195145.278,0.1329
Frio County,2021-01-01,USA,8638.10504,65023.329,0.1328
Lafayette County,2021-01-01,USA,130423.45819,982123.3,0.1328
Schleicher County,2021-01-01,USA,167.19502999999997,1259.554,0.1327
Lackawanna County,2021-01-01,USA,537105.09766,4047328.248,0.1327
Adams County,2021-01-01,USA,36463.54904,274847.704,0.1327
Montgomery County,2021-01-01,USA,1623.3246599999998,12232.131,0.1327
Umatilla County,2021-01-01,USA,184903.64137,1394505.847,0.1326
Desoto County,2021-01-01,USA,463657.5302600002,3496309.676,0.1326
Perkins County,2021-01-01,USA,5822.281369999998,43912.022,0.1326
Fayette County,2021-01-01,USA,32962.11474999999,248854.444,0.1325
Dickens County,2021-01-01,USA,371.92985000000016,2807.914,0.1325
Kenton County,2021-01-01,USA,306959.68303,2315915.395,0.1325
Garza County,2021-01-01,USA,7979.056070000001,60238.875,0.1325
Davidson County,2021-01-01,USA,217638.2188099999,1643765.693,0.1324
Huron County,2021-01-01,USA,133835.90045999998,1010577.972,0.1324
Kalamazoo Urban Area,2021-01-01,USA,710987.7915800002,5370224.954,0.1324
Scranton Urban Area,2021-01-01,USA,553872.2090899999,4182488.527,0.1324
Grant County,2021-01-01,USA,15049.99991,113706.385,0.1324
Boyd County,2021-01-01,USA,833.27367,6298.099,0.1323
Brooks County,2021-01-01,USA,2591.4068400000006,19608.972,0.1322
Bottineau County,2021-01-01,USA,12259.673159999997,92719.444,0.1322
Kane County,2021-01-01,USA,1663984.36498,12586200.679,0.1322
Tama County,2021-01-01,USA,19072.170879999998,144221.881,0.1322
Tippah County,2021-01-01,USA,21183.225029999998,160384.174,0.1321
Poquoson Independent City,2021-01-01,USA,7742.127069999999,58620.091,0.1321
Pickaway County,2021-01-01,USA,101711.41734000001,770167.044,0.1321
Rusk County,2021-01-01,USA,35640.43106000002,269815.886,0.1321
Bacon County,2021-01-01,USA,11120.55976,84265.269,0.132
Anson County,2021-01-01,USA,30039.19416000001,227603.542,0.132
Santa Rosa County,2021-01-01,USA,104844.01555999997,794853.155,0.1319
King County,2021-01-01,USA,4900565.046740001,37188101.545,0.1318
Whiteside County,2021-01-01,USA,104095.08613999998,789982.744,0.1318
Franklin County,2021-01-01,USA,22230.164869999997,168750.688,0.1317
Rutherford County,2021-01-01,USA,826359.3442999998,6279861.629,0.1316
Durham County,2021-01-01,USA,670927.4253500002,5098920.542,0.1316
Adair County,2021-01-01,USA,4294.680639999999,32627.726,0.1316
Smyth County,2021-01-01,USA,39016.60198000001,296473.596,0.1316
Adams County,2021-01-01,USA,6584.978200000001,50070.006,0.1315
Harrison County,2021-01-01,USA,26015.37405,197915.608,0.1314
Sevier County,2021-01-01,USA,105883.28054,805830.252,0.1314
Crosby County,2021-01-01,USA,3251.482250000001,24739.756,0.1314
Twin Falls County,2021-01-01,USA,152464.96719999998,1161365.987,0.1313
Henrico County,2021-01-01,USA,614456.39085,4680121.519,0.1313
Chippewa County,2021-01-01,USA,23827.00683,181531.071,0.1313
Steele County,2021-01-01,USA,108478.17910999998,826289.737,0.1313
Wilkes County,2021-01-01,USA,6477.387819999999,49326.024,0.1313
Marion County,2021-01-01,USA,772755.3262800002,5884798.578,0.1313
Hardin County,2021-01-01,USA,68660.16113999998,523177.149,0.1312
Suffolk County,2021-01-01,USA,3267228.921650001,24893405.352,0.1312
Niagara County,2021-01-01,USA,399115.0135599999,3044356.611,0.1311
Wichita County,2021-01-01,USA,1309.46253,9991.591,0.1311
Swift County,2021-01-01,USA,16236.87979,123920.873,0.131
Okfuskee County,2021-01-01,USA,7285.22619,55633.759,0.1309
Ottawa County,2021-01-01,USA,69928.84569,534098.039,0.1309
Elk County,2021-01-01,USA,55804.97733000001,426275.74,0.1309
Macon County,2021-01-01,USA,27357.038989999997,208957.841,0.1309
Hand County,2021-01-01,USA,5870.43026,44874.389,0.1308
Randolph County,2021-01-01,USA,40643.38233,310923.789,0.1307
Monroe County,2021-01-01,USA,5257.222690000002,40259.659,0.1306
Hinds County,2021-01-01,USA,454783.28046999994,3481943.911,0.1306
Fleming County,2021-01-01,USA,8553.278670000002,65499.607,0.1306
Lamoure County,2021-01-01,USA,3651.850419999999,27970.612,0.1306
Boone County,2021-01-01,USA,385024.3336999999,2949477.048,0.1305
Logan County,2021-01-01,USA,71134.70061,545567.972,0.1304
Jackson County,2021-01-01,USA,215234.27370999998,1650557.942,0.1304
Salem Urban Area,2021-01-01,USA,942194.1737500001,7223241.194,0.1304
Blair County,2021-01-01,USA,205547.87271,1575711.75,0.1304
McCook County,2021-01-01,USA,5061.88918,38825.084,0.1304
Caldwell Parish,2021-01-01,USA,2500.2833800000008,19194.475,0.1303
Eaton County,2021-01-01,USA,301143.13407000015,2311381.889,0.1303
Racine Urban Area,2021-01-01,USA,862019.3402500001,6618621.302,0.1302
Adams County,2021-01-01,USA,1796289.99683,13810476.195,0.1301
Steuben County,2021-01-01,USA,78690.64031,605671.45,0.1299
Alcorn County,2021-01-01,USA,56038.1545,431644.412,0.1298
Webster County,2021-01-01,USA,3003.992820000001,23151.538,0.1298
Sussex County,2021-01-01,USA,8556.777360000002,65979.399,0.1297
Putnam County,2021-01-01,USA,247201.61933999992,1906474.773,0.1297
Mills County,2021-01-01,USA,19106.9227,147432.877,0.1296
Maverick County,2021-01-01,USA,48423.021400000005,373698.314,0.1296
Musselshell County,2021-01-01,USA,1210.61532,9339.782,0.1296
Briscoe County,2021-01-01,USA,525.1715599999999,4056.041,0.1295
York County,2021-01-01,USA,156133.51512999999,1205456.423,0.1295
Santa Maria Urban Area,2021-01-01,USA,400984.32149999996,3098459.836,0.1294
Shawano County,2021-01-01,USA,62026.71970000002,479406.117,0.1294
Boyd County,2021-01-01,USA,156327.61718999996,1208022.462,0.1294
Foard County,2021-01-01,USA,133.11082000000002,1029.48,0.1293
Jackson County,2021-01-01,USA,7409.743060000002,57317.547,0.1293
Luzerne County,2021-01-01,USA,771663.7375599999,5967551.896,0.1293
Rogers Urban Area,2021-01-01,USA,317183.34981999994,2455433.425,0.1292
Dawson County,2021-01-01,USA,56871.20709999999,440113.413,0.1292
Salt Lake County,2021-01-01,USA,2756645.7714099996,21347112.564,0.1291
Nance County,2021-01-01,USA,6756.058660000001,52339.259,0.1291
Nacogdoches County,2021-01-01,USA,102244.74584000003,791696.729,0.1291
Huron County,2021-01-01,USA,33719.96864,261369.537,0.129
Prince George County,2021-01-01,USA,40611.400109999995,314736.07,0.129
Denton County,2021-01-01,USA,1717914.0804000003,13315095.67,0.129
Walworth County,2021-01-01,USA,6895.07311,53438.289,0.129
Oneida County,2021-01-01,USA,1970.9250100000004,15279.47,0.129
Grady County,2021-01-01,USA,22858.199849999997,177260.521,0.129
Charlevoix County,2021-01-01,USA,34883.03887999999,270511.258,0.129
Greenville Urban Area,2021-01-01,USA,285577.1119,2212930.312,0.129
Dixie County,2021-01-01,USA,12724.12151,98822.79,0.1288
Winn Parish,2021-01-01,USA,15145.384500000002,117706.848,0.1287
Lorain Urban Area,2021-01-01,USA,527193.3630199999,4094898.144,0.1287
Macomb County,2021-01-01,USA,1820869.7381900002,14143363.762,0.1287
Lewis County,2021-01-01,USA,9053.287970000001,70369.108,0.1287
Prentiss County,2021-01-01,USA,34299.57908,266770.314,0.1286
Santa Barbara County,2021-01-01,USA,802826.7646499999,6240503.368,0.1286
Fillmore County,2021-01-01,USA,36279.23366,282116.405,0.1286
San Juan County,2021-01-01,USA,6688.745200000001,52019.964,0.1286
Stark County,2021-01-01,USA,1782.9369199999999,13876.847,0.1285
Bertie County,2021-01-01,USA,17663.425339999998,137554.802,0.1284
Rockingham County,2021-01-01,USA,143224.88656999997,1115116.653,0.1284
Alexander County,2021-01-01,USA,5362.318310000001,41753.988,0.1284
Story County,2021-01-01,USA,293960.99718,2289272.218,0.1284
Pitt County,2021-01-01,USA,300732.35597000015,2342848.238,0.1284
Bloomington Urban Area,2021-01-01,USA,407083.5754100001,3171710.062,0.1283
Mason County,2021-01-01,USA,49299.558229999995,384476.18,0.1282
Clackamas County,2021-01-01,USA,731419.4164300001,5706771.163,0.1282
Buffalo County,2021-01-01,USA,104569.10685000001,815387.291,0.1282
Pope County,2021-01-01,USA,2045.7184200000002,15951.817,0.1282
Fairfield Urban Area,2021-01-01,USA,427443.42169999995,3336137.953,0.1281
Lorain County,2021-01-01,USA,607411.2330899999,4742332.47,0.1281
Jackson Parish,2021-01-01,USA,16847.932629999996,131614.512,0.128
Washington County,2021-01-01,USA,17787.031929999997,139007.549,0.128
Vernon Parish,2021-01-01,USA,22393.16305,175074.366,0.1279
Dauphin County,2021-01-01,USA,714221.0950799999,5582616.884,0.1279
Charles Mix County,2021-01-01,USA,10154.68796,79452.622,0.1278
Dodge County,2021-01-01,USA,72954.38196,570648.648,0.1278
McLean County,2021-01-01,USA,409483.53648,3203131.253,0.1278
Minnehaha County,2021-01-01,USA,561170.0076700002,4394122.088,0.1277
Jeff Davis County,2021-01-01,USA,28364.810910000007,222041.056,0.1277
Harrison County,2021-01-01,USA,29711.47919000001,232616.903,0.1277
Pulaski County,2021-01-01,USA,7396.932599999997,57946.998,0.1276
Sacramento County,2021-01-01,USA,2370648.24953,18595608.259,0.1275
Madison County,2021-01-01,USA,195909.61788999996,1537126.81,0.1275
Osage County,2021-01-01,USA,41096.98829,322216.01,0.1275
Wetzel County,2021-01-01,USA,19339.134670000003,151743.561,0.1274
Santa Fe County,2021-01-01,USA,177331.45435000004,1392245.477,0.1274
Dayton Urban Area,2021-01-01,USA,1631640.6449799996,12803186.181,0.1274
Hood County,2021-01-01,USA,46949.43191000001,368832.862,0.1273
Morgan County,2021-01-01,USA,53398.06652999999,419753.722,0.1272
Union County,2021-01-01,USA,35296.50084,277522.465,0.1272
Sandoval County,2021-01-01,USA,102920.18732,809375.449,0.1272
Fremont County,2021-01-01,USA,50552.92293,397300.832,0.1272
Tripp County,2021-01-01,USA,6238.339160000003,49100.232,0.1271
Franklin County,2021-01-01,USA,364988.78276000015,2874434.159,0.127
Bates County,2021-01-01,USA,15326.919029999997,120789.639,0.1269
Carter County,2021-01-01,USA,237.79069,1873.322,0.1269
Webster County,2021-01-01,USA,2410.7542999999996,19001.463,0.1269
Petaluma Urban Area,2021-01-01,USA,179880.1282,1418654.068,0.1268
Murfreesboro Urban Area,2021-01-01,USA,542477.6086899999,4276657.199,0.1268
Brookings County,2021-01-01,USA,110278.32094000002,869722.504,0.1268
Madison County,2021-01-01,USA,150993.7570999999,1192056.965,0.1267
Page County,2021-01-01,USA,14479.560260000002,114259.64,0.1267
Clarke County,2021-01-01,USA,11282.553960000003,89033.577,0.1267
Parke County,2021-01-01,USA,7476.8789199999965,58997.699,0.1267
Nash County,2021-01-01,USA,158617.09533000004,1252197.623,0.1267
Muhlenberg County,2021-01-01,USA,14463.766679999995,114285.755,0.1266
Portage County,2021-01-01,USA,240243.44377999997,1897856.966,0.1266
Garden County,2021-01-01,USA,3014.69867,23804.293,0.1266
Henry County,2021-01-01,USA,13760.69707,108819.299,0.1265
Green County,2021-01-01,USA,157278.394,1244425.651,0.1264
Le Flore County,2021-01-01,USA,35315.05097999999,279363.734,0.1264
Tillamook County,2021-01-01,USA,35814.206740000016,283454.786,0.1263
Holland Urban Area,2021-01-01,USA,486653.27178999997,3852252.744,0.1263
Greeley County,2021-01-01,USA,1412.0938800000004,11193.761,0.1262
Fulton County,2021-01-01,USA,20577.41220999999,163061.203,0.1262
Ames Urban Area,2021-01-01,USA,286735.97681,2272664.659,0.1262
Cross County,2021-01-01,USA,18848.53201,149358.619,0.1262
Morris County,2021-01-01,USA,3793.7885900000006,30065.924,0.1262
San Benito County,2021-01-01,USA,119529.60466999999,947236.45,0.1262
Brooks County,2021-01-01,USA,12191.54469,96600.138,0.1262
San Jose Urban Area,2021-01-01,USA,11117472.146049997,88191875.529,0.1261
McKinley County,2021-01-01,USA,59443.494640000004,471453.908,0.1261
Weston County,2021-01-01,USA,13739.232219999998,109036.727,0.126
Creek County,2021-01-01,USA,102360.02733000001,812554.489,0.126
Salem County,2021-01-01,USA,177159.09521999996,1407361.322,0.1259
Perry County,2021-01-01,USA,18764.366349999993,149187.713,0.1258
Oxnard Urban Area,2021-01-01,USA,833125.6492800002,6624469.542,0.1258
Marshall County,2021-01-01,USA,90688.46980000002,721672.769,0.1257
Winnebago County,2021-01-01,USA,785083.6356400001,6246130.489,0.1257
Dickey County,2021-01-01,USA,10701.044109999999,85110.846,0.1257
Carroll County,2021-01-01,USA,30335.96175,241621.317,0.1256
Payette County,2021-01-01,USA,35460.37761,282389.692,0.1256
Lucas County,2021-01-01,USA,1136875.41139,9051232.56,0.1256
Piatt County,2021-01-01,USA,22916.99922000001,182603.014,0.1255
Johnson County,2021-01-01,USA,6658.298979999999,53035.166,0.1255
Taylor County,2021-01-01,USA,5919.61784,47156.006,0.1255
Randolph County,2021-01-01,USA,241237.11937,1921452.646,0.1255
Carroll County,2021-01-01,USA,35506.76710000001,283056.044,0.1254
Allegheny County,2021-01-01,USA,2552978.5837000003,20365325.766,0.1254
Lawrence County,2021-01-01,USA,46637.18641999999,371893.794,0.1254
Stanly County,2021-01-01,USA,89090.16598000002,710294.511,0.1254
Sheboygan County,2021-01-01,USA,334415.15531000006,2669540.16,0.1253
Washington County,2021-01-01,USA,19886.87899,158773.308,0.1253
Washington County,2021-01-01,USA,8343.896829999998,66582.909,0.1253
Gasconade County,2021-01-01,USA,13615.070149999998,108654.376,0.1253
Chicago Urban Area,2021-01-01,USA,25770024.477569997,205777558.369,0.1252
Pierce County,2021-01-01,USA,1941616.6568799997,15507714.322,0.1252
Ouachita County,2021-01-01,USA,26143.084570000006,208905.233,0.1251
Northampton County,2021-01-01,USA,23183.998919999998,185251.651,0.1251
Duchesne County,2021-01-01,USA,9367.499600000001,74853.527,0.1251
Tarrant County,2021-01-01,USA,5458822.911330001,43639778.909,0.1251
Liberty County,2021-01-01,USA,84999.16570000004,679224.238,0.1251
Hamblen County,2021-01-01,USA,189382.45825,1514695.877,0.125
Hardin County,2021-01-01,USA,130061.04028000004,1040865.323,0.125
Wallowa County,2021-01-01,USA,4888.27976,39119.974,0.125
San Miguel County,2021-01-01,USA,18636.39645000001,149137.057,0.125
Ashland County,2021-01-01,USA,113451.37622000006,908699.962,0.1249
Floyd County,2021-01-01,USA,99999.22701000002,800871.833,0.1249
Ohio County,2021-01-01,USA,14976.289409999998,120032.973,0.1248
Branch County,2021-01-01,USA,77036.34409999999,617648.256,0.1247
Saline County,2021-01-01,USA,35049.88103,281158.339,0.1247
Palmdale Urban Area,2021-01-01,USA,447484.50631999987,3589155.374,0.1247
Gray County,2021-01-01,USA,3376.315760000001,27093.705,0.1246
Pulaski County,2021-01-01,USA,2895.7639999999997,23247.42,0.1246
Big Horn County,2021-01-01,USA,12269.517789999996,98523.667,0.1245
Daniels County,2021-01-01,USA,635.2425100000002,5103.721,0.1245
Hot Springs County,2021-01-01,USA,4219.598090000001,33892.8,0.1245
Polk County,2021-01-01,USA,6476.216730000001,52035.663,0.1245
Catawba County,2021-01-01,USA,383933.88097,3086510.162,0.1244
Kidder County,2021-01-01,USA,1857.57202,14929.543,0.1244
Temecula Urban Area,2021-01-01,USA,586796.1260499997,4716731.506,0.1244
Knox County,2021-01-01,USA,82539.28947999999,663657.349,0.1244
Jefferson County,2021-01-01,USA,1065009.1637799996,8569729.905,0.1243
Miami County,2021-01-01,USA,48787.576850000005,392603.536,0.1243
Natrona County,2021-01-01,USA,124053.00357000003,997992.403,0.1243
Amador County,2021-01-01,USA,25460.651609999994,204980.837,0.1242
Edgecombe County,2021-01-01,USA,68528.85648000002,552091.837,0.1241
Sacramento Urban Area,2021-01-01,USA,3313127.4167799996,26704738.443,0.1241
Saginaw County,2021-01-01,USA,361266.2601,2913027.583,0.124
Malheur County,2021-01-01,USA,79973.6564,645419.119,0.1239
Montgomery County,2021-01-01,USA,249450.35352000006,2013276.755,0.1239
Crawford County,2021-01-01,USA,89433.68853,721849.994,0.1239
Rockwall County,2021-01-01,USA,132544.77984000003,1069790.995,0.1239
Portsmouth Independent City,2021-01-01,USA,243701.97832,1967309.73,0.1239
Hendricks County,2021-01-01,USA,576305.7809800003,4650340.603,0.1239
Antioch Urban Area,2021-01-01,USA,403032.88165999996,3252325.152,0.1239
Saint Charles County,2021-01-01,USA,591133.8909,4770239.096,0.1239
Lincoln Parish,2021-01-01,USA,97636.19302000006,788492.14,0.1238
Day County,2021-01-01,USA,14054.614339999995,113490.952,0.1238
Hughes County,2021-01-01,USA,48573.376390000005,392408.477,0.1238
Guadalupe County,2021-01-01,USA,257416.50096,2078902.173,0.1238
Routt County,2021-01-01,USA,25107.20674000001,202857.384,0.1238
Trimble County,2021-01-01,USA,3173.96993,25652.391,0.1237
La Crosse Urban Area,2021-01-01,USA,369817.25332,2990338.958,0.1237
Custer County,2021-01-01,USA,14671.382440000001,118640.362,0.1237
Lemhi County,2021-01-01,USA,3316.3861999999995,26832.072,0.1236
Osage County,2021-01-01,USA,17408.89264,140834.393,0.1236
Foster County,2021-01-01,USA,6696.020280000001,54162.294,0.1236
Butler County,2021-01-01,USA,21387.34568999999,172996.068,0.1236
Richmond Urban Area,2021-01-01,USA,2300843.2680500005,18621587.181,0.1236
Lyman County,2021-01-01,USA,1355.9476399999999,10970.842,0.1236
Van Buren County,2021-01-01,USA,3126.1833500000002,25299.373,0.1236
McCone County,2021-01-01,USA,802.33899,6497.813,0.1235
Linn County,2021-01-01,USA,278287.0880899999,2253659.567,0.1235
Bandera County,2021-01-01,USA,6705.275460000002,54344.463,0.1234
Keith County,2021-01-01,USA,16231.6137,131582.12,0.1234
Middlesex County,2021-01-01,USA,2720540.4533499996,22066835.327,0.1233
Northampton County,2021-01-01,USA,8907.530869999999,72221.441,0.1233
Canyon County,2021-01-01,USA,491969.0827399999,3993371.625,0.1232
Hesperia Urban Area,2021-01-01,USA,360302.8469900001,2925673.254,0.1232
Atoka County,2021-01-01,USA,8833.314509999997,71774.682,0.1231
Daviess County,2021-01-01,USA,2551.93379,20733.872,0.1231
Hale County,2021-01-01,USA,16259.368319999998,132118.994,0.1231
Houston County,2021-01-01,USA,30843.364590000005,250587.336,0.1231
Cedar County,2021-01-01,USA,13603.154719999999,110600.959,0.123
Marinette County,2021-01-01,USA,94798.35722,770589.8,0.123
Wayne County,2021-01-01,USA,160948.95618000004,1309689.913,0.1229
Polk County,2021-01-01,USA,33776.349799999996,274873.913,0.1229
Lewis County,2021-01-01,USA,112890.94072000001,918839.434,0.1229
McLeod County,2021-01-01,USA,93465.80455999999,760368.824,0.1229
Rockford Urban Area,2021-01-01,USA,990750.0758500003,8062451.612,0.1229
Sheridan County,2021-01-01,USA,9604.745079999995,78155.5,0.1229
Morgan County,2021-01-01,USA,13031.033639999996,106069.744,0.1229
Kearny County,2021-01-01,USA,947.3230499999999,7716.343,0.1228
Butler County,2021-01-01,USA,8074.2689900000005,65744.301,0.1228
Nelson County,2021-01-01,USA,41655.45670000001,339135.888,0.1228
Yell County,2021-01-01,USA,16597.82815,135284.637,0.1227
Klamath County,2021-01-01,USA,83386.19456,679409.495,0.1227
Whatcom County,2021-01-01,USA,516918.15705000004,4211708.229,0.1227
Lake Superior,2021-01-01,USA,16551.68589000001,134994.167,0.1226
Richmond County,2021-01-01,USA,82757.33968,674746.427,0.1226
Avoyelles Parish,2021-01-01,USA,14173.377209999999,115611.04,0.1226
Yakima Urban Area,2021-01-01,USA,470399.5051799998,3840887.838,0.1225
Walla Walla County,2021-01-01,USA,101693.20236000001,830224.556,0.1225
Anderson County,2021-01-01,USA,68069.14093999998,556131.343,0.1224
Grand Rapids Urban Area,2021-01-01,USA,1632541.7664500002,13337145.868,0.1224
Kennewick Urban Area,2021-01-01,USA,409453.27877000003,3346322.115,0.1224
Buchanan County,2021-01-01,USA,32037.33187,261641.27,0.1224
Canton Urban Area,2021-01-01,USA,995214.1765099998,8139985.576,0.1223
Washington County,2021-01-01,USA,176809.37766999996,1446180.344,0.1223
Huerfano County,2021-01-01,USA,7757.054360000004,63410.182,0.1223
Brown County,2021-01-01,USA,129955.62101000002,1062312.002,0.1223
Madison County,2021-01-01,USA,257651.10079000003,2106264.605,0.1223
Garfield County,2021-01-01,USA,2027.3687200000006,16581.087,0.1223
Jasper County,2021-01-01,USA,13749.713330000002,112462.414,0.1223
Washington County,2021-01-01,USA,1228530.72443,10042664.148,0.1223
Monterey Urban Area,2021-01-01,USA,189028.06833999997,1546857.196,0.1222
Saint Clair County,2021-01-01,USA,212803.69727000006,1742279.76,0.1221
Tippecanoe County,2021-01-01,USA,618828.8931599999,5068811.541,0.1221
Watonwan County,2021-01-01,USA,23626.986009999993,193493.867,0.1221
Lafayette Urban Area,2021-01-01,USA,631677.1199799998,5172842.302,0.1221
La Crosse County,2021-01-01,USA,362916.9074,2974259.07,0.122
Cabell County,2021-01-01,USA,271011.17325000005,2221479.165,0.122
Jackson County,2021-01-01,USA,389904.80793000007,3199615.433,0.1219
Hyde County,2021-01-01,USA,2229.56971,18302.829,0.1218
Sutter County,2021-01-01,USA,146030.74152000004,1199311.736,0.1218
Henry County,2021-01-01,USA,92366.53584999996,758601.164,0.1218
Marshall County,2021-01-01,USA,6322.521130000002,51971.24,0.1217
Fayette County,2021-01-01,USA,30761.615010000005,252782.081,0.1217
Taylor County,2021-01-01,USA,34695.55480000001,285300.432,0.1216
Medford Urban Area,2021-01-01,USA,386856.27187000006,3182257.609,0.1216
Lawrence Urban Area,2021-01-01,USA,288677.15170000005,2374737.202,0.1216
Pondera County,2021-01-01,USA,5084.203430000002,41830.25,0.1215
Ripley County,2021-01-01,USA,37808.037510000024,311271.702,0.1215
Okmulgee County,2021-01-01,USA,43909.45679,361295.204,0.1215
Miami County,2021-01-01,USA,180921.78558000003,1488608.351,0.1215
Cache County,2021-01-01,USA,190653.7281899999,1570700.033,0.1214
Faribault County,2021-01-01,USA,26486.78468,218180.816,0.1214
Nampa Urban Area,2021-01-01,USA,463573.07736999996,3819446.393,0.1214
Nodaway County,2021-01-01,USA,51276.735570000004,422610.815,0.1213
Bedford County,2021-01-01,USA,54551.94426,449849.243,0.1213
Waukesha County,2021-01-01,USA,1259444.0482700004,10385226.219,0.1213
Portland Urban Area,2021-01-01,USA,4987373.34921,41152943.014,0.1212
Price County,2021-01-01,USA,28470.596520000006,234844.14,0.1212
Washington County,2021-01-01,USA,135115.14184,1114945.306,0.1212
Charlotte Urban Area,2021-01-01,USA,4086209.09074,33755392.73,0.1211
Pulaski County,2021-01-01,USA,55264.939179999994,456345.143,0.1211
Douglas County,2021-01-01,USA,285415.33484,2358280.655,0.121
Spokane Urban Area,2021-01-01,USA,1150253.5533200002,9504706.399,0.121
West Carroll Parish,2021-01-01,USA,3832.28503,31663.331,0.121
Vernon County,2021-01-01,USA,27291.099149999995,225702.141,0.1209
Lane County,2021-01-01,USA,804610.2127,6657804.956,0.1209
Marion County,2021-01-01,USA,200580.11437,1660426.905,0.1208
Hanford Urban Area,2021-01-01,USA,122206.16265999997,1011621.673,0.1208
Delta County,2021-01-01,USA,31655.565119999996,262135.756,0.1208
Ogemaw County,2021-01-01,USA,17084.237440000004,141573.291,0.1207
Upshur County,2021-01-01,USA,22502.234380000005,186442.289,0.1207
Warren County,2021-01-01,USA,130662.00108,1082872.311,0.1207
Jackson County,2021-01-01,USA,88985.85083,737552.296,0.1207
Cleveland County,2021-01-01,USA,387075.3567499999,3213570.385,0.1205
Cleveland Urban Area,2021-01-01,USA,3673237.800620001,30480311.249,0.1205
Pike County,2021-01-01,USA,51596.268200000006,428202.529,0.1205
Alpena County,2021-01-01,USA,31302.917609999997,259784.651,0.1205
Kendall County,2021-01-01,USA,36297.31225,301408.661,0.1204
Thayer County,2021-01-01,USA,5712.990849999999,47437.878,0.1204
Jasper County,2021-01-01,USA,24311.47691999999,202008.551,0.1203
Covington County,2021-01-01,USA,18230.894510000006,151509.964,0.1203
Kershaw County,2021-01-01,USA,81116.98649000001,674128.246,0.1203
Mason County,2021-01-01,USA,61738.492140000024,513201.692,0.1203
Park County,2021-01-01,USA,51235.89293,426174.069,0.1202
Campbell County,2021-01-01,USA,181550.99459999998,1509843.234,0.1202
Lawrence County,2021-01-01,USA,7342.31047,61094.495,0.1202
Cole County,2021-01-01,USA,153570.37709000005,1277254.751,0.1202
Hot Spring County,2021-01-01,USA,40267.032039999984,335406.994,0.1201
Yamhill County,2021-01-01,USA,189545.14280000003,1578532.371,0.1201
Shelby County,2021-01-01,USA,453065.4121800001,3772168.368,0.1201
Alameda County,2021-01-01,USA,3748123.2134200013,31225292.819,0.12
Pueblo Urban Area,2021-01-01,USA,430220.33071999985,3585549.036,0.12
Fond du Lac County,2021-01-01,USA,254847.95427,2122860.149,0.12
Union Parish,2021-01-01,USA,12925.32139,107669.7,0.12
Cameron County,2021-01-01,USA,416623.9853500002,3474391.873,0.1199
Valencia County,2021-01-01,USA,94397.40778,787181.295,0.1199
Winston-Salem Urban Area,2021-01-01,USA,849759.6449400001,7088305.505,0.1199
Traill County,2021-01-01,USA,16562.76593,138128.356,0.1199
Denver County,2021-01-01,USA,2445836.607269999,20400866.378,0.1199
Murray County,2021-01-01,USA,5764.477359999999,48121.305,0.1198
Josephine County,2021-01-01,USA,102865.65654000003,859642.371,0.1197
Howard County,2021-01-01,USA,6110.5450200000005,51057.485,0.1197
Wood County,2021-01-01,USA,187790.69231999997,1569276.705,0.1197
Judith Basin County,2021-01-01,USA,479.94366,4009.567,0.1197
Erie County,2021-01-01,USA,186408.10484999997,1557678.659,0.1197
Pierce County,2021-01-01,USA,3360.6262200000006,28077.647,0.1197
Falls County,2021-01-01,USA,7478.808349999998,62466.374,0.1197
Kenosha County,2021-01-01,USA,507060.92211,4238613.347,0.1196
Monroe County,2021-01-01,USA,107383.63933000002,898063.324,0.1196
Sainte Genevieve County,2021-01-01,USA,11906.03331,99511.304,0.1196
Woodbury County,2021-01-01,USA,267666.75449,2238496.313,0.1196
Geary County,2021-01-01,USA,65364.94744999999,546815.326,0.1195
Colfax County,2021-01-01,USA,20309.91235,169998.426,0.1195
Platte County,2021-01-01,USA,249723.41811000003,2089216.465,0.1195
Hardin County,2021-01-01,USA,33047.242099999996,276529.208,0.1195
Eugene Urban Area,2021-01-01,USA,778667.87845,6517478.033,0.1195
Springdale Urban Area,2021-01-01,USA,643007.3002299999,5380114.911,0.1195
Ford County,2021-01-01,USA,59563.01456,498747.167,0.1194
Doniphan County,2021-01-01,USA,18258.211850000003,152934.521,0.1194
Fremont County,2021-01-01,USA,5863.35991,49109.687,0.1194
Cherokee County,2021-01-01,USA,43534.676640000005,364504.109,0.1194
Franklin County,2021-01-01,USA,1351.6298500000003,11320.546,0.1194
Kewaunee County,2021-01-01,USA,32776.14131999999,274698.828,0.1193
Pointe Coupee Parish,2021-01-01,USA,12232.209049999996,102531.664,0.1193
Killeen Urban Area,2021-01-01,USA,349301.43544000003,2927138.085,0.1193
Turner County,2021-01-01,USA,15478.567009999997,129711.607,0.1193
Shelby County,2021-01-01,USA,16739.16696,140401.071,0.1192
Moniteau County,2021-01-01,USA,19641.53878,164933.063,0.1191
Butler County,2021-01-01,USA,48864.27553,410110.623,0.1191
Oshkosh Urban Area,2021-01-01,USA,421595.87678,3539930.555,0.1191
Lexington Independent City,2021-01-01,USA,15503.223209999998,130217.689,0.1191
Randolph County,2021-01-01,USA,22591.000060000002,189623.816,0.1191
Lexington County,2021-01-01,USA,532096.2356999998,4472270.348,0.119
Oakland County,2021-01-01,USA,2374139.6076100003,19971216.851,0.1189
Kalamazoo County,2021-01-01,USA,509429.55077,4287197.212,0.1188
Union County,2021-01-01,USA,2256.2783999999997,18986.922,0.1188
Miller County,2021-01-01,USA,23872.818559999996,201171.185,0.1187
Douglas County,2021-01-01,USA,57012.14322,480425.831,0.1187
Maui County,2021-01-01,USA,175090.81408,1475310.227,0.1187
Stark County,2021-01-01,USA,791387.1455200001,6674882.374,0.1186
Virginia Beach Independent City,2021-01-01,USA,809918.97039,6830987.656,0.1186
Carson City Independent City,2021-01-01,USA,115556.47262000002,974103.067,0.1186
Howell County,2021-01-01,USA,56611.479869999996,477690.696,0.1185
Dodge County,2021-01-01,USA,162913.20236,1375214.95,0.1185
Darlington County,2021-01-01,USA,159282.83894999998,1344493.418,0.1185
Steele County,2021-01-01,USA,3379.0621500000007,28521.351,0.1185
Lipscomb County,2021-01-01,USA,221.69696,1871.225,0.1185
Halifax County,2021-01-01,USA,59361.28170000002,501098.096,0.1185
Botetourt County,2021-01-01,USA,42640.41573999999,359869.535,0.1185
Deschutes County,2021-01-01,USA,240598.09969999996,2031452.178,0.1184
Clinch County,2021-01-01,USA,8226.366490000002,69463.731,0.1184
Cherokee County,2021-01-01,USA,23690.07853,200105.724,0.1184
Washington County,2021-01-01,USA,616274.1072900001,5204587.213,0.1184
Idaho County,2021-01-01,USA,10626.981209999994,89802.536,0.1183
Toledo Urban Area,2021-01-01,USA,1673154.66963,14142495.765,0.1183
Toombs County,2021-01-01,USA,49920.85511999999,421922.303,0.1183
Warren County,2021-01-01,USA,12070.698380000002,102005.399,0.1183
Wayne County,2021-01-01,USA,15488.82094,130939.893,0.1183
Orangeburg County,2021-01-01,USA,121727.7335,1029770.713,0.1182
Natchitoches Parish,2021-01-01,USA,59779.46062999997,505536.865,0.1182
Ringgold County,2021-01-01,USA,5630.745249999999,47644.456,0.1182
Washington County,2021-01-01,USA,71052.39424999998,601565.684,0.1181
Saint Joseph County,2021-01-01,USA,703168.59739,5954665.53,0.1181
Wharton County,2021-01-01,USA,42208.74893,357430.628,0.1181
Shelby County,2021-01-01,USA,90988.36557999998,770820.158,0.118
Waupaca County,2021-01-01,USA,93627.87518999998,793627.109,0.118
Deuel County,2021-01-01,USA,7500.291840000001,63553.2,0.118
Taos County,2021-01-01,USA,17989.654519999996,152532.995,0.1179
Franklin Parish,2021-01-01,USA,16699.197819999998,141641.233,0.1179
Cumberland County,2021-01-01,USA,92938.65146999998,788557.817,0.1179
McDonough County,2021-01-01,USA,78520.23666999997,665814.212,0.1179
Socorro County,2021-01-01,USA,19140.76011,162285.829,0.1179
Martin County,2021-01-01,USA,59992.26540999997,508642.73,0.1179
Kosciusko County,2021-01-01,USA,145210.82863,1232917.299,0.1178
Caldwell County,2021-01-01,USA,5097.414990000001,43277.561,0.1178
Houston Urban Area,2021-01-01,USA,14040242.161759999,119316027.396,0.1177
Kent County,2021-01-01,USA,1453988.2277999993,12368107.027,0.1176
Bullitt County,2021-01-01,USA,128338.28242999996,1091362.462,0.1176
Hart County,2021-01-01,USA,18876.49203,160516.671,0.1176
Van Zandt County,2021-01-01,USA,33545.238520000006,285153.429,0.1176
Schuyler County,2021-01-01,USA,6640.2857799999965,56465.478,0.1176
Brownsville Urban Area,2021-01-01,USA,251509.68233,2138817.214,0.1176
Ottawa County,2021-01-01,USA,50126.434010000026,426420.683,0.1176
Marion County,2021-01-01,USA,26811.638460000002,228199.058,0.1175
McDuffie County,2021-01-01,USA,41966.30954000001,357125.775,0.1175
Santa Clara County,2021-01-01,USA,4373755.114270001,37213446.492,0.1175
Bingham County,2021-01-01,USA,94092.76484000002,800801.845,0.1175
Clatsop County,2021-01-01,USA,67160.92530999998,572130.514,0.1174
Loudon County,2021-01-01,USA,105804.35536000003,901294.101,0.1174
Berrien County,2021-01-01,USA,21014.601370000008,179093.709,0.1173
Crenshaw County,2021-01-01,USA,4949.070530000001,42175.446,0.1173
Spokane County,2021-01-01,USA,1029166.1981299999,8775560.801,0.1173
Menard County,2021-01-01,USA,88.55653999999998,755.412,0.1172
Niobrara County,2021-01-01,USA,1039.5378200000002,8870.916,0.1172
Dent County,2021-01-01,USA,17752.96911,151508.496,0.1172
Borden County,2021-01-01,USA,390.06834,3327.18,0.1172
Acadia Parish,2021-01-01,USA,60028.692259999996,512078.827,0.1172
Haskell County,2021-01-01,USA,1674.5282400000008,14305.908,0.1171
Rains County,2021-01-01,USA,8353.149239999997,71335.039,0.1171
Riley County,2021-01-01,USA,154077.33177,1315665.743,0.1171
Morgan County,2021-01-01,USA,23258.317069999994,198863.967,0.117
Fulton County,2021-01-01,USA,23024.551330000002,196805.7,0.117
Taliaferro County,2021-01-01,USA,864.25103,7386.84,0.117
Kinney County,2021-01-01,USA,175.36357999999996,1498.238,0.117
Carroll County,2021-01-01,USA,22248.247980000004,190154.564,0.117
Pickens County,2021-01-01,USA,11090.988949999997,94901.712,0.1169
Cedar County,2021-01-01,USA,35309.166690000005,302121.939,0.1169
McMinn County,2021-01-01,USA,104440.52930000002,893213.812,0.1169
Nantucket County,2021-01-01,USA,1607.1088999999997,13744.248,0.1169
Jefferson County,2021-01-01,USA,227029.87220000007,1942676.207,0.1169
Jenkins County,2021-01-01,USA,10997.135980000003,94143.099,0.1168
Carbon County,2021-01-01,USA,22570.48109,193285.832,0.1168
Jackson County,2021-01-01,USA,24108.932210000003,206473.443,0.1168
Montgomery County,2021-01-01,USA,958200.8465499999,8203624.145,0.1168
Renville County,2021-01-01,USA,2651.826160000001,22738.99,0.1166
Harrisonburg Independent City,2021-01-01,USA,198863.13251000002,1705668.444,0.1166
Otero County,2021-01-01,USA,40108.279100000014,344042.055,0.1166
Saint Clair County,2021-01-01,USA,469684.45064,4030320.034,0.1165
Clarke County,2021-01-01,USA,252219.00746000002,2165086.99,0.1165
San Mateo County,2021-01-01,USA,1303073.1343799997,11185275.94,0.1165
Frederick County,2021-01-01,USA,185659.54374999998,1594570.315,0.1164
Merced County,2021-01-01,USA,669353.7025600001,5751401.309,0.1164
Forsyth County,2021-01-01,USA,800540.2753100003,6879898.529,0.1164
Mineral County,2021-01-01,USA,1075.9773,9251.962,0.1163
Rhea County,2021-01-01,USA,69848.76399,600431.32,0.1163
Emporia Independent City,2021-01-01,USA,27155.61038,233545.15,0.1163
Calumet County,2021-01-01,USA,71740.31761999999,616940.712,0.1163
Marion County,2021-01-01,USA,33758.97087,290391.418,0.1163
Stutsman County,2021-01-01,USA,52098.00993999999,447813.54,0.1163
Blount County,2021-01-01,USA,210487.73085999998,1810748.638,0.1162
Highland County,2021-01-01,USA,1026.6251900000002,8834.594,0.1162
Douglas County,2021-01-01,USA,142313.14703,1224933.452,0.1162
Logan County,2021-01-01,USA,40745.03941000001,350728.267,0.1162
Warren County,2021-01-01,USA,24907.517879999996,214542.203,0.1161
Lynn County,2021-01-01,USA,1004.40925,8661.058,0.116
Chico Urban Area,2021-01-01,USA,158429.70825999998,1365313.106,0.116
Maury County,2021-01-01,USA,162120.38095000008,1397070.927,0.116
Saint Martin Parish,2021-01-01,USA,70316.59259000003,606228.181,0.116
Lamar County,2021-01-01,USA,73599.80948,634359.497,0.116
Floyd County,2021-01-01,USA,29275.070679999997,252416.24,0.116
Sunflower County,2021-01-01,USA,22034.508650000003,190092.945,0.1159
Seneca County,2021-01-01,USA,126025.18379000004,1086938.901,0.1159
Slope County,2021-01-01,USA,81.55977000000001,704.518,0.1158
Washington County,2021-01-01,USA,8611.81104,74339.14,0.1158
Nelson County,2021-01-01,USA,5641.905959999999,48758.539,0.1157
Kent County,2021-01-01,USA,338894.0979099999,2928401.908,0.1157
Woodford County,2021-01-01,USA,41306.79903999999,357007.651,0.1157
Parker County,2021-01-01,USA,143904.50281,1244624.47,0.1156
Lincoln Urban Area,2021-01-01,USA,1018343.4108999999,8811171.31,0.1156
Williamson County,2021-01-01,USA,324251.3633800001,2805877.269,0.1156
Saginaw Urban Area,2021-01-01,USA,662408.36468,5731443.281,0.1156
Union County,2021-01-01,USA,14673.752539999998,127066.087,0.1155
Scott County,2021-01-01,USA,2782.5398699999996,24085.008,0.1155
Stoddard County,2021-01-01,USA,41537.56136,359646.271,0.1155
Uintah County,2021-01-01,USA,19132.58441,165802.899,0.1154
Polk County,2021-01-01,USA,16432.80252,142417.942,0.1154
Sumter County,2021-01-01,USA,63580.84459999997,551675.478,0.1153
Haskell County,2021-01-01,USA,3398.2936299999997,29463.252,0.1153
San Juan County,2021-01-01,USA,269106.23558000004,2334946.625,0.1153
Jennings County,2021-01-01,USA,46376.1478,402388.335,0.1153
Rock County,2021-01-01,USA,452705.8830599998,3932340.826,0.1151
Lyon County,2021-01-01,USA,76594.56913,665658.449,0.1151
Wayne County,2021-01-01,USA,5016.997350000001,43582.883,0.1151
Jackson County,2021-01-01,USA,50893.42420999999,442036.516,0.1151
Grant County,2021-01-01,USA,199906.79833999992,1736510.375,0.1151
Wilson County,2021-01-01,USA,246327.77859999996,2139793.19,0.1151
Dubuque Urban Area,2021-01-01,USA,256545.61307000002,2230301.066,0.115
Lake Superior,2021-01-01,USA,14359.90362,124843.867,0.115
Montgomery County,2021-01-01,USA,12887.72707,112020.622,0.115
Taylor County,2021-01-01,USA,53952.845620000015,469297.179,0.115
Atlanta Urban Area,2021-01-01,USA,13963279.40491,121416885.544,0.115
Crawford County,2021-01-01,USA,4978.574699999999,43317.028,0.1149
Newton County,2021-01-01,USA,82646.77458000001,719029.105,0.1149
Mercer County,2021-01-01,USA,29824.741579999994,259589.657,0.1149
Defiance County,2021-01-01,USA,107463.46570000002,934919.996,0.1149
Lake Michigan,2021-01-01,USA,106978.14954000001,932173.767,0.1148
Coahoma County,2021-01-01,USA,38117.91403000001,332161.984,0.1148
Gosper County,2021-01-01,USA,1786.7149799999995,15582.786,0.1147
Lee County,2021-01-01,USA,78646.87743000002,685578.539,0.1147
Lancaster County,2021-01-01,USA,1012975.0987399997,8828720.189,0.1147
Ventura County,2021-01-01,USA,1393541.31012,12152565.78,0.1147
Napa Urban Area,2021-01-01,USA,88533.24041000001,772242.814,0.1146
Winnebago County,2021-01-01,USA,11604.536940000007,101245.326,0.1146
Harrisburg Urban Area,2021-01-01,USA,1547721.41405,13506519.46,0.1146
McIntosh County,2021-01-01,USA,13354.00899,116519.398,0.1146
Baca County,2021-01-01,USA,1963.6294200000004,17137.447,0.1146
Baker County,2021-01-01,USA,21789.51448,190166.369,0.1146
Baldwin County,2021-01-01,USA,222202.44471999997,1939644.661,0.1146
Holt County,2021-01-01,USA,3364.582979999999,29391.862,0.1145
White County,2021-01-01,USA,102055.96695,891021.886,0.1145
Champaign Urban Area,2021-01-01,USA,498530.66669,4359028.444,0.1144
Hickman County,2021-01-01,USA,1975.6499399999998,17273.323,0.1144
Bryan County,2021-01-01,USA,51570.07059999999,451018.092,0.1143
Franklin County,2021-01-01,USA,35207.1154,308002.04,0.1143
Harmon County,2021-01-01,USA,1122.0605099999998,9829.022,0.1142
Griggs County,2021-01-01,USA,6060.4671499999995,53061.66,0.1142
Douglas County,2021-01-01,USA,7207.376899999999,63109.882,0.1142
Pottawatomie County,2021-01-01,USA,77302.91400000003,677562.381,0.1141
Hamilton County,2021-01-01,USA,556051.0376399999,4875135.984,0.1141
Dallas Urban Area,2021-01-01,USA,19036589.798049998,166851984.076,0.1141
Riverside County,2021-01-01,USA,3676912.106990001,32215502.205,0.1141
Calhoun County,2021-01-01,USA,41255.69785,361506.021,0.1141
Martin County,2021-01-01,USA,41791.930860000015,366499.65,0.114
Autauga County,2021-01-01,USA,72410.13625,634976.428,0.114
Colorado County,2021-01-01,USA,17426.0559,153056.068,0.1139
Jones County,2021-01-01,USA,1940.0073400000006,17027.155,0.1139
Pike County,2021-01-01,USA,12768.813709999997,112084.176,0.1139
Mercer County,2021-01-01,USA,1187.3889799999997,10435.339,0.1138
Graves County,2021-01-01,USA,36073.48893,317088.081,0.1138
Saint Johns County,2021-01-01,USA,138354.96156,1215482.428,0.1138
Lake Hurron,2021-01-01,USA,20533.68664,180473.291,0.1138
Skagit County,2021-01-01,USA,265073.32755000005,2330857.512,0.1137
Lincoln County,2021-01-01,USA,19598.293469999997,172315.08,0.1137
Sauk County,2021-01-01,USA,191309.89861000006,1681951.066,0.1137
Sullivan County,2021-01-01,USA,318461.53755,2800013.706,0.1137
Person County,2021-01-01,USA,61573.50715999998,541487.577,0.1137
Cedar County,2021-01-01,USA,8949.242359999998,78782.174,0.1136
San Augustine County,2021-01-01,USA,3212.207109999999,28264.428,0.1136
Stephenson County,2021-01-01,USA,67229.69764,591667.77,0.1136
Champaign County,2021-01-01,USA,506492.7273099998,4460483.768,0.1136
Langlade County,2021-01-01,USA,49112.85457999999,432394.504,0.1136
Teton County,2021-01-01,USA,5025.15321,44296.97,0.1134
Rock County,2021-01-01,USA,22420.32933,197791.091,0.1134
Lincoln County,2021-01-01,USA,8092.111519999997,71364.453,0.1134
Clinton County,2021-01-01,USA,58163.92886000001,512810.483,0.1134
Warren County,2021-01-01,USA,247782.71640000006,2186857.01,0.1133
Alamance County,2021-01-01,USA,246136.41004000002,2173614.809,0.1132
Butte County,2021-01-01,USA,249863.20713000002,2207052.505,0.1132
Zavala County,2021-01-01,USA,5035.004260000001,44478.668,0.1132
Grayson County,2021-01-01,USA,4715.247510000002,41636.724,0.1132
Cowlitz County,2021-01-01,USA,324713.95151000004,2870291.392,0.1131
Clayton County,2021-01-01,USA,13722.357729999996,121368.764,0.1131
Linn County,2021-01-01,USA,14604.219119999996,129173.218,0.1131
Harris County,2021-01-01,USA,10964318.164679995,96997269.274,0.113
Staunton Independent City,2021-01-01,USA,47766.48553000001,422723.405,0.113
Shelby County,2021-01-01,USA,93334.47376999998,825688.686,0.113
Pueblo County,2021-01-01,USA,460861.90968000004,4077122.399,0.113
Santa Barbara Urban Area,2021-01-01,USA,368807.1782600001,3265359.98,0.1129
Gwinnett County,2021-01-01,USA,2154951.74606,19087300.161,0.1129
Gibson County,2021-01-01,USA,58163.454900000004,515135.758,0.1129
Jefferson County,2021-01-01,USA,22852.05317,202367.63,0.1129
Knox County,2021-01-01,USA,105762.21008999998,937686.853,0.1128
Janesville Urban Area,2021-01-01,USA,403736.85613999993,3577694.542,0.1128
Bradford County,2021-01-01,USA,16532.54955,146718.943,0.1127
Conway County,2021-01-01,USA,18189.713689999997,161538.412,0.1126
Mitchell County,2021-01-01,USA,32738.398650000003,290792.779,0.1126
Craven County,2021-01-01,USA,109776.67944,975025.142,0.1126
Franklin County,2021-01-01,USA,204536.33973,1818193.786,0.1125
Jersey County,2021-01-01,USA,21089.562950000003,187518.131,0.1125
Decatur County,2021-01-01,USA,50659.894459999996,450354.535,0.1125
Bradley County,2021-01-01,USA,226632.61724999998,2014427.338,0.1125
Kansas City Urban Area,2021-01-01,USA,4918630.800000002,43712036.709,0.1125
Pottawattamie County,2021-01-01,USA,329366.15719999996,2930469.369,0.1124
Laurens County,2021-01-01,USA,84746.37316000002,753785.902,0.1124
Merrick County,2021-01-01,USA,12066.75379,107329.663,0.1124
Franklin County,2021-01-01,USA,22459.074590000004,199872.694,0.1124
Henderson County,2021-01-01,USA,67261.09152999999,598793.337,0.1123
Johnson County,2021-01-01,USA,1370663.9360399998,12200265.388,0.1123
Wayne County,2021-01-01,USA,133241.97694000002,1186500.833,0.1123
Fannin County,2021-01-01,USA,19944.782809999993,177610.113,0.1123
Dawson County,2021-01-01,USA,18273.707169999998,162782.58,0.1123
Holt County,2021-01-01,USA,16235.629190000001,144797.333,0.1121
Coos County,2021-01-01,USA,86691.18119000005,773565.161,0.1121
Omaha Urban Area,2021-01-01,USA,2459699.6255399995,21937901.306,0.1121
Osage County,2021-01-01,USA,17103.36912,152724.426,0.112
White County,2021-01-01,USA,34527.095880000015,308325.584,0.112
Sampson County,2021-01-01,USA,58075.302970000004,518603.609,0.112
Redwood County,2021-01-01,USA,27895.26023999999,249181.62,0.1119
Rio Grande County,2021-01-01,USA,13257.370959999995,118510.158,0.1119
Woodruff County,2021-01-01,USA,10666.21258,95356.222,0.1119
Kiowa County,2021-01-01,USA,4332.42616,38710.323,0.1119
Wichita Urban Area,2021-01-01,USA,1214219.1413800002,10856568.583,0.1118
Coffee County,2021-01-01,USA,43891.90591999999,393085.375,0.1117
Sherman County,2021-01-01,USA,2191.790409999999,19617.804,0.1117
Cuyahoga County,2021-01-01,USA,2562144.0955800004,22951799.566,0.1116
Peoria Urban Area,2021-01-01,USA,938084.9073999998,8404518.635,0.1116
Phillips County,2021-01-01,USA,32656.42579,292636.693,0.1116
Pasco County,2021-01-01,USA,397212.2721199999,3558613.716,0.1116
Pleasants County,2021-01-01,USA,45233.92589,405498.873,0.1116
Walker County,2021-01-01,USA,63013.17865,564828.297,0.1116
Virginia Beach Urban Area,2021-01-01,USA,3752037.4336299994,33639316.074,0.1115
Kingsbury County,2021-01-01,USA,1755.9628699999996,15744.2,0.1115
Hanson County,2021-01-01,USA,1516.5679399999997,13606.62,0.1115
Des Moines Urban Area,2021-01-01,USA,1755011.0724599997,15774148.004,0.1113
Sandusky County,2021-01-01,USA,133399.30957,1198554.527,0.1113
Harrison County,2021-01-01,USA,12944.442880000002,116419.246,0.1112
Dubuque County,2021-01-01,USA,259794.86311999997,2336316.66,0.1112
Bartow County,2021-01-01,USA,362504.5180600001,3260710.536,0.1112
Youngstown Urban Area,2021-01-01,USA,1083728.45429,9757651.151,0.1111
Wright County,2021-01-01,USA,17408.955950000003,156819.687,0.111
Reno Urban Area,2021-01-01,USA,1306488.1660900002,11766221.315,0.111
Washoe County,2021-01-01,USA,1314638.55234,11842211.94,0.111
Latimer County,2021-01-01,USA,7407.05192,66788.592,0.1109
Hill County,2021-01-01,USA,34513.534,311145.904,0.1109
Simpson County,2021-01-01,USA,31560.17124,284461.265,0.1109
Marshall County,2021-01-01,USA,105260.27957999997,949880.584,0.1108
Springfield Urban Area,2021-01-01,USA,840632.9891700003,7586682.395,0.1108
Saguache County,2021-01-01,USA,10735.22074,96924.543,0.1108
Miami-Dade County,2021-01-01,USA,3721269.4982800023,33607923.803,0.1107
Tazewell County,2021-01-01,USA,342562.17454000015,3094496.085,0.1107
Haskell County,2021-01-01,USA,6634.027840000002,59929.148,0.1107
North Slope Borough,2021-01-01,USA,50831.00542,459133.385,0.1107
Multnomah County,2021-01-01,USA,2078904.0214099998,18777224.63,0.1107
Harney County,2021-01-01,USA,20319.15712,183608.221,0.1107
Peoria County,2021-01-01,USA,582976.1023400001,5271379.656,0.1106
Colquitt County,2021-01-01,USA,84838.75292,767248.647,0.1106
Union County,2021-01-01,USA,130842.54662999998,1183662.989,0.1105
Clinton County,2021-01-01,USA,38949.98612999998,352550.617,0.1105
Limestone County,2021-01-01,USA,18789.501069999995,170213.725,0.1104
Laclede County,2021-01-01,USA,58257.91180999999,527863.86,0.1104
Oldham County,2021-01-01,USA,2014.5834400000003,18245.753,0.1104
Lenoir County,2021-01-01,USA,88705.71583000002,803822.582,0.1104
Dyer County,2021-01-01,USA,104094.55420999997,942581.089,0.1104
Norton County,2021-01-01,USA,4132.982109999999,37473.322,0.1103
Paulding County,2021-01-01,USA,27840.503110000005,252391.316,0.1103
Allen County,2021-01-01,USA,1124953.6287600002,10194841.213,0.1103
Lincoln County,2021-01-01,USA,12692.96102,115226.348,0.1102
Blackford County,2021-01-01,USA,25792.117089999996,234341.764,0.1101
Catron County,2021-01-01,USA,626.9176,5696.176,0.1101
Bell County,2021-01-01,USA,400042.1680400001,3634603.77,0.1101
Guadalupe County,2021-01-01,USA,1982.1413599999998,17998.348,0.1101
Hardy County,2021-01-01,USA,19377.17494,176138.071,0.11
Florence County,2021-01-01,USA,243827.39340999996,2217178.789,0.11
Jefferson County,2021-01-01,USA,12501.86664,113679.468,0.11
Logan County,2021-01-01,USA,3889.661030000001,35420.048,0.1098
Chase County,2021-01-01,USA,4058.858439999999,36994.162,0.1097
Henry County,2021-01-01,USA,100867.03895999999,919265.943,0.1097
Fresno County,2021-01-01,USA,2107401.32795,19212792.76,0.1097
Jackson County,2021-01-01,USA,21413.84645000001,195125.102,0.1097
Buena Vista County,2021-01-01,USA,46530.35680000001,424283.759,0.1097
Putnam County,2021-01-01,USA,24109.759629999993,219775.645,0.1097
Winneshiek County,2021-01-01,USA,44631.28914,407152.87,0.1096
Madison Parish,2021-01-01,USA,6014.99325,54898.448,0.1096
Barry County,2021-01-01,USA,43468.76671999998,396460.34,0.1096
Lake St. Clair,2021-01-01,USA,52327.290799999995,477699.799,0.1095
Mellette County,2021-01-01,USA,0.7129300000000004,6.516,0.1094
Cedar Rapids Urban Area,2021-01-01,USA,636281.50574,5815710.233,0.1094
Indianapolis Urban Area,2021-01-01,USA,4322736.26233,39502938.201,0.1094
Winchester Independent City,2021-01-01,USA,99226.75429000001,908348.669,0.1092
Appanoose County,2021-01-01,USA,11828.570939999996,108284.332,0.1092
Atchison County,2021-01-01,USA,32663.003510000006,299096.479,0.1092
Delta County,2021-01-01,USA,56859.01456999999,520453.802,0.1092
Grant County,2021-01-01,USA,18863.677900000006,172750.959,0.1092
Franklin County,2021-01-01,USA,51835.40041,475164.719,0.1091
Jackson County,2021-01-01,USA,1717232.7150800005,15741654.305,0.1091
Kern County,2021-01-01,USA,2128677.15369,19510818.362,0.1091
Greenville County,2021-01-01,USA,1096689.24739,10053799.359,0.1091
Clark County,2021-01-01,USA,4782.50344,43843.316,0.1091
Alachua County,2021-01-01,USA,554936.0020799998,5086427.653,0.1091
Davison County,2021-01-01,USA,56728.40239,520376.683,0.109
Harlan County,2021-01-01,USA,4111.6901,37711.119,0.109
Taney County,2021-01-01,USA,81948.51305000001,752101.998,0.109
Wells County,2021-01-01,USA,43986.813819999996,403798.787,0.1089
Los Angeles County,2021-01-01,USA,21688149.885719996,199105411.84,0.1089
Howard County,2021-01-01,USA,9504.97563,87297.562,0.1089
Gallia County,2021-01-01,USA,36967.844260000005,339459.675,0.1089
Washington County,2021-01-01,USA,19092.19804,175357.644,0.1089
Linn County,2021-01-01,USA,624587.02815,5737771.28,0.1089
Chaves County,2021-01-01,USA,62968.241200000004,577978.76,0.1089
Knox County,2021-01-01,USA,1074.1792199999998,9868.49,0.1088
Webster Parish,2021-01-01,USA,51721.77619000002,475553.508,0.1088
La Plata County,2021-01-01,USA,39873.1003,366601.821,0.1088
Ottawa County,2021-01-01,USA,3158.3417799999993,29066.609,0.1087
Washington County,2021-01-01,USA,15045.536259999995,138447.224,0.1087
Armstrong County,2021-01-01,USA,9.481500000000004,87.326,0.1086
Turlock Urban Area,2021-01-01,USA,220683.11877000003,2032753.8,0.1086
South Bend Urban Area,2021-01-01,USA,1866177.9816000005,17191698.018,0.1086
Blanco County,2021-01-01,USA,2605.222470000001,23978.51,0.1086
Choctaw County,2021-01-01,USA,8417.231300000001,77526.879,0.1086
Cherokee County,2021-01-01,USA,43940.995520000004,405493.329,0.1084
Clark County,2021-01-01,USA,61496.73643,568036.871,0.1083
Bernalillo County,2021-01-01,USA,1244418.45163,11503526.274,0.1082
Winston County,2021-01-01,USA,22682.47833,209685.646,0.1082
Albuquerque Urban Area,2021-01-01,USA,1368889.3130700001,12656598.046,0.1082
Refugio County,2021-01-01,USA,3721.0924000000005,34411.355,0.1081
Atkinson County,2021-01-01,USA,10536.558769999998,97446.437,0.1081
Zapata County,2021-01-01,USA,2739.17622,25349.156,0.1081
Hardin County,2021-01-01,USA,36389.14261,336648.913,0.1081
Detroit Urban Area,2021-01-01,USA,9394000.316420002,86965125.721,0.108
Madison County,2021-01-01,USA,82756.40992,766495.333,0.108
Rush County,2021-01-01,USA,13745.407229999999,127445.919,0.1079
Miner County,2021-01-01,USA,1465.84263,13603.598,0.1078
DeKalb County,2021-01-01,USA,1603492.3927699996,14880698.409,0.1078
Tulare County,2021-01-01,USA,644513.1390999999,5980179.008,0.1078
Fayette County,2021-01-01,USA,54521.020540000005,505778.873,0.1078
Charleston Urban Area,2021-01-01,USA,1111068.73507,10306926.172,0.1078
Oktibbeha County,2021-01-01,USA,100439.42430999999,932483.39,0.1077
Douglas County,2021-01-01,USA,1462957.9021000005,13578627.507,0.1077
Bakersfield Urban Area,2021-01-01,USA,1666504.3273299998,15490444.483,0.1076
Mahoning County,2021-01-01,USA,452946.34664999996,4208553.092,0.1076
Brown County,2021-01-01,USA,5285.67427,49132.911,0.1076
Sedgwick County,2021-01-01,USA,1193247.05109,11095337.333,0.1075
McLennan County,2021-01-01,USA,470335.12625999993,4373451.332,0.1075
Jim Hogg County,2021-01-01,USA,583.3528600000002,5425.575,0.1075
Indio Urban Area,2021-01-01,USA,445140.7895000001,4144605.939,0.1074
Talladega County,2021-01-01,USA,142631.89717,1327970.329,0.1074
Polk County,2021-01-01,USA,1548461.13321,14424099.933,0.1074
Allendale County,2021-01-01,USA,5998.463499999999,55854.333,0.1074
Harvey County,2021-01-01,USA,65772.82559000001,612586.52,0.1074
Wyandotte County,2021-01-01,USA,702707.6873699999,6542100.76,0.1074
Wayne County,2021-01-01,USA,22074.205519999992,205532.064,0.1074
Clinton County,2021-01-01,USA,134280.68529999998,1250455.39,0.1074
Towner County,2021-01-01,USA,3015.6059699999996,28117.499,0.1073
Caldwell County,2021-01-01,USA,8981.11847,83687.641,0.1073
Pulaski County,2021-01-01,USA,83203.54769,775233.796,0.1073
Montgomery County,2021-01-01,USA,36925.394920000006,344099.593,0.1073
Darke County,2021-01-01,USA,75700.55376000001,706373.693,0.1072
Rock Island County,2021-01-01,USA,399571.37459,3726562.136,0.1072
Kings County,2021-01-01,USA,356882.97453000006,3328848.984,0.1072
Contra Costa County,2021-01-01,USA,1884852.52821,17605481.646,0.1071
Nashville Urban Area,2021-01-01,USA,2413497.9391199998,22537888.82,0.1071
Bosque County,2021-01-01,USA,4511.77809,42139.335,0.1071
Beauregard Parish,2021-01-01,USA,34777.76941999999,324717.578,0.1071
Vermilion County,2021-01-01,USA,132964.7619,1242066.304,0.1071
Bon Homme County,2021-01-01,USA,5825.89159,54464.62,0.107
Tipton County,2021-01-01,USA,29366.96525,274350.496,0.107
Emanuel County,2021-01-01,USA,17934.892450000003,167552.25,0.107
Brown County,2021-01-01,USA,74972.63917999998,700784.623,0.107
Brown County,2021-01-01,USA,893983.31751,8358354.994,0.107
Craighead County,2021-01-01,USA,177119.74236000003,1656668.789,0.1069
Bowie County,2021-01-01,USA,137875.30503999998,1290455.11,0.1068
Shawnee County,2021-01-01,USA,420957.07275999995,3940476.571,0.1068
Davis County,2021-01-01,USA,3271.8170699999996,30621.944,0.1068
Issaquena County,2021-01-01,USA,54.13909000000001,506.926,0.1068
Rogers County,2021-01-01,USA,229931.32455000002,2153064.564,0.1068
Waco Urban Area,2021-01-01,USA,455493.23770000006,4267268.596,0.1067
Randolph County,2021-01-01,USA,15191.854779999994,142344.234,0.1067
Blaine County,2021-01-01,USA,11119.848910000002,104337.162,0.1066
Henry County,2021-01-01,USA,41145.71970000001,385926.579,0.1066
Kaufman County,2021-01-01,USA,139318.93644000005,1307103.788,0.1066
Bartholomew County,2021-01-01,USA,197938.58748000002,1858052.05,0.1065
Jo Daviess County,2021-01-01,USA,33979.53124999999,318994.203,0.1065
Putnam County,2021-01-01,USA,92571.96425999998,869072.212,0.1065
White County,2021-01-01,USA,11770.090820000003,110610.462,0.1064
McIntosh County,2021-01-01,USA,3223.0871700000007,30303.916,0.1064
Putnam County,2021-01-01,USA,1914.5114299999998,17996.248,0.1064
Franklin County,2021-01-01,USA,80886.69516999999,760016.339,0.1064
Childress County,2021-01-01,USA,4829.3112900000015,45372.191,0.1064
Kingfisher County,2021-01-01,USA,22175.60035,208400.462,0.1064
Ellsworth County,2021-01-01,USA,9076.443389999995,85281.811,0.1064
Clay County,2021-01-01,USA,46768.57229999999,439553.365,0.1064
Washington Parish,2021-01-01,USA,35977.86570999999,338356.321,0.1063
Bureau County,2021-01-01,USA,58568.364709999994,551057.749,0.1063
Tehama County,2021-01-01,USA,97033.47431000002,912890.308,0.1063
Howard County,2021-01-01,USA,61516.35142999998,578699.61,0.1063
Fresno Urban Area,2021-01-01,USA,1818818.57318,17107976.51,0.1063
Scott County,2021-01-01,USA,12167.670989999997,114534.77,0.1062
Clarke County,2021-01-01,USA,22952.976860000006,216097.854,0.1062
Jefferson Parish,2021-01-01,USA,929045.2428300002,8744811.938,0.1062
Topeka Urban Area,2021-01-01,USA,404202.2696,3807402.191,0.1062
Faulkner County,2021-01-01,USA,173079.77079,1629215.59,0.1062
Leflore County,2021-01-01,USA,63908.83734000001,602112.868,0.1061
Limestone County,2021-01-01,USA,160286.25930000003,1511283.458,0.1061
Jasper County,2021-01-01,USA,262848.19798999996,2477742.287,0.1061
Lafayette County,2021-01-01,USA,55867.43571999997,526919.363,0.106
Green Bay Urban Area,2021-01-01,USA,884537.7953299999,8342271.428,0.106
Bryan County,2021-01-01,USA,67017.68815999999,632766.421,0.1059
Tulsa Urban Area,2021-01-01,USA,2036724.6128599995,19233886.154,0.1059
Richland Parish,2021-01-01,USA,14829.330200000004,139968.559,0.1059
Dodge County,2021-01-01,USA,78772.53381000004,744180.112,0.1059
Sumter County,2021-01-01,USA,129446.06203999999,1222678.723,0.1059
Scott County,2021-01-01,USA,437917.81774999993,4137057.494,0.1059
Lee County,2021-01-01,USA,55729.97915,526973.258,0.1058
Scott County,2021-01-01,USA,111887.81665999998,1057969.137,0.1058
Clay County,2021-01-01,USA,568918.36333,5375494.115,0.1058
Scott County,2021-01-01,USA,3932.61739,37221.36,0.1057
Fayetteville Urban Area,2021-01-01,USA,404383.13127999986,3825942.389,0.1057
Fayette County,2021-01-01,USA,14252.849100000003,134844.78,0.1057
Las Vegas Urban Area,2021-01-01,USA,4399080.834410001,41643342.075,0.1056
Hamilton County,2021-01-01,USA,38841.27109999999,367855.114,0.1056
Washington County,2021-01-01,USA,70562.3566,667938.372,0.1056
Lafayette Parish,2021-01-01,USA,457742.57340000017,4339604.616,0.1055
Cincinnati Urban Area,2021-01-01,USA,4578170.044870001,43402051.759,0.1055
Cobb County,2021-01-01,USA,1918251.9147500002,18191507.599,0.1054
Pottawatomie County,2021-01-01,USA,21860.40873,207502.429,0.1054
Davenport Urban Area,2021-01-01,USA,905887.2992100001,8593138.905,0.1054
Williams County,2021-01-01,USA,104322.16171000001,990747.575,0.1053
Clark County,2021-01-01,USA,28819.096919999993,273682.479,0.1053
Washington County,2021-01-01,USA,3509.9222800000016,33336.345,0.1053
Murray County,2021-01-01,USA,15436.841360000002,146558.84,0.1053
Roosevelt County,2021-01-01,USA,22599.08882999999,214670.789,0.1053
Walton County,2021-01-01,USA,44702.884749999976,425028.243,0.1052
Hampton Independent City,2021-01-01,USA,265322.7349599999,2524186.437,0.1051
Franklin County,2021-01-01,USA,58231.46926999997,554062.309,0.1051
Florence County,2021-01-01,USA,5583.098320000001,53116.069,0.1051
Cowley County,2021-01-01,USA,62514.79758,594680.489,0.1051
Clark County,2021-01-01,USA,305957.80860000005,2910969.81,0.1051
Garland County,2021-01-01,USA,109071.14717000003,1037311.071,0.1051
Hall County,2021-01-01,USA,174279.42630000002,1659426.712,0.105
Clark County,2021-01-01,USA,4454802.195219999,42441841.984,0.105
Madison County,2021-01-01,USA,12428.935000000005,118367.178,0.105
Norfolk Independent City,2021-01-01,USA,644042.58469,6134703.087,0.105
Chelan County,2021-01-01,USA,164960.05487,1572979.075,0.1049
Richmond Independent City,2021-01-01,USA,548787.1189700001,5232428.129,0.1049
Aurora County,2021-01-01,USA,6746.34943,64309.317,0.1049
Wyandot County,2021-01-01,USA,48668.41627999999,464091.125,0.1049
Goshen County,2021-01-01,USA,30130.544069999993,287217.184,0.1049
Grundy County,2021-01-01,USA,17840.968079999995,170201.233,0.1048
Marshall County,2021-01-01,USA,155576.64070999998,1483827.571,0.1048
Beadle County,2021-01-01,USA,53239.42256000001,507941.834,0.1048
Harper County,2021-01-01,USA,285.09164000000004,2723.016,0.1047
Henry County,2021-01-01,USA,87880.03388999999,839370.286,0.1047
Seward County,2021-01-01,USA,16994.24875,162262.328,0.1047
Cochran County,2021-01-01,USA,2385.1606899999997,22785.51,0.1047
Lawrence County,2021-01-01,USA,72819.21091000001,696089.734,0.1046
Nemaha County,2021-01-01,USA,8680.72314,82969.654,0.1046
Marshall County,2021-01-01,USA,46625.56802000001,445597.887,0.1046
Poweshiek County,2021-01-01,USA,28752.348470000008,274753.528,0.1046
Randall County,2021-01-01,USA,138000.14826000002,1319323.95,0.1046
De Kalb County,2021-01-01,USA,104230.74117000007,997557.788,0.1045
Ashley County,2021-01-01,USA,42438.72831,406106.553,0.1045
College Station Urban Area,2021-01-01,USA,382279.36493999994,3656746.547,0.1045
Emmet County,2021-01-01,USA,22358.88964000001,214001.178,0.1045
Hopkins County,2021-01-01,USA,59475.074399999976,569878.805,0.1044
Modesto Urban Area,2021-01-01,USA,861907.7572300001,8261022.611,0.1043
Craig County,2021-01-01,USA,20419.65521,195812.613,0.1043
Yuma County,2021-01-01,USA,183290.66754,1757678.663,0.1043
Terrell County,2021-01-01,USA,10772.40356,103257.369,0.1043
Fort Wayne Urban Area,2021-01-01,USA,1390169.2589700005,13328365.875,0.1043
Floyd County,2021-01-01,USA,184026.26078999997,1764803.053,0.1043
Lampasas County,2021-01-01,USA,10056.398800000004,96497.434,0.1042
Greene County,2021-01-01,USA,725223.97197,6962335.985,0.1042
Canadian County,2021-01-01,USA,193961.36628000007,1861215.955,0.1042
Fayette County,2021-01-01,USA,20490.59022000001,196901.642,0.1041
Newton County,2021-01-01,USA,4578.621329999999,44004.04,0.1041
Union County,2021-01-01,USA,58311.974850000006,560287.286,0.1041
Lincoln County,2021-01-01,USA,69062.05504000002,663278.627,0.1041
Grant County,2021-01-01,USA,19586.730269999993,188315.57,0.104
San Diego County,2021-01-01,USA,4693897.40412,45151124.805,0.104
Bolivar County,2021-01-01,USA,46527.302910000006,447312.977,0.104
Vernon County,2021-01-01,USA,23881.181570000008,229692.883,0.104
Brazos County,2021-01-01,USA,386214.5187499999,3714631.28,0.104
Tallahassee Urban Area,2021-01-01,USA,543942.6928,5233828.622,0.1039
Harrison County,2021-01-01,USA,19045.750040000006,183481.426,0.1038
Rio Blanco County,2021-01-01,USA,5037.149010000001,48508.396,0.1038
Lincoln County,2021-01-01,USA,43968.34463999999,423715.869,0.1038
Lac qui Parle County,2021-01-01,USA,11310.648709999996,108966.553,0.1038
Yolo County,2021-01-01,USA,690333.2615499999,6656755.834,0.1037
Delta County,2021-01-01,USA,1092.6076699999996,10539.226,0.1037
Lexington Urban Area,2021-01-01,USA,1026591.71133,9901783.37,0.1037
Audrain County,2021-01-01,USA,42575.93205000002,410524.188,0.1037
Lee County,2021-01-01,USA,16356.765490000002,157903.466,0.1036
Saline County,2021-01-01,USA,25088.22431,242189.938,0.1036
Knoxville Urban Area,2021-01-01,USA,1128553.64672,10888660.622,0.1036
Baker County,2021-01-01,USA,24206.571520000005,233649.041,0.1036
Sedgwick County,2021-01-01,USA,4244.624519999999,40985.196,0.1036
Austin County,2021-01-01,USA,31870.123190000006,307603.615,0.1036
Visalia Urban Area,2021-01-01,USA,406859.66516999993,3929403.115,0.1035
Tulsa County,2021-01-01,USA,1653283.9770300004,15968397.114,0.1035
Otero County,2021-01-01,USA,13198.330350000002,127507.747,0.1035
Camden County,2021-01-01,USA,26548.201740000004,256777.901,0.1034
Curry County,2021-01-01,USA,25696.16608,248422.446,0.1034
Tijuana Urban Area,2021-01-01,USA,4625555.517259998,44718820.954,0.1034
Lakeland Urban Area,2021-01-01,USA,787556.0504499999,7625309.082,0.1033
Miller County,2021-01-01,USA,49055.68775999999,474657.556,0.1033
Adams County,2021-01-01,USA,76226.53162,738354.085,0.1032
Caribou County,2021-01-01,USA,11179.158910000002,108324.228,0.1032
Lee County,2021-01-01,USA,256661.4814499999,2486793.904,0.1032
Stephens County,2021-01-01,USA,54122.83995,524297.259,0.1032
Shelby County,2021-01-01,USA,22484.740540000006,218084.394,0.1031
Waynesboro Independent City,2021-01-01,USA,51177.14398000001,496837.842,0.103
Wise County,2021-01-01,USA,70113.62726,680739.079,0.103
Okeechobee County,2021-01-01,USA,27963.392590000003,271863.182,0.1029
Dundy County,2021-01-01,USA,3197.0099200000004,31077.634,0.1029
Charleston County,2021-01-01,USA,763755.48436,7423524.965,0.1029
Sullivan County,2021-01-01,USA,35086.1354,341425.952,0.1028
Sherman County,2021-01-01,USA,3812.34967,37098.348,0.1028
Saint Tammany Parish,2021-01-01,USA,216910.21018999998,2110709.02,0.1028
Los Alamos County,2021-01-01,USA,15989.762919999994,155498.938,0.1028
Callahan County,2021-01-01,USA,5965.3646499999995,58016.971,0.1028
Newberry County,2021-01-01,USA,65421.78585000001,637300.638,0.1027
Grant County,2021-01-01,USA,139540.94965999998,1358510.208,0.1027
Cook County,2021-01-01,USA,33901.77226,330199.509,0.1027
Coles County,2021-01-01,USA,148730.29946,1449698.44,0.1026
Orange County,2021-01-01,USA,5921863.628389998,57717125.739,0.1026
Bourbon County,2021-01-01,USA,14198.143170000001,138440.824,0.1026
Dickinson County,2021-01-01,USA,62205.27095999999,606997.915,0.1025
Madison County,2021-01-01,USA,167595.93221,1637372.806,0.1024
Grayson County,2021-01-01,USA,177362.5375099999,1731555.448,0.1024
Vigo County,2021-01-01,USA,275643.22712,2691728.413,0.1024
Marion County,2021-01-01,USA,21572.10936,210638.61,0.1024
Stanislaus County,2021-01-01,USA,1219561.4380999997,11915455.322,0.1024
Mesa County,2021-01-01,USA,295934.9154799999,2892337.167,0.1023
Crawford County,2021-01-01,USA,60613.51077000001,592478.228,0.1023
Garfield County,2021-01-01,USA,2446.4431700000005,23904.139,0.1023
Columbia County,2021-01-01,USA,74714.15371000001,730103.946,0.1023
Atchison County,2021-01-01,USA,9021.15759,88191.188,0.1023
Leon County,2021-01-01,USA,527666.4684799999,5160933.849,0.1022
Campbell County,2021-01-01,USA,2102.59619,20566.36,0.1022
Van Wert County,2021-01-01,USA,55480.892989999986,542910.731,0.1022
Dillon County,2021-01-01,USA,35030.565760000005,342874.825,0.1022
Moultrie County,2021-01-01,USA,12300.927069999998,120363.481,0.1022
Twiggs County,2021-01-01,USA,17877.993420000006,174848.625,0.1022
Boone County,2021-01-01,USA,45974.489480000004,449673.421,0.1022
Greene County,2021-01-01,USA,114461.58193000001,1121596.991,0.1021
Ross County,2021-01-01,USA,95898.34049999995,939008.052,0.1021
Audubon County,2021-01-01,USA,7946.823520000002,77854.409,0.1021
Geneva County,2021-01-01,USA,17428.754709999994,170732.285,0.1021
McLean County,2021-01-01,USA,4129.718130000001,40497.443,0.102
Los Angeles Urban Area,2021-01-01,USA,33361852.833910003,327400142.247,0.1019
Solano County,2021-01-01,USA,862578.7869700001,8461464.562,0.1019
Mecklenburg County,2021-01-01,USA,2219043.5749600003,21777737.737,0.1019
Motley County,2021-01-01,USA,107.32119999999998,1053.492,0.1019
Spartanburg County,2021-01-01,USA,848813.2404099999,8338956.998,0.1018
Alleghany County,2021-01-01,USA,15310.74745,150343.017,0.1018
Dupage County,2021-01-01,USA,3168687.81431,31118796.753,0.1018
Stanton County,2021-01-01,USA,1628.9422700000005,16018.764,0.1017
Cass County,2021-01-01,USA,79514.00552,782101.079,0.1017
Oklahoma City Urban Area,2021-01-01,USA,2702431.82192,26560702.402,0.1017
Brown County,2021-01-01,USA,19682.162659999998,193478.816,0.1017
Haakon County,2021-01-01,USA,1067.89777,10505.94,0.1016
Jackson County,2021-01-01,USA,16410.32612,161538.7,0.1016
LaGrange County,2021-01-01,USA,69253.28193999999,681646.329,0.1016
Dallas County,2021-01-01,USA,8462758.105690004,83258217.986,0.1016
Monroe County,2021-01-01,USA,8976.812569999998,88351.831,0.1016
Montgomery Urban Area,2021-01-01,USA,691939.8848500001,6808640.337,0.1016
Otoe County,2021-01-01,USA,34261.1652,337071.428,0.1016
Decatur County,2021-01-01,USA,1442.3368299999997,14198.458,0.1016
Brunswick County,2021-01-01,USA,77466.64326999999,764069.715,0.1014
Chesapeake Independent City,2021-01-01,USA,598403.5309899998,5901585.338,0.1014
Knox County,2021-01-01,USA,7329.457129999998,72300.4,0.1014
Lake County,2021-01-01,USA,31844.23499,314249.95,0.1013
Clinton County,2021-01-01,USA,65391.09830000001,645553.43,0.1013
Worth County,2021-01-01,USA,5782.07878,57063.76,0.1013
Clay County,2021-01-01,USA,10368.614820000003,102352.221,0.1013
Hamilton County,2021-01-01,USA,5057.79679,49936.578,0.1013
Highlands County,2021-01-01,USA,60942.935030000015,602222.804,0.1012
Dickinson County,2021-01-01,USA,21132.46448,208794.026,0.1012
Chautauqua County,2021-01-01,USA,2368.2799199999995,23391.441,0.1012
Polk County,2021-01-01,USA,837921.3409099999,8289943.061,0.1011
Manitowoc County,2021-01-01,USA,190506.90101,1883532.603,0.1011
Calhoun County,2021-01-01,USA,3819.6420500000004,37817.639,0.101
Mercer County,2021-01-01,USA,6435.049990000001,63726.443,0.101
Benton County,2021-01-01,USA,8746.845220000003,86598.124,0.101
San Luis Obispo County,2021-01-01,USA,409999.33748000016,4063515.623,0.1009
Grand Junction Urban Area,2021-01-01,USA,284879.61357000005,2823243.314,0.1009
Mackinac County,2021-01-01,USA,5014.260219999998,49674.254,0.1009
Christian County,2021-01-01,USA,105225.95254000003,1042797.931,0.1009
Marathon County,2021-01-01,USA,458504.37607999996,4543993.544,0.1009
Taylor County,2021-01-01,USA,30422.3164,301511.048,0.1009
Howard County,2021-01-01,USA,198655.24163000003,1970552.535,0.1008
Vanderburgh County,2021-01-01,USA,434816.8511099999,4312227.19,0.1008
Boone County,2021-01-01,USA,140861.46074,1397879.429,0.1008
Wabash County,2021-01-01,USA,8493.71339,84315.083,0.1007
Clay County,2021-01-01,USA,160359.58698000002,1593936.413,0.1006
Independence County,2021-01-01,USA,66675.80546,662712.271,0.1006
Plymouth County,2021-01-01,USA,48465.67414000001,481789.183,0.1006
Page County,2021-01-01,USA,28629.50211,284652.226,0.1006
Evangeline Parish,2021-01-01,USA,13921.926800000003,138453.884,0.1006
Lee County,2021-01-01,USA,14725.74831,146501.295,0.1005
Columbia Urban Area,2021-01-01,USA,1187872.4600400005,11816213.62,0.1005
Greene County,2021-01-01,USA,68416.36211000002,681152.314,0.1004
Phillips County,2021-01-01,USA,8621.84883,85865.525,0.1004
Lowndes County,2021-01-01,USA,204530.00984999997,2037181.117,0.1004
Angelina County,2021-01-01,USA,156121.9303,1554762.02,0.1004
Ellis County,2021-01-01,USA,48582.07674,483829.535,0.1004
Hutchinson County,2021-01-01,USA,6543.0893099999985,65205.845,0.1003
Amarillo Urban Area,2021-01-01,USA,423652.3116700002,4223698.882,0.1003
Humboldt County,2021-01-01,USA,24553.08791999999,244803.04,0.1003
Boone County,2021-01-01,USA,607240.8172800001,6057788.335,0.1002
Baker County,2021-01-01,USA,4958.3382,49468.207,0.1002
Winnebago County,2021-01-01,USA,523627.5945600002,5227039.33,0.1002
Iroquois County,2021-01-01,USA,22153.842439999997,221106.598,0.1002
Luna County,2021-01-01,USA,15606.891570000002,155882.016,0.1001
Clay County,2021-01-01,USA,14749.059649999997,147350.643,0.1001
Obion County,2021-01-01,USA,73432.26443000001,733374.449,0.1001
Kankakee Urban Area,2021-01-01,USA,276955.31512,2766155.944,0.1001
St. Louis Urban Area,2021-01-01,USA,4742820.714780001,47362132.173,0.1001
Kankakee County,2021-01-01,USA,288594.7954800001,2883533.238,0.1001
Lafayette County,2021-01-01,USA,1750.6218600000002,17483.24,0.1001
Elk County,2021-01-01,USA,375.88158,3755.918,0.1001
Giles County,2021-01-01,USA,32254.391970000004,322637.24,0.1
Trumbull County,2021-01-01,USA,359646.10040999996,3600393.992,0.0999
Moody County,2021-01-01,USA,6929.357540000002,69344.78,0.0999
Washington County,2021-01-01,USA,4806.615199999998,48102.998,0.0999
Osceola County,2021-01-01,USA,261327.76751000003,2618566.015,0.0998
Jefferson County,2021-01-01,USA,57222.15687999998,573353.331,0.0998
Monroe County,2021-01-01,USA,48165.21093,483209.213,0.0997
Lafayette Urban Area,2021-01-01,USA,655214.2051400001,6569449.077,0.0997
Escambia County,2021-01-01,USA,56623.254910000025,567992.867,0.0997
Morton County,2021-01-01,USA,2879.1927600000004,28910.518,0.0996
Butler County,2021-01-01,USA,867945.8060299997,8715818.414,0.0996
Baxter County,2021-01-01,USA,32327.603899999995,324497.437,0.0996
Pipestone County,2021-01-01,USA,14974.541160000002,150413.137,0.0996
Marion County,2021-01-01,USA,2294192.0351900007,23041690.361,0.0996
Hernando County,2021-01-01,USA,103377.61159,1037798.987,0.0996
Harding County,2021-01-01,USA,344.70572,3466.118,0.0995
Irwin County,2021-01-01,USA,3771.9601099999995,37910.978,0.0995
Tensas Parish,2021-01-01,USA,2238.55622,22495.435,0.0995
Gloucester County,2021-01-01,USA,604377.0371400001,6072726.204,0.0995
Clayton County,2021-01-01,USA,834279.6715300002,8389352.357,0.0994
Evansville Urban Area,2021-01-01,USA,596570.2566499999,6000687.969,0.0994
Chickasaw County,2021-01-01,USA,23563.840610000003,236997.957,0.0994
Cherokee County,2021-01-01,USA,21170.839560000008,213164.839,0.0993
Madison County,2021-01-01,USA,75839.83492000002,763555.811,0.0993
Kerr County,2021-01-01,USA,44292.372090000026,446115.953,0.0993
Palm Coast Urban Area,2021-01-01,USA,53988.2128,543817.928,0.0993
Wayne County,2021-01-01,USA,51585.63678,519683.696,0.0993
Tracy Urban Area,2021-01-01,USA,240036.0507999999,2419302.272,0.0992
Furnas County,2021-01-01,USA,3044.33291,30675.718,0.0992
Carroll County,2021-01-01,USA,50733.87231999999,511578.894,0.0992
Wythe County,2021-01-01,USA,40041.810840000006,404164.178,0.0991
Cumberland County,2021-01-01,USA,362787.4106199999,3660510.554,0.0991
Lake Michigan,2021-01-01,USA,46516.58141,469901.792,0.099
Greer County,2021-01-01,USA,4835.29539,48827.986,0.099
Marshall County,2021-01-01,USA,16017.03853,162074.321,0.0988
Apache County,2021-01-01,USA,27605.930169999996,279771.175,0.0987
San Joaquin County,2021-01-01,USA,1975106.86625,20010117.348,0.0987
La Salle County,2021-01-01,USA,274242.29016,2782427.988,0.0986
Hamilton County,2021-01-01,USA,10161.319290000003,103052.049,0.0986
Huntsville Urban Area,2021-01-01,USA,757098.4061700001,7677315.53,0.0986
Franklin County,2021-01-01,USA,52535.52116999999,533155.08,0.0985
Anderson County,2021-01-01,USA,11917.824260000003,121013.526,0.0985
Barbour County,2021-01-01,USA,33884.13888999999,344412.453,0.0984
Box Elder County,2021-01-01,USA,89513.52025999998,909447.961,0.0984
Cooke County,2021-01-01,USA,61144.64594999999,621471.674,0.0984
Bossier Parish,2021-01-01,USA,163961.71527999995,1667014.048,0.0984
Nassau County,2021-01-01,USA,63643.57601000001,646774.253,0.0984
Salem Independent City,2021-01-01,USA,100339.95710999994,1019666.381,0.0984
Stockton Urban Area,2021-01-01,USA,1015272.4034800001,10323089.359,0.0983
Outagamie County,2021-01-01,USA,605636.9101300001,6160564.163,0.0983
Napa County,2021-01-01,USA,236841.63617,2412328.72,0.0982
Comal County,2021-01-01,USA,195375.71169000005,1989180.622,0.0982
Hanover County,2021-01-01,USA,171236.2261799999,1743759.129,0.0982
Yellow Medicine County,2021-01-01,USA,20965.732819999994,213538.319,0.0982
Woodson County,2021-01-01,USA,2761.55124,28132.844,0.0982
Williams County,2021-01-01,USA,84712.90858999999,862614.462,0.0982
Val Verde County,2021-01-01,USA,56868.99327,579177.238,0.0982
Yuma Urban Area,2021-01-01,USA,157142.58941000002,1600070.365,0.0982
Adams County,2021-01-01,USA,67538.89798,687896.512,0.0982
Sabine County,2021-01-01,USA,6293.613279999998,64148.692,0.0981
Jones County,2021-01-01,USA,97042.10468999996,988861.207,0.0981
Macoupin County,2021-01-01,USA,53026.51106999999,540769.395,0.0981
Washington County,2021-01-01,USA,40301.13527999999,410738.188,0.0981
Gentry County,2021-01-01,USA,18871.51557,192482.343,0.098
Coffee County,2021-01-01,USA,71437.40999,728749.996,0.098
York County,2021-01-01,USA,27132.178599999996,276757.286,0.098
Roanoke County,2021-01-01,USA,88935.65115999998,907500.438,0.098
Candler County,2021-01-01,USA,14051.84453,143474.237,0.0979
Midland County,2021-01-01,USA,257966.69489999997,2633764.819,0.0979
Lawrence County,2021-01-01,USA,45431.26330000002,463825.34,0.0979
Lee County,2021-01-01,USA,220101.28006,2251227.27,0.0978
Asotin County,2021-01-01,USA,29136.28834000001,297941.929,0.0978
Webster County,2021-01-01,USA,120901.83548000001,1236403.418,0.0978
Marion County,2021-01-01,USA,6985.6010099999985,71501.498,0.0977
Christian County,2021-01-01,USA,47560.63333,486558.354,0.0977
Newport News Independent City,2021-01-01,USA,541126.3354199998,5540406.397,0.0977
Warrick County,2021-01-01,USA,82784.43552,847600.421,0.0977
Prowers County,2021-01-01,USA,20113.465040000006,206134.318,0.0976
Knox County,2021-01-01,USA,809767.9052900001,8314788.276,0.0974
Carroll County,2021-01-01,USA,16810.123199999998,172626.877,0.0974
Flagler County,2021-01-01,USA,50439.30667,518525.304,0.0973
Auglaize County,2021-01-01,USA,74955.27131999999,770701.964,0.0973
Kane County,2021-01-01,USA,3795.5060900000003,39001.686,0.0973
Coal County,2021-01-01,USA,6936.226130000001,71321.159,0.0973
Miami Urban Area,2021-01-01,USA,7172769.45678,73759278.092,0.0972
Spring Hill Urban Area,2021-01-01,USA,104354.00471999998,1073791.868,0.0972
Davidson County,2021-01-01,USA,1570952.0412599996,16154727.946,0.0972
Meade County,2021-01-01,USA,26094.702810000003,268328.611,0.0972
Wood County,2021-01-01,USA,209494.64146,2155716.053,0.0972
Oklahoma County,2021-01-01,USA,2059909.3400599998,21196118.147,0.0972
Fillmore County,2021-01-01,USA,6118.80838,62938.273,0.0972
Cass County,2021-01-01,USA,12919.07152,133064.759,0.0971
Glascock County,2021-01-01,USA,744.47472,7665.638,0.0971
Hardin County,2021-01-01,USA,49241.46660000001,508299.152,0.0969
Knox County,2021-01-01,USA,1909.0203199999999,19700.032,0.0969
Madison County,2021-01-01,USA,746880.80139,7712045.945,0.0968
Power County,2021-01-01,USA,27775.392780000002,286796.889,0.0968
Putnam County,2021-01-01,USA,85332.60597999998,881634.067,0.0968
Mobile Urban Area,2021-01-01,USA,713696.2780099999,7372735.529,0.0968
Potter County,2021-01-01,USA,2785.484200000001,28761.945,0.0968
Rice County,2021-01-01,USA,10648.404949999998,110004.855,0.0968
Debaca County,2021-01-01,USA,229.80842,2375.365,0.0967
Traverse County,2021-01-01,USA,4062.3283900000006,42030.58,0.0967
Lucas County,2021-01-01,USA,7076.57751,73153.799,0.0967
Memphis Urban Area,2021-01-01,USA,2899163.6569,29968543.87,0.0967
Greensboro Urban Area,2021-01-01,USA,1633490.3983899998,16910958.821,0.0966
Marion County,2021-01-01,USA,52254.639680000015,541614.118,0.0965
Ellis County,2021-01-01,USA,648.2845599999998,6715.853,0.0965
Shasta County,2021-01-01,USA,266717.10531000013,2762755.411,0.0965
King County,2021-01-01,USA,306.2999300000001,3174.276,0.0965
Marshall County,2021-01-01,USA,28799.62095000001,298616.643,0.0964
Sweetwater County,2021-01-01,USA,65073.21758000002,675201.244,0.0964
Waterloo Urban Area,2021-01-01,USA,406628.43236000004,4220000.996,0.0964
Fayette County,2021-01-01,USA,568028.57376,5891653.412,0.0964
Clark County,2021-01-01,USA,15317.705980000002,159099.311,0.0963
Hunt County,2021-01-01,USA,100238.0817,1041361.015,0.0963
Jefferson Davis Parish,2021-01-01,USA,24779.62832,257256.147,0.0963
Wilson County,2021-01-01,USA,11497.500249999994,119367.679,0.0963
Jackson County,2021-01-01,USA,85352.42822,886468.311,0.0963
Shelby County,2021-01-01,USA,5971.22182,61984.8,0.0963
Colusa County,2021-01-01,USA,31504.65711,327414.048,0.0962
Springfield Urban Area,2021-01-01,USA,459619.98001999996,4777109.065,0.0962
Casey County,2021-01-01,USA,15107.498089999997,157004.028,0.0962
Montgomery County,2021-01-01,USA,14803.349170000003,153895.224,0.0962
New Orleans Urban Area,2021-01-01,USA,1976851.8975699996,20540755.793,0.0962
Saint Bernard Parish,2021-01-01,USA,63723.71586000002,663059.933,0.0961
Douglas County,2021-01-01,USA,52261.394309999974,543651.241,0.0961
Monona County,2021-01-01,USA,11612.71623,120820.709,0.0961
Sangamon County,2021-01-01,USA,457380.99383000005,4766410.451,0.096
Perry County,2021-01-01,USA,23744.575879999997,247463.122,0.096
Covington Independent City,2021-01-01,USA,26200.128000000008,273121.966,0.0959
Stark County,2021-01-01,USA,94970.75889000003,991797.629,0.0958
Door County,2021-01-01,USA,37235.88559999999,388833.754,0.0958
Dona Ana County,2021-01-01,USA,283149.1581100001,2960155.714,0.0957
Elkhart County,2021-01-01,USA,917686.4396800004,9585251.187,0.0957
Cass County,2021-01-01,USA,20323.363899999997,212525.698,0.0956
Mercer County,2021-01-01,USA,66936.48044999999,700258.807,0.0956
Fulton County,2021-01-01,USA,3035280.3555099997,31794294.62,0.0955
Houston County,2021-01-01,USA,175066.4206199999,1832431.234,0.0955
Pope County,2021-01-01,USA,134629.18795,1409641.988,0.0955
Lyon County,2021-01-01,USA,12827.068310000004,134316.082,0.0955
Sanpete County,2021-01-01,USA,10222.805920000004,106997.513,0.0955
Gage County,2021-01-01,USA,50246.09046,526348.883,0.0955
Hamilton County,2021-01-01,USA,1960393.7676199994,20537782.03,0.0955
Cheyenne County,2021-01-01,USA,20195.860590000008,211789.168,0.0954
Louisville Urban Area,2021-01-01,USA,2467358.81113,25851633.233,0.0954
Wayne County,2021-01-01,USA,10344.06316,108431.785,0.0954
Turner County,2021-01-01,USA,15203.57649,159421.637,0.0954
Grayson County,2021-01-01,USA,17015.729610000006,178637.131,0.0953
Delaware County,2021-01-01,USA,33733.58880000001,354548.43,0.0951
Appleton Urban Area,2021-01-01,USA,911254.1758699997,9595575.095,0.095
Kimball County,2021-01-01,USA,7524.22018,79197.261,0.095
Crook County,2021-01-01,USA,45587.25118999999,479779.407,0.095
Worcester County,2021-01-01,USA,61009.365820000006,641884.579,0.095
Smith County,2021-01-01,USA,12814.3757,134947.766,0.095
Wood County,2021-01-01,USA,434631.91458,4574597.933,0.095
Wilson County,2021-01-01,USA,148644.85728,1566482.524,0.0949
Guthrie County,2021-01-01,USA,16745.648970000002,176439.407,0.0949
Fulton County,2021-01-01,USA,166914.99927000006,1760454.902,0.0948
Pocahontas County,2021-01-01,USA,12252.37359,129223.53,0.0948
Finney County,2021-01-01,USA,91147.67109999999,961661.484,0.0948
Hockley County,2021-01-01,USA,30845.758010000005,325655.712,0.0947
Jacksonville Beach Urban Area,2021-01-01,USA,123180.20977,1302709.08,0.0946
Piute County,2021-01-01,USA,589.46943,6230.237,0.0946
Buchanan County,2021-01-01,USA,256931.25329999992,2714806.823,0.0946
Jay County,2021-01-01,USA,38590.607910000006,407738.913,0.0946
Hidalgo County,2021-01-01,USA,3088.13457,32655.14,0.0946
Effingham County,2021-01-01,USA,93408.40932000002,986935.943,0.0946
Freestone County,2021-01-01,USA,15011.10385,158864.82,0.0945
Macon County,2021-01-01,USA,17587.817530000004,186083.826,0.0945
Boone County,2021-01-01,USA,58547.189609999994,620333.189,0.0944
Collingsworth County,2021-01-01,USA,1115.6221199999998,11825.109,0.0943
Boone County,2021-01-01,USA,5987.600520000001,63475.086,0.0943
Palo Alto County,2021-01-01,USA,14649.970479999998,155347.819,0.0943
Wood County,2021-01-01,USA,39832.513470000005,422238.619,0.0943
Lake County,2021-01-01,USA,241133.9138100001,2561022.853,0.0942
Lyon County,2021-01-01,USA,81913.79068999998,870443.012,0.0941
Cumberland County,2021-01-01,USA,658382.6529699999,7000225.978,0.0941
Greenwood County,2021-01-01,USA,4521.94636,48117.728,0.094
Sevier County,2021-01-01,USA,8082.459580000001,86001.852,0.094
Pike County,2021-01-01,USA,54894.42744000001,584302.775,0.0939
Keokuk County,2021-01-01,USA,3495.231899999999,37216.941,0.0939
Benton County,2021-01-01,USA,336849.1841700001,3587444.031,0.0939
Nuckolls County,2021-01-01,USA,5806.55504,61821.078,0.0939
Shreveport Urban Area,2021-01-01,USA,649812.3492000003,6927445.642,0.0938
Daviess County,2021-01-01,USA,175898.38999,1876050.26,0.0938
Black Hawk County,2021-01-01,USA,375601.12833000004,4004859.554,0.0938
Butler County,2021-01-01,USA,85486.40226999999,912759.569,0.0937
Hamilton County,2021-01-01,USA,6426.485790000001,68584.662,0.0937
Jasper County,2021-01-01,USA,74151.01045000002,791151.287,0.0937
Richland County,2021-01-01,USA,774654.9602099999,8264392.885,0.0937
Wichita County,2021-01-01,USA,199071.78274000002,2126892.599,0.0936
Wichita Falls Urban Area,2021-01-01,USA,186907.50314,1997876.332,0.0936
Beaufort County,2021-01-01,USA,32447.06234000001,346498.833,0.0936
Huntington County,2021-01-01,USA,88366.13242999998,945001.471,0.0935
Burnet County,2021-01-01,USA,38652.65291999999,413464.61,0.0935
Billings Urban Area,2021-01-01,USA,486096.6591300001,5199258.778,0.0935
Payne County,2021-01-01,USA,181046.87497000003,1937945.023,0.0934
Lamar County,2021-01-01,USA,13518.394900000001,144782.693,0.0934
Converse County,2021-01-01,USA,10649.48966,114004.336,0.0934
Wayne County,2021-01-01,USA,558.68318,5986.274,0.0933
Aiken County,2021-01-01,USA,220862.00809000005,2367111.216,0.0933
Rawlins County,2021-01-01,USA,1653.3592199999998,17715.446,0.0933
Madison County,2021-01-01,USA,606726.8184100001,6512000.449,0.0932
Yellowstone County,2021-01-01,USA,505620.06451000005,5422594.847,0.0932
Montgomery County,2021-01-01,USA,571078.1209000003,6130130.925,0.0932
Codington County,2021-01-01,USA,89484.49772000001,961622.664,0.0931
Tunica County,2021-01-01,USA,18452.229690000004,198212.082,0.0931
Concord Urban Area,2021-01-01,USA,1778548.7366700002,19115159.262,0.093
Potter County,2021-01-01,USA,391372.3571100001,4206458.055,0.093
Guilford County,2021-01-01,USA,1227757.5480299997,13196836.885,0.093
Ralls County,2021-01-01,USA,30744.47635000001,330745.977,0.093
Lane County,2021-01-01,USA,897.42747,9649.436,0.093
Jack County,2021-01-01,USA,11644.00206,125354.338,0.0929
Renville County,2021-01-01,USA,34250.31744,368620.371,0.0929
Shelby County,2021-01-01,USA,119819.05480999996,1290100.658,0.0929
Carteret County,2021-01-01,USA,48588.448810000016,523399.654,0.0928
Ness County,2021-01-01,USA,2626.032379999999,28299.935,0.0928
Wayne County,2021-01-01,USA,4430697.295349999,47738580.517,0.0928
Comanche County,2021-01-01,USA,1047.88966,11307.444,0.0927
Grimes County,2021-01-01,USA,36025.81175,388465.905,0.0927
Morgan County,2021-01-01,USA,51207.19015000001,552281.096,0.0927
Hardeman County,2021-01-01,USA,2758.7914000000005,29764.347,0.0927
Fort Smith Urban Area,2021-01-01,USA,338533.5555499998,3653347.086,0.0927
Hart County,2021-01-01,USA,70083.15963999998,756094.874,0.0927
Cotton County,2021-01-01,USA,1586.47438,17115.999,0.0927
Kit Carson County,2021-01-01,USA,8145.93336,87969.094,0.0926
Woodland Urban Area,2021-01-01,USA,196055.22484000007,2117886.134,0.0926
Manteca Urban Area,2021-01-01,USA,270209.85809999995,2917039.104,0.0926
Burke County,2021-01-01,USA,28672.035109999997,309585.868,0.0926
Tucson Urban Area,2021-01-01,USA,1341167.7930899998,14490243.327,0.0926
Saint Louis County,2021-01-01,USA,2853911.8993800012,30834538.624,0.0926
Boyle County,2021-01-01,USA,57362.992590000016,619578.853,0.0926
Pima County,2021-01-01,USA,1346150.26647,14540645.238,0.0926
Antelope County,2021-01-01,USA,4935.05865,53350.394,0.0925
Ellis County,2021-01-01,USA,354559.1255199998,3835985.96,0.0924
Caddo Parish,2021-01-01,USA,496499.1128599999,5378887.481,0.0923
Garvin County,2021-01-01,USA,39763.000519999994,430808.736,0.0923
Brown County,2021-01-01,USA,9785.34285,105969.857,0.0923
Las Cruces Urban Area,2021-01-01,USA,209987.22294,2275030.362,0.0923
Spink County,2021-01-01,USA,9791.34828,106059.692,0.0923
Scotts Bluff County,2021-01-01,USA,128999.38881,1397686.902,0.0923
Dickinson County,2021-01-01,USA,39831.47579999999,431988.422,0.0922
Titus County,2021-01-01,USA,64973.44825999998,705074.353,0.0922
Boone County,2021-01-01,USA,157482.52673000004,1710801.509,0.0921
Somervell County,2021-01-01,USA,16084.99278,174607.367,0.0921
Shelby County,2021-01-01,USA,2327301.36466,25327061.918,0.0919
Rusk County,2021-01-01,USA,60564.6612,659272.834,0.0919
Bailey County,2021-01-01,USA,6915.736349999998,75315.154,0.0918
Curry County,2021-01-01,USA,51948.6556,565785.033,0.0918
Cerro Gordo County,2021-01-01,USA,126191.39770000006,1374278.286,0.0918
Tuscaloosa Urban Area,2021-01-01,USA,346401.43857000006,3777021.74,0.0917
Russell County,2021-01-01,USA,33492.716349999995,365120.176,0.0917
Columbus Urban Area,2021-01-01,USA,349662.37795999995,3814075.792,0.0917
Reno County,2021-01-01,USA,111289.00746000002,1215451.877,0.0916
Richardson County,2021-01-01,USA,9547.9457,104180.016,0.0916
Henderson County,2021-01-01,USA,93434.17894000001,1020228.293,0.0916
Kingman County,2021-01-01,USA,6910.1464700000015,75411.587,0.0916
Emery County,2021-01-01,USA,2789.631899999999,30493.754,0.0915
Butler County,2021-01-01,USA,11551.07777,126195.659,0.0915
Elbert County,2021-01-01,USA,31525.549919999994,344658.352,0.0915
Thomas County,2021-01-01,USA,91949.57665999999,1005210.08,0.0915
Mora County,2021-01-01,USA,198.36681,2172.286,0.0913
Trempealeau County,2021-01-01,USA,60934.250380000005,667911.478,0.0912
Orleans Parish,2021-01-01,USA,546310.79657,5988155.767,0.0912
Fulton County,2021-01-01,USA,25585.787139999997,280822.878,0.0911
Deltona Urban Area,2021-01-01,USA,87713.31006999999,963089.934,0.0911
Barton County,2021-01-01,USA,57547.77842000001,631541.737,0.0911
Roanoke Urban Area,2021-01-01,USA,464376.09131000005,5101455.095,0.091
Sumter County,2021-01-01,USA,60587.079569999994,665460.267,0.091
McPherson County,2021-01-01,USA,3465.7989300000004,38076.959,0.091
Rockingham County,2021-01-01,USA,90344.9892,992986.715,0.091
Etowah County,2021-01-01,USA,150750.98122000002,1656544.319,0.091
Labette County,2021-01-01,USA,34673.62789000002,381638.66,0.0909
Phoenix Urban Area,2021-01-01,USA,7594005.902050001,83523619.534,0.0909
Chickasaw County,2021-01-01,USA,21729.32939,239166.109,0.0909
Love County,2021-01-01,USA,14624.148259999998,160952.513,0.0909
Union County,2021-01-01,USA,25620.919749999997,281727.115,0.0909
Deaf Smith County,2021-01-01,USA,34133.10608,376095.032,0.0908
Crittenden County,2021-01-01,USA,112313.17354,1238166.159,0.0907
Pulaski County,2021-01-01,USA,16738.644699999997,184631.325,0.0907
Monroe County,2021-01-01,USA,54770.19557000002,604127.259,0.0907
Erath County,2021-01-01,USA,50035.26668999999,552066.987,0.0906
Bradley County,2021-01-01,USA,19488.568250000008,215050.417,0.0906
Livingston County,2021-01-01,USA,55422.77138000002,612423.889,0.0905
Columbus County,2021-01-01,USA,46885.32942999999,518870.499,0.0904
Horry County,2021-01-01,USA,365143.8648200002,4038466.196,0.0904
Forrest County,2021-01-01,USA,154797.64922,1714502.64,0.0903
Seward County,2021-01-01,USA,50345.00170999999,557750.783,0.0903
Jefferson County,2021-01-01,USA,137571.78185000003,1525217.841,0.0902
Pendleton County,2021-01-01,USA,6530.589260000002,72378.497,0.0902
Karnes County,2021-01-01,USA,14532.728860000003,161178.209,0.0902
Broward County,2021-01-01,USA,2165936.3597899997,24017191.623,0.0902
Maricopa County,2021-01-01,USA,7443180.125260003,82603437.704,0.0901
Louisa County,2021-01-01,USA,16858.687439999998,187043.724,0.0901
Tillman County,2021-01-01,USA,5253.166230000002,58325.77,0.0901
Marion County,2021-01-01,USA,53552.918900000004,595109.505,0.09
Franklin County,2021-01-01,USA,7810.63968,86762.254,0.09
Choctaw County,2021-01-01,USA,4610.903649999999,51349.562,0.0898
Coffee County,2021-01-01,USA,87463.96407000002,975782.279,0.0896
Muskogee County,2021-01-01,USA,109708.93591,1225735.13,0.0895
Goliad County,2021-01-01,USA,3133.3392099999996,35005.666,0.0895
Birmingham Urban Area,2021-01-01,USA,1941555.6567200003,21717408.697,0.0894
Pawnee County,2021-01-01,USA,6570.530450000001,73477.285,0.0894
Pontotoc County,2021-01-01,USA,57249.569159999985,640655.533,0.0894
Montour County,2021-01-01,USA,44745.68806,500818.929,0.0893
Allamakee County,2021-01-01,USA,18780.136510000004,210257.044,0.0893
Custer County,2021-01-01,USA,47305.89628999999,529511.924,0.0893
Cass County,2021-01-01,USA,12982.999689999999,145551.521,0.0892
Jim Wells County,2021-01-01,USA,40686.48930999999,456707.334,0.0891
Mitchell County,2021-01-01,USA,21034.756029999997,235957.194,0.0891
Edgar County,2021-01-01,USA,22137.425199999998,248487.712,0.0891
Greene County,2021-01-01,USA,15413.280859999997,173042.087,0.0891
Seminole County,2021-01-01,USA,509548.9998999999,5719218.699,0.0891
Pawnee County,2021-01-01,USA,823.3273999999996,9236.561,0.0891
Meade County,2021-01-01,USA,3001.6247200000003,33730.6,0.089
Seminole County,2021-01-01,USA,9197.23313,103441.189,0.0889
Brown County,2021-01-01,USA,50576.668229999996,569668.506,0.0888
Castro County,2021-01-01,USA,7811.973879999999,88050.731,0.0887
Williamson County,2021-01-01,USA,59566.30143999998,671710.774,0.0887
Graham County,2021-01-01,USA,1987.91286,22441.946,0.0886
Will County,2021-01-01,USA,2317483.66221,26164257.001,0.0886
Hale County,2021-01-01,USA,65406.1295,738107.072,0.0886
Gillespie County,2021-01-01,USA,16183.121840000002,182816.024,0.0885
Washington County,2021-01-01,USA,48100.35061,543482.85,0.0885
Hillsborough County,2021-01-01,USA,1820116.10382,20556691.554,0.0885
Washita County,2021-01-01,USA,7592.133380000001,85925.396,0.0884
Monroe County,2021-01-01,USA,44805.80818000001,506629.255,0.0884
Troup County,2021-01-01,USA,172085.79413000002,1945778.467,0.0884
Camp County,2021-01-01,USA,13864.823369999995,157089.736,0.0883
Cavalier County,2021-01-01,USA,8290.94354,93865.891,0.0883
West Feliciana Parish,2021-01-01,USA,10436.71528,118134.651,0.0883
Allen County,2021-01-01,USA,339069.5408800002,3839515.163,0.0883
Treasure County,2021-01-01,USA,181.57080000000002,2058.353,0.0882
Martinsville Independent City,2021-01-01,USA,20664.20836,234211.299,0.0882
Edwards County,2021-01-01,USA,5557.005750000002,62992.922,0.0882
Red River County,2021-01-01,USA,4754.07194,53903.309,0.0882
Archer County,2021-01-01,USA,1975.8700299999994,22399.358,0.0882
Hempstead County,2021-01-01,USA,28073.649940000003,318561.703,0.0881
Ben Hill County,2021-01-01,USA,41394.38713,469685.248,0.0881
Sheridan County,2021-01-01,USA,2609.5359699999995,29628.048,0.0881
Russell County,2021-01-01,USA,62811.31501000001,713339.208,0.0881
Little Rock Urban Area,2021-01-01,USA,1059589.1954500002,12042548.131,0.088
Platte County,2021-01-01,USA,82828.92858000004,940895.415,0.088
Des Moines County,2021-01-01,USA,96686.22662000002,1101163.813,0.0878
Henry County,2021-01-01,USA,55938.57939,637252.932,0.0878
Pike County,2021-01-01,USA,46453.80472000001,529543.844,0.0877
Coshocton County,2021-01-01,USA,69832.74835,795921.013,0.0877
Colfax County,2021-01-01,USA,9325.367889999998,106465.696,0.0876
Nueces County,2021-01-01,USA,664559.32262,7600497.67,0.0874
Crawford County,2021-01-01,USA,44983.26627000001,514585.732,0.0874
Clay County,2021-01-01,USA,17257.73731,197487.434,0.0874
Adair County,2021-01-01,USA,9176.41338,105062.78,0.0873
Calhoun County,2021-01-01,USA,12652.565130000003,145005.128,0.0873
Jackson County,2021-01-01,USA,92941.37010999999,1064030.731,0.0873
Grady County,2021-01-01,USA,60604.10884000001,696066.264,0.0871
Banner County,2021-01-01,USA,165.86744000000002,1903.462,0.0871
Keya Paha County,2021-01-01,USA,52.84607,607.034,0.0871
De Kalb County,2021-01-01,USA,136225.43662999998,1566062.499,0.087
Whitfield County,2021-01-01,USA,281558.43637000007,3241515.512,0.0869
Jones County,2021-01-01,USA,9035.065980000001,104116.295,0.0868
Berkeley County,2021-01-01,USA,329585.0715899999,3795282.933,0.0868
Owensboro Urban Area,2021-01-01,USA,175158.68764999998,2018699.458,0.0868
Stanton County,2021-01-01,USA,29097.391399999997,335621.302,0.0867
Morrill County,2021-01-01,USA,5463.881019999999,62984.245,0.0867
Cochise County,2021-01-01,USA,85556.25119000001,986542.852,0.0867
Monroe County,2021-01-01,USA,6233.2951699999985,71989.68,0.0866
Ransom County,2021-01-01,USA,12005.204679999997,138569.181,0.0866
Pensacola Urban Area,2021-01-01,USA,453090.9098100002,5229102.697,0.0866
Vermilion Parish,2021-01-01,USA,31405.639329999987,362954.899,0.0865
Tishomingo County,2021-01-01,USA,36134.77262999999,417854.695,0.0865
Martin County,2021-01-01,USA,7233.48632,83659.025,0.0865
Jewell County,2021-01-01,USA,2019.2490499999994,23361.709,0.0864
Saline County,2021-01-01,USA,53157.55317,615229.302,0.0864
Harding County,2021-01-01,USA,130.71687000000003,1514.264,0.0863
Henderson County,2021-01-01,USA,5992.711719999999,69408.043,0.0863
Phillips County,2021-01-01,USA,4880.168300000001,56535.783,0.0863
Jefferson County,2021-01-01,USA,1622341.90735,18808698.765,0.0863
Wilcox County,2021-01-01,USA,7631.40221,88596.523,0.0861
Marion County,2021-01-01,USA,8682.37947,100984.492,0.086
Throckmorton County,2021-01-01,USA,592.5082799999997,6890.671,0.086
Llano County,2021-01-01,USA,7899.210299999999,91973.386,0.0859
Chambers County,2021-01-01,USA,219188.46579000005,2551285.713,0.0859
Cullman County,2021-01-01,USA,115540.08957,1346785.01,0.0858
Hughes County,2021-01-01,USA,9072.91483,105805.921,0.0858
Perry County,2021-01-01,USA,12065.468520000002,140825.955,0.0857
Cloud County,2021-01-01,USA,13946.870250000004,162823.547,0.0857
Lake Erie,2021-01-01,USA,162286.04515000002,1895893.166,0.0856
East Baton Rouge Parish,2021-01-01,USA,1155873.3881400002,13509758.709,0.0856
Aransas County,2021-01-01,USA,12718.657969999998,148813.853,0.0855
Adams County,2021-01-01,USA,2087.28456,24416.705,0.0855
San Saba County,2021-01-01,USA,2880.2816200000007,33733.05,0.0854
Hancock County,2021-01-01,USA,52567.67241000002,616329.645,0.0853
San Angelo Urban Area,2021-01-01,USA,149843.10129999998,1755984.376,0.0853
Rapides Parish,2021-01-01,USA,157732.60919000002,1849215.106,0.0853
Muscogee County,2021-01-01,USA,275375.00905999995,3227299.879,0.0853
Tom Green County,2021-01-01,USA,155594.83006999997,1825166.968,0.0852
Houma Urban Area,2021-01-01,USA,251122.95731000003,2948154.101,0.0852
Iowa County,2021-01-01,USA,35178.75801,412967.673,0.0852
Montague County,2021-01-01,USA,22091.92884,259562.768,0.0851
Volusia County,2021-01-01,USA,373341.64529,4384883.932,0.0851
Edwards County,2021-01-01,USA,2790.12118,32792.332,0.0851
Tampa Urban Area,2021-01-01,USA,3096881.6644500005,36430889.571,0.085
Calloway County,2021-01-01,USA,58678.629759999996,691062.179,0.0849
Pembina County,2021-01-01,USA,32316.115149999987,380481.271,0.0849
Yuma County,2021-01-01,USA,16243.327350000001,191265.765,0.0849
Sebastian County,2021-01-01,USA,240110.06217000002,2828860.309,0.0849
Lincoln County,2021-01-01,USA,1693.7442100000003,19970.421,0.0848
Yavapai County,2021-01-01,USA,112694.65598999996,1329736.045,0.0847
O'Brien County,2021-01-01,USA,26501.661830000005,313084.037,0.0846
Shelby County,2021-01-01,USA,19423.53022,229807.733,0.0845
Mason County,2021-01-01,USA,16783.266620000002,199319.557,0.0842
Cuming County,2021-01-01,USA,15426.46849,183124.634,0.0842
Clay County,2021-01-01,USA,25493.470539999995,303293.987,0.0841
Uvalde County,2021-01-01,USA,18999.951799999995,225854.163,0.0841
Stafford County,2021-01-01,USA,3039.8426799999984,36165.281,0.0841
Roanoke City Independent City,2021-01-01,USA,239982.07650000002,2857376.683,0.084
Corpus Christi Urban Area,2021-01-01,USA,693788.6713699996,8257287.959,0.084
Covington County,2021-01-01,USA,27436.003000000008,326529.09,0.084
La Paz County,2021-01-01,USA,8419.11592,100238.676,0.084
Ogle County,2021-01-01,USA,104039.63382999995,1240775.331,0.0839
Newton County,2021-01-01,USA,14394.793530000003,171616.449,0.0839
Daytona Beach Urban Area,2021-01-01,USA,271640.77601000015,3243323.026,0.0838
Grundy County,2021-01-01,USA,20456.920920000008,244000.054,0.0838
Jasper County,2021-01-01,USA,56953.98559999999,679345.848,0.0838
Halifax County,2021-01-01,USA,46956.35072,560159.814,0.0838
Jefferson County,2021-01-01,USA,1589994.091,18996693.91,0.0837
Lake County,2021-01-01,USA,1330346.5681700003,15889180.94,0.0837
Beckham County,2021-01-01,USA,34577.52288,413298.29,0.0837
Dubois County,2021-01-01,USA,90035.83049,1076543.179,0.0836
Orlando Urban Area,2021-01-01,USA,3014504.6935599996,36093252.469,0.0835
Scott County,2021-01-01,USA,58875.016810000016,706326.332,0.0834
Harrison County,2021-01-01,USA,128228.53377999997,1536922.438,0.0834
Clay County,2021-01-01,USA,13213.501210000006,158460.466,0.0834
Desha County,2021-01-01,USA,11855.338669999997,142373.093,0.0833
Houston County,2021-01-01,USA,16165.446619999997,194072.866,0.0833
Barren County,2021-01-01,USA,42417.94200999999,509723.994,0.0832
Cape May County,2021-01-01,USA,71362.37089999998,857713.202,0.0832
Alfalfa County,2021-01-01,USA,3590.13282,43277.051,0.083
Sioux County,2021-01-01,USA,104978.73897,1264434.972,0.083
Wheeler County,2021-01-01,USA,188.44263999999993,2270.313,0.083
Hamilton County,2021-01-01,USA,737541.0516799996,8883865.508,0.083
Sullivan County,2021-01-01,USA,11710.98166,141251.625,0.0829
Howard County,2021-01-01,USA,25358.265100000004,305728.67,0.0829
McHenry County,2021-01-01,USA,5530.423939999999,66745.079,0.0829
Wallace County,2021-01-01,USA,1625.35419,19613.544,0.0829
Blaine County,2021-01-01,USA,174.15579,2100.36,0.0829
Hopkins County,2021-01-01,USA,33961.18226999999,409657.689,0.0829
Danville Independent City,2021-01-01,USA,101007.76093999996,1217761.849,0.0829
Tuscaloosa County,2021-01-01,USA,383945.03391999984,4638856.31,0.0828
Matagorda County,2021-01-01,USA,47017.50381999998,567512.413,0.0828
Logan County,2021-01-01,USA,3918.2433999999994,47315.774,0.0828
Kossuth County,2021-01-01,USA,37307.61710999999,451191.423,0.0827
Nuevo Laredo Urban Area,2021-01-01,USA,447544.0884199999,5408415.079,0.0827
Taylor County,2021-01-01,USA,244034.13091000007,2955131.742,0.0826
Hancock County,2021-01-01,USA,41197.34463,499373.89,0.0825
Thomas County,2021-01-01,USA,15311.516780000004,185533.287,0.0825
Cape Coral Urban Area,2021-01-01,USA,624262.2001900001,7576978.822,0.0824
Sutton County,2021-01-01,USA,3145.2536800000007,38176.263,0.0824
Saint Landry Parish,2021-01-01,USA,49418.889599999995,600513.04,0.0823
Smith County,2021-01-01,USA,311979.2289500001,3791023.393,0.0823
Donley County,2021-01-01,USA,172.51028000000002,2097.806,0.0822
McCurtain County,2021-01-01,USA,34493.985179999996,419746.065,0.0822
Ciudad Juárez Urban Area,2021-01-01,USA,1424552.0963399997,17322603.947,0.0822
Lavaca County,2021-01-01,USA,14770.167810000003,179776.212,0.0822
Grand County,2021-01-01,USA,5463.531309999999,66475.22,0.0822
Hancock County,2021-01-01,USA,283212.73888,3446290.552,0.0822
Abilene Urban Area,2021-01-01,USA,239882.41262000008,2922695.433,0.0821
Sac County,2021-01-01,USA,17415.036989999997,212279.541,0.082
Lee County,2021-01-01,USA,628742.9066900001,7668455.288,0.082
Daviess County,2021-01-01,USA,33582.02022999999,409298.898,0.082
Texas County,2021-01-01,USA,32054.627620000003,390847.59,0.082
Hall County,2021-01-01,USA,1131.7766899999997,13818.727,0.0819
Montgomery County,2021-01-01,USA,69147.10439999998,844247.997,0.0819
El Paso County,2021-01-01,USA,1389610.5833699997,17017512.14,0.0817
Phelps County,2021-01-01,USA,18679.61690999999,229064.04,0.0815
Neosho County,2021-01-01,USA,29842.182370000006,366801.342,0.0814
Ida County,2021-01-01,USA,16985.539839999998,209042.65,0.0813
Parmer County,2021-01-01,USA,9879.82906,121640.056,0.0812
Richland County,2021-01-01,USA,32115.31791,395895.412,0.0811
Muscatine County,2021-01-01,USA,117627.73142999997,1450367.825,0.0811
Saint John the Baptist Parish,2021-01-01,USA,109078.71804,1344625.026,0.0811
Dewitt County,2021-01-01,USA,13729.85377,169349.861,0.0811
Robertson County,2021-01-01,USA,15479.260020000003,190977.744,0.0811
Ware County,2021-01-01,USA,63433.01464999998,783589.163,0.081
Sumner County,2021-01-01,USA,21499.672819999996,265771.393,0.0809
Chariton County,2021-01-01,USA,10136.954909999997,125285.537,0.0809
Lamar County,2021-01-01,USA,71548.91722000002,885058.617,0.0808
Palm Bay Urban Area,2021-01-01,USA,552133.7023100001,6840562.077,0.0807
Floyd County,2021-01-01,USA,5754.693070000002,71283.127,0.0807
Palo Pinto County,2021-01-01,USA,33016.47378,408874.299,0.0807
Jasper County,2021-01-01,USA,35729.3025,442477.768,0.0807
Pulaski County,2021-01-01,USA,909279.2741699998,11287547.024,0.0806
Escambia County,2021-01-01,USA,374888.5887,4649534.928,0.0806
Roger Mills County,2021-01-01,USA,862.3932800000003,10705.197,0.0806
Roberts County,2021-01-01,USA,697.72465,8653.317,0.0806
Franklin County,2021-01-01,USA,13896.205620000002,172670.809,0.0805
Scotland County,2021-01-01,USA,5672.703180000001,70433.819,0.0805
Duval County,2021-01-01,USA,524.8963800000002,6522.817,0.0805
Wapello County,2021-01-01,USA,97845.55314999999,1217838.54,0.0803
Mahaska County,2021-01-01,USA,40378.295220000015,502716.927,0.0803
Gordon County,2021-01-01,USA,152633.07097000003,1903179.974,0.0802
Saline County,2021-01-01,USA,129077.73907,1609991.034,0.0802
Barton County,2021-01-01,USA,18746.89008,234394.229,0.08
Fayette County,2021-01-01,USA,22246.040719999994,278388.85,0.0799
Santa Cruz County,2021-01-01,USA,60952.64402,764199.028,0.0798
Wabash County,2021-01-01,USA,57059.87408,715736.833,0.0797
New Hanover County,2021-01-01,USA,292057.5589500001,3665300.057,0.0797
Manatee County,2021-01-01,USA,354955.61013,4467385.957,0.0795
Stevens County,2021-01-01,USA,5178.548860000002,65120.301,0.0795
Kearney County,2021-01-01,USA,7277.21109,91488.311,0.0795
Douglas County,2021-01-01,USA,7864.8625600000005,99031.0,0.0794
Nolan County,2021-01-01,USA,18243.440259999996,229737.483,0.0794
Glenn County,2021-01-01,USA,54070.366599999994,681927.253,0.0793
Palm Beach County,2021-01-01,USA,1327341.7058300003,16738601.879,0.0793
Mobile County,2021-01-01,USA,766331.5442299999,9669328.874,0.0793
Orange County,2021-01-01,USA,2037282.8689399997,25684605.223,0.0793
McLean County,2021-01-01,USA,6501.56831,82055.636,0.0792
Pettis County,2021-01-01,USA,106462.10975,1346297.567,0.0791
Pratt County,2021-01-01,USA,12128.176079999996,153496.596,0.079
Hartley County,2021-01-01,USA,2399.71917,30361.474,0.079
Barber County,2021-01-01,USA,5791.086630000002,73404.419,0.0789
Crisp County,2021-01-01,USA,65325.184380000006,828984.967,0.0788
Brevard County,2021-01-01,USA,549177.8329899998,6969993.829,0.0788
Pontotoc County,2021-01-01,USA,60298.76002,764854.547,0.0788
Arkansas County,2021-01-01,USA,22971.090620000003,291487.761,0.0788
Clay County,2021-01-01,USA,1967.8508199999999,25015.536,0.0787
Republic County,2021-01-01,USA,4495.66029,57226.476,0.0786
Harper County,2021-01-01,USA,6957.81359,88540.357,0.0786
Columbia County,2021-01-01,USA,45853.95609,583949.226,0.0785
Rush County,2021-01-01,USA,2847.257829999999,36270.097,0.0785
Dallas County,2021-01-01,USA,69023.12818000001,880051.563,0.0784
Marshall County,2021-01-01,USA,12037.103460000002,153556.018,0.0784
Galveston County,2021-01-01,USA,498474.23508000013,6356114.299,0.0784
Bibb County,2021-01-01,USA,377406.9510300001,4822838.139,0.0783
Mason County,2021-01-01,USA,916.7760599999998,11715.979,0.0783
Navarro County,2021-01-01,USA,75493.85238000001,964834.707,0.0782
Allen County,2021-01-01,USA,21260.30650999999,272029.234,0.0782
Lauderdale County,2021-01-01,USA,142283.54762,1824356.708,0.078
Tift County,2021-01-01,USA,89618.30464999998,1149561.935,0.078
Webb County,2021-01-01,USA,476304.60929999984,6106198.322,0.078
Vermillion County,2021-01-01,USA,34650.59435,444077.834,0.078
Woodward County,2021-01-01,USA,43498.60719000001,559221.518,0.0778
Lubbock County,2021-01-01,USA,708691.6510000001,9124345.491,0.0777
Santa Clarita Urban Area,2021-01-01,USA,351343.26882000006,4523822.553,0.0777
Lubbock Urban Area,2021-01-01,USA,706824.16414,9112424.44,0.0776
Saint Lucie County,2021-01-01,USA,266839.69441,3437153.591,0.0776
Camas County,2021-01-01,USA,29.08390999999999,375.084,0.0775
Gregg County,2021-01-01,USA,307131.97579000005,3961601.794,0.0775
Biloxi Urban Area,2021-01-01,USA,306496.97685,3959800.077,0.0774
Major County,2021-01-01,USA,6848.831240000002,88623.179,0.0773
Howard County,2021-01-01,USA,22846.198999999997,295477.574,0.0773
Charlotte County,2021-01-01,USA,122849.85432999997,1590951.317,0.0772
Logan County,2021-01-01,USA,41945.33178999999,543329.921,0.0772
Port St. Lucie Urban Area,2021-01-01,USA,390359.16432000016,5057985.746,0.0772
Sherman County,2021-01-01,USA,1123.32771,14571.249,0.0771
Citrus County,2021-01-01,USA,82909.14308999994,1075851.815,0.0771
Burke County,2021-01-01,USA,3906.3904200000006,50817.526,0.0769
Okaloosa County,2021-01-01,USA,152524.17808,1986129.045,0.0768
Collier County,2021-01-01,USA,276068.17017999996,3595603.478,0.0768
Richmond County,2021-01-01,USA,352019.36472,4584481.843,0.0768
Macon County,2021-01-01,USA,261650.50325,3410535.308,0.0767
Hancock County,2021-01-01,USA,10994.350379999998,143387.502,0.0767
Burleson County,2021-01-01,USA,16848.65856,219622.268,0.0767
Baton Rouge Urban Area,2021-01-01,USA,1567092.9163699995,20464518.184,0.0766
Pinellas County,2021-01-01,USA,1032508.1182699997,13473493.62,0.0766
Cape Girardeau County,2021-01-01,USA,142466.62306,1861439.482,0.0765
Washington County,2021-01-01,USA,144927.66249,1893385.139,0.0765
Longview Urban Area,2021-01-01,USA,373921.0933000001,4884951.303,0.0765
Coleman County,2021-01-01,USA,5262.29944,68890.261,0.0764
Effingham County,2021-01-01,USA,80879.12370999999,1059007.169,0.0764
Brazoria County,2021-01-01,USA,562167.5091900001,7358787.549,0.0764
Garfield County,2021-01-01,USA,727.6948600000004,9546.999,0.0762
Custer County,2021-01-01,USA,14572.054360000004,191571.372,0.0761
Hayes County,2021-01-01,USA,361.25945999999993,4756.533,0.076
Gonzales County,2021-01-01,USA,18915.253449999993,249441.289,0.0758
Dinwiddie County,2021-01-01,USA,52301.859570000015,690437.081,0.0758
McPherson County,2021-01-01,USA,64867.43327000001,855713.969,0.0758
Nez Perce County,2021-01-01,USA,63372.84931999998,836678.778,0.0757
Wilkinson County,2021-01-01,USA,16375.76504,216503.544,0.0756
Bradenton Urban Area,2021-01-01,USA,757867.3841100001,10029555.847,0.0756
Juab County,2021-01-01,USA,8713.48704,115356.342,0.0755
Cheyenne County,2021-01-01,USA,2913.0383499999984,38586.278,0.0755
San Bernardino County,2021-01-01,USA,4218629.897220001,56062676.685,0.0752
St. George Urban Area,2021-01-01,USA,126987.93479999996,1690043.557,0.0751
Lander County,2021-01-01,USA,1218.5109399999997,16226.592,0.0751
Garfield County,2021-01-01,USA,115947.75455000003,1544350.432,0.0751
Monroe County,2021-01-01,USA,27105.165670000006,360937.455,0.0751
Lauderdale County,2021-01-01,USA,122763.64667999996,1635481.782,0.0751
Calhoun County,2021-01-01,USA,3373.1240900000007,45224.973,0.0746
Hansford County,2021-01-01,USA,5329.946399999999,71403.948,0.0746
Edmunds County,2021-01-01,USA,4806.8445200000015,64532.394,0.0745
Panola County,2021-01-01,USA,20520.918320000008,275459.612,0.0745
Martin County,2021-01-01,USA,149104.2909299999,2003634.15,0.0744
Coffey County,2021-01-01,USA,8643.58226,116243.231,0.0744
Hawaii County,2021-01-01,USA,146567.16082,1978180.313,0.0741
Russell County,2021-01-01,USA,7451.61652,100969.465,0.0738
Terrebonne Parish,2021-01-01,USA,185446.80270000006,2512182.178,0.0738
Douglas County,2021-01-01,USA,31413.796530000003,425837.282,0.0738
Bibb County,2021-01-01,USA,24161.570819999994,328903.823,0.0735
Valley County,2021-01-01,USA,10828.512569999994,147259.795,0.0735
Jefferson County,2021-01-01,USA,16264.834040000002,221638.694,0.0734
Stephens County,2021-01-01,USA,6621.40871,90264.419,0.0734
Nevada County,2021-01-01,USA,5836.22043,79632.887,0.0733
Woods County,2021-01-01,USA,12463.826109999998,170159.206,0.0732
Ouachita Parish,2021-01-01,USA,240579.51637000006,3291700.173,0.0731
Miller County,2021-01-01,USA,9996.20479,136797.858,0.0731
Harrison County,2021-01-01,USA,235944.52618999995,3226398.231,0.0731
Eddy County,2021-01-01,USA,67624.54283,928550.736,0.0728
Quay County,2021-01-01,USA,7769.067919999999,106783.624,0.0728
Swisher County,2021-01-01,USA,9989.538210000002,137259.131,0.0728
Sierra County,2021-01-01,USA,8269.67506,113693.878,0.0727
Saint Charles Parish,2021-01-01,USA,183124.09900999998,2519452.645,0.0727
Grundy County,2021-01-01,USA,148020.94559000005,2045392.796,0.0724
Grant County,2021-01-01,USA,15014.7778,207579.701,0.0723
Calhoun County,2021-01-01,USA,199074.44068000003,2766884.469,0.0719
Victoria County,2021-01-01,USA,132726.65863999998,1848948.176,0.0718
Kleberg County,2021-01-01,USA,19641.132049999993,274185.661,0.0716
Sarasota County,2021-01-01,USA,328591.04190999997,4596953.257,0.0715
Perkins County,2021-01-01,USA,7806.833470000001,109194.301,0.0715
Houston County,2021-01-01,USA,151360.03159999996,2124098.834,0.0713
Deuel County,2021-01-01,USA,4454.265660000001,62584.778,0.0712
Kay County,2021-01-01,USA,85886.87749999999,1208379.366,0.0711
Marion County,2021-01-01,USA,230718.93699999998,3251651.255,0.071
Gaines County,2021-01-01,USA,41734.676400000004,588493.673,0.0709
Liberty County,2021-01-01,USA,76967.70248000002,1084879.85,0.0709
Dare County,2021-01-01,USA,26883.728549999993,379353.053,0.0709
Naples Urban Area,2021-01-01,USA,273145.89353999996,3857513.344,0.0708
Kimble County,2021-01-01,USA,2777.5677100000003,39313.936,0.0707
Jacksonville Urban Area,2021-01-01,USA,1794162.2813,25393661.342,0.0707
Billings County,2021-01-01,USA,816.9366299999999,11577.99,0.0706
McCulloch County,2021-01-01,USA,8713.460459999998,123435.532,0.0706
Massac County,2021-01-01,USA,24427.157410000007,347186.784,0.0704
Whitley County,2021-01-01,USA,74400.53359000002,1056550.78,0.0704
Gallatin County,2021-01-01,USA,3777.14705,53710.985,0.0703
Washington County,2021-01-01,USA,44156.10807000001,629178.276,0.0702
Rooks County,2021-01-01,USA,4022.2787900000003,57313.608,0.0702
Mills County,2021-01-01,USA,1550.34359,22124.491,0.0701
Marengo County,2021-01-01,USA,19993.043729999994,285249.337,0.0701
Greene County,2021-01-01,USA,7043.72212,100663.365,0.07
McPherson County,2021-01-01,USA,12.380379999999997,176.806,0.07
Leon County,2021-01-01,USA,15054.382450000003,215707.194,0.0698
Marion County,2021-01-01,USA,37884.09648,544866.558,0.0695
Stewart County,2021-01-01,USA,18644.729710000014,268861.242,0.0693
Early County,2021-01-01,USA,18229.275749999993,263135.687,0.0693
Kiowa County,2021-01-01,USA,6575.706070000001,95006.871,0.0692
Indian River County,2021-01-01,USA,93111.17350999995,1345441.867,0.0692
Trego County,2021-01-01,USA,6313.9204199999995,91255.094,0.0692
Union County,2021-01-01,USA,100984.83923,1458875.135,0.0692
Navarre Urban Area,2021-01-01,USA,117360.82339000002,1698212.741,0.0691
Dougherty County,2021-01-01,USA,233436.7043399999,3381251.014,0.069
Cottle County,2021-01-01,USA,528.0850199999999,7658.889,0.069
Humphreys County,2021-01-01,USA,32162.445939999994,466917.593,0.0689
Duval County,2021-01-01,USA,1687975.2038100003,24513913.022,0.0689
Chattahoochee County,2021-01-01,USA,2230.0302299999994,32353.939,0.0689
Lincoln County,2021-01-01,USA,7938.491680000001,115578.089,0.0687
Pittsburg County,2021-01-01,USA,51262.89545,747625.145,0.0686
Kiowa County,2021-01-01,USA,275.4033599999999,4014.075,0.0686
Itawamba County,2021-01-01,USA,28557.901170000012,416469.172,0.0686
Smith County,2021-01-01,USA,2983.38711,43512.723,0.0686
Georgetown County,2021-01-01,USA,56847.205509999985,829764.058,0.0685
Hitchcock County,2021-01-01,USA,4585.07025,66887.132,0.0685
Montgomery County,2021-01-01,USA,76915.05515,1125164.167,0.0684
Appling County,2021-01-01,USA,25236.60617,369576.366,0.0683
Lafourche Parish,2021-01-01,USA,98394.23119000002,1448046.001,0.0679
Lea County,2021-01-01,USA,123796.91133999999,1823662.836,0.0679
Osborne County,2021-01-01,USA,5036.245269999999,74135.255,0.0679
Plaquemines Parish,2021-01-01,USA,73715.62842999998,1087623.968,0.0678
Switzerland County,2021-01-01,USA,3327.3183199999994,49198.671,0.0676
Hudspeth County,2021-01-01,USA,171.0271,2535.446,0.0675
Sargent County,2021-01-01,USA,10148.78958,150626.984,0.0674
Comanche County,2021-01-01,USA,7147.608509999996,106002.322,0.0674
Elko County,2021-01-01,USA,22208.903200000004,331009.877,0.0671
Yoakum County,2021-01-01,USA,16390.095940000007,244414.409,0.0671
Randolph County,2021-01-01,USA,45569.26016999999,680622.574,0.067
Gila County,2021-01-01,USA,21374.261370000004,319012.15,0.067
Gove County,2021-01-01,USA,2832.3422799999994,42394.342,0.0668
McCracken County,2021-01-01,USA,150789.42815999998,2257730.098,0.0668
Mitchell County,2021-01-01,USA,7405.16106,111289.216,0.0665
New Madrid County,2021-01-01,USA,32660.42755,490976.001,0.0665
Young County,2021-01-01,USA,21215.878470000003,319010.285,0.0665
Heard County,2021-01-01,USA,24023.375689999997,361835.213,0.0664
Nemaha County,2021-01-01,USA,11780.899769999998,177426.766,0.0664
Shackelford County,2021-01-01,USA,2554.151070000001,38518.613,0.0663
De Soto Parish,2021-01-01,USA,16506.85799,249447.036,0.0662
Putnam County,2021-01-01,USA,76251.16678,1152811.642,0.0661
Dallam County,2021-01-01,USA,12056.149280000003,183123.859,0.0658
Runnels County,2021-01-01,USA,8931.857710000002,136340.388,0.0655
Scurry County,2021-01-01,USA,43534.778300000005,664909.759,0.0655
Gates County,2021-01-01,USA,276.58224,4220.784,0.0655
Divide County,2021-01-01,USA,2532.4494799999993,38722.7,0.0654
Sherman County,2021-01-01,USA,11950.850419999999,182925.084,0.0653
Brewster County,2021-01-01,USA,1576.6752499999996,24131.563,0.0653
Logan County,2021-01-01,USA,61938.784260000015,950257.163,0.0652
Box Butte County,2021-01-01,USA,24659.000139999993,378959.304,0.0651
Lawrence County,2021-01-01,USA,13725.058560000001,212214.762,0.0647
Livingston County,2021-01-01,USA,28669.682890000007,443371.519,0.0647
Beaver County,2021-01-01,USA,4211.485830000001,65270.914,0.0645
Lincoln County,2021-01-01,USA,44600.64648000001,692402.326,0.0644
Eastland County,2021-01-01,USA,13161.738080000001,206729.627,0.0637
Wilbarger County,2021-01-01,USA,11487.96784,180450.883,0.0637
Jasper County,2021-01-01,USA,5917.21251,92990.802,0.0636
Mohave County,2021-01-01,USA,130762.42291999997,2058407.905,0.0635
Clay County,2021-01-01,USA,9436.238389999999,149044.028,0.0633
Baylor County,2021-01-01,USA,3904.2044000000005,61674.849,0.0633
Little River County,2021-01-01,USA,21466.84003,339388.664,0.0633
Monroe County,2021-01-01,USA,25088.828430000005,397003.096,0.0632
Gulf County,2021-01-01,USA,8062.7105,127474.076,0.0632
La Salle County,2021-01-01,USA,6115.628989999999,96910.502,0.0631
Hopewell Independent City,2021-01-01,USA,85427.35792999998,1355118.71,0.063
De Witt County,2021-01-01,USA,19060.306970000005,303670.624,0.0628
Porter County,2021-01-01,USA,263216.06708,4196415.988,0.0627
Glynn County,2021-01-01,USA,127499.80388999998,2034842.911,0.0627
Iberia Parish,2021-01-01,USA,147772.79202,2363357.07,0.0625
Adams County,2021-01-01,USA,131639.16521,2105497.37,0.0625
Clark County,2021-01-01,USA,268.49956,4313.438,0.0622
Posey County,2021-01-01,USA,64137.065720000006,1031352.052,0.0622
Dolores County,2021-01-01,USA,41.004220000000004,660.965,0.062
Crawford County,2021-01-01,USA,30515.49557999999,493463.785,0.0618
Red Willow County,2021-01-01,USA,16322.257759999997,264674.774,0.0617
Wright County,2021-01-01,USA,42451.78396000001,688095.635,0.0617
Gray County,2021-01-01,USA,31341.033580000003,509832.589,0.0615
Andrews County,2021-01-01,USA,22686.944719999996,368948.109,0.0615
Mountrail County,2021-01-01,USA,42876.260440000005,698180.841,0.0614
Decatur County,2021-01-01,USA,43709.32234000002,715666.864,0.0611
Cheyenne County,2021-01-01,USA,6855.579259999998,112352.615,0.061
Washington County,2021-01-01,USA,22664.026830000006,372016.101,0.0609
Gallatin County,2021-01-01,USA,24324.460460000013,401066.215,0.0606
Kemper County,2021-01-01,USA,5933.933349999999,98587.825,0.0602
Lowndes County,2021-01-01,USA,111914.37458999999,1863075.37,0.0601
Sully County,2021-01-01,USA,5027.340319999998,83641.358,0.0601
Fisher County,2021-01-01,USA,1034.89748,17316.439,0.0598
San Patricio County,2021-01-01,USA,87707.16108000002,1470167.978,0.0597
Pershing County,2021-01-01,USA,401.0368400000001,6725.623,0.0596
Dunn County,2021-01-01,USA,15958.228879999999,268088.176,0.0595
Barnwell County,2021-01-01,USA,36330.83080999999,610805.181,0.0595
Osceola County,2021-01-01,USA,11707.541080000005,196957.384,0.0594
Noble County,2021-01-01,USA,12827.915329999996,216497.489,0.0593
Carroll County,2021-01-01,USA,11220.53414,190325.932,0.059
Ochiltree County,2021-01-01,USA,9844.340549999999,168937.612,0.0583
Morris County,2021-01-01,USA,25094.109409999994,430301.77,0.0583
Panama City Urban Area,2021-01-01,USA,139475.96177,2401506.899,0.0581
Humboldt County,2021-01-01,USA,11904.940640000004,205240.683,0.058
Live Oak County,2021-01-01,USA,16877.67022,294102.392,0.0574
Orange County,2021-01-01,USA,115584.28608,2038532.601,0.0567
Jackson County,2021-01-01,USA,163500.45206000004,2910120.352,0.0562
Mayes County,2021-01-01,USA,67283.43951999999,1200490.836,0.056
Tyler County,2021-01-01,USA,6587.86541,118480.001,0.0556
Savannah Urban Area,2021-01-01,USA,724406.30259,13049212.641,0.0555
Bay County,2021-01-01,USA,142766.93546,2571283.042,0.0555
Martin County,2021-01-01,USA,1856.4963100000004,33593.966,0.0553
Ballard County,2021-01-01,USA,11401.514899999998,206150.067,0.0553
Klickitat County,2021-01-01,USA,19537.61092,357688.933,0.0546
Lawrence County,2021-01-01,USA,26104.14718,480119.331,0.0544
Ascension Parish,2021-01-01,USA,174987.46365,3228389.147,0.0542
White Pine County,2021-01-01,USA,3364.8203300000005,62052.747,0.0542
Midland Urban Area,2021-01-01,USA,311080.2200999999,5742151.969,0.0542
Livingston County,2021-01-01,USA,565.4920899999998,10634.793,0.0532
Wyoming County,2021-01-01,USA,30021.439430000006,566125.563,0.053
Odessa Urban Area,2021-01-01,USA,369647.63016999996,7005560.802,0.0528
Sheridan County,2021-01-01,USA,392.84436000000017,7443.333,0.0528
Terrell County,2021-01-01,USA,174.88104000000004,3315.974,0.0527
Jerauld County,2021-01-01,USA,2957.49634,56093.356,0.0527
Liberty County,2021-01-01,USA,1884.84012,35934.524,0.0525
Saint Mary Parish,2021-01-01,USA,98259.86147000002,1883011.444,0.0522
Dimmit County,2021-01-01,USA,4618.06136,88572.317,0.0521
Carter County,2021-01-01,USA,94668.59124999998,1828313.399,0.0518
Perry County,2021-01-01,USA,12057.305240000003,233714.824,0.0516
West Baton Rouge Parish,2021-01-01,USA,83950.27163000003,1643309.155,0.0511
Ector County,2021-01-01,USA,396813.7635400001,7810190.398,0.0508
Chatham County,2021-01-01,USA,605986.5063700001,11996407.863,0.0505
Greeley County,2021-01-01,USA,1291.085,25737.285,0.0502
Terry County,2021-01-01,USA,17036.350260000007,344617.732,0.0494
Pecos County,2021-01-01,USA,6392.76963,129591.523,0.0493
Port Arthur Urban Area,2021-01-01,USA,578421.7244700001,11740454.098,0.0493
Bowman County,2021-01-01,USA,2000.39728,41086.353,0.0487
Hamilton County,2021-01-01,USA,11599.859900000001,241722.387,0.048
East Feliciana Parish,2021-01-01,USA,7898.094560000001,165535.022,0.0477
Navajo County,2021-01-01,USA,72530.31644,1522357.53,0.0476
Sterling County,2021-01-01,USA,752.1272099999998,15848.914,0.0475
Dewey County,2021-01-01,USA,2823.10063,59976.934,0.0471
Colbert County,2021-01-01,USA,103396.15623000001,2206310.899,0.0469
Wheeler County,2021-01-01,USA,3941.8956600000006,84076.793,0.0469
Ford County,2021-01-01,USA,21709.05298,464512.157,0.0467
Putnam County,2021-01-01,USA,11540.325359999997,249847.543,0.0462
Jefferson County,2021-01-01,USA,485884.82125,10529548.222,0.0461
Oliver County,2021-01-01,USA,542.0654200000002,12129.935,0.0447
Ward County,2021-01-01,USA,16330.834439999999,365468.15,0.0447
Lyon County,2021-01-01,USA,20347.365119999995,458745.224,0.0444
Jackson County,2021-01-01,USA,29121.625509999998,672111.45,0.0433
Mercer County,2021-01-01,USA,8908.9173,206306.335,0.0432
Lowndes County,2021-01-01,USA,11208.166350000001,265887.359,0.0422
Monroe County,2021-01-01,USA,11660.803179999997,276952.91,0.0421
Midland County,2021-01-01,USA,367696.21696,8753996.923,0.042
Hamilton County,2021-01-01,USA,892.5070000000002,21562.541,0.0414
Moore County,2021-01-01,USA,33548.5072,812201.341,0.0413
Churchill County,2021-01-01,USA,6299.766150000001,155919.754,0.0404
Assumption Parish,2021-01-01,USA,3584.4713500000003,89467.731,0.0401
Hertford County,2021-01-01,USA,17899.401009999998,448258.917,0.0399
Morgan County,2021-01-01,USA,202980.31537000003,5135038.79,0.0395
Cimarron County,2021-01-01,USA,330.11725999999993,8463.705,0.039
Morrow County,2021-01-01,USA,16292.547059999997,417815.433,0.039
Spencer County,2021-01-01,USA,24329.25488,638051.264,0.0381
Lake Charles Urban Area,2021-01-01,USA,250077.86387,6563389.518,0.0381
Calcasieu Parish,2021-01-01,USA,289589.92952000006,7635168.982,0.0379
Hutchinson County,2021-01-01,USA,45205.20036999999,1196474.383,0.0378
Eureka County,2021-01-01,USA,231.61128999999997,6154.193,0.0376
Carroll County,2021-01-01,USA,50753.359899999974,1373536.201,0.037
McKenzie County,2021-01-01,USA,29849.90144000001,808113.249,0.0369
Coke County,2021-01-01,USA,2567.17606,69610.783,0.0369
Lake Michigan,2021-01-01,USA,26238.44042999999,715957.512,0.0366
Iberville Parish,2021-01-01,USA,79630.64631000001,2245854.279,0.0355
Hemphill County,2021-01-01,USA,3163.9274499999997,89033.442,0.0355
Platte County,2021-01-01,USA,8459.21534,246118.167,0.0344
Winkler County,2021-01-01,USA,4545.01268,132923.475,0.0342
Presidio County,2021-01-01,USA,7167.1758199999995,210998.032,0.034
Mineral County,2021-01-01,USA,241.96027,7159.352,0.0338
Linn County,2021-01-01,USA,6355.822180000003,189790.404,0.0335
Washington County,2021-01-01,USA,23693.953269999995,709039.556,0.0334
Esmeralda County,2021-01-01,USA,176.95505000000003,5330.412,0.0332
Lake Havasu City Urban Area,2021-01-01,USA,32121.167040000004,979027.272,0.0328
Saint James Parish,2021-01-01,USA,54674.909340000006,1753179.713,0.0312
Reeves County,2021-01-01,USA,5503.505660000001,178114.228,0.0309
Carson County,2021-01-01,USA,5061.651569999999,164924.043,0.0307
Milam County,2021-01-01,USA,16118.992639999993,527552.638,0.0306
Choctaw County,2021-01-01,USA,7861.44583,259855.45,0.0303
Marshall County,2021-01-01,USA,50875.43967999999,1688582.493,0.0301
Grant County,2021-01-01,USA,3741.3302199999994,127544.204,0.0293
Lamb County,2021-01-01,USA,4840.690549999998,167226.297,0.0289
Mississippi County,2021-01-01,USA,67554.29912999997,2347599.733,0.0288
Crockett County,2021-01-01,USA,1395.9781400000002,49345.192,0.0283
Crane County,2021-01-01,USA,8080.1750699999975,298762.432,0.027
Graham County,2021-01-01,USA,29695.92983,1153237.714,0.0258
Surry County,2021-01-01,USA,2025.6507,80840.12,0.0251
Fall River County,2021-01-01,USA,2153.32233,86512.586,0.0249
Beaver County,2021-01-01,USA,2279.6523999999995,91398.612,0.0249
Hancock County,2021-01-01,USA,16721.438229999996,699910.206,0.0239
Wilcox County,2021-01-01,USA,6220.308569999998,266658.557,0.0233
Lincoln County,2021-01-01,USA,422.5294999999999,18197.563,0.0232
Nye County,2021-01-01,USA,2968.19339,132596.347,0.0224
Yukon-Koyukuk Census Area,2021-01-01,USA,1809.3540100000002,81650.347,0.0222
Stonewall County,2021-01-01,USA,118.60298999999998,5430.245,0.0218
Calhoun County,2021-01-01,USA,30558.108819999994,1649789.01,0.0185
Millard County,2021-01-01,USA,3604.54717,200895.707,0.0179
Hyde County,2021-01-01,USA,3675.7361,205360.721,0.0179
Cameron Parish,2021-01-01,USA,5478.562160000001,359776.368,0.0152
Reagan County,2021-01-01,USA,1034.1663400000004,71201.921,0.0145
McMullen County,2023-03-01,USA,586.4324,40616.852,0.0144
Gilliam County,2021-01-01,USA,1380.72444,97984.389,0.0141
Jackson County,2021-01-01,USA,6840.11574,532828.037,0.0128
Glasscock County,2021-01-01,USA,493.0257200000002,44542.963,0.0111
Loving County,2021-01-01,USA,146.74552999999995,14963.726,0.0098
Jeff Davis County,2021-01-01,USA,549.3071500000001,68511.257,0.008
Upton County,2021-01-01,USA,662.1724,90648.853,0.0073
Irion County,2021-01-01,USA,131.58664,21266.628,0.0062
Culberson County,2021-01-01,USA,31.992759999999997,6508.301,0.0049
Butte County,2021-01-01,USA,1735.6430799999998,507928.906,0.0034
Storey County,2021-01-01,USA,2001.2046100000007,881113.199,0.0023
Kent County,2021-01-01,USA,141.60272999999998,73158.988,0.0019
